StockCode,Description,net_quantity,net_sales
22423,REGENCY CAKESTAND 3 TIER,12996,164459.49
47566,PARTY BUNTING,18006,98243.88
85123A,WHITE HANGING HEART T-LIGHT HOLDER,35002,97659.94
85099B,JUMBO BAG RED RETROSPOT,47256,92175.79
23084,RABBIT NIGHT LIGHT,30631,66661.63
22086,PAPER CHAIN KIT 50'S CHRISTMAS ,18876,63715.240000000005
84879,ASSORTED COLOUR BIRD ORNAMENT,36282,58792.42
79321,CHILLI LIGHTS,10222,53746.66
23298,SPOTTY BUNTING,8210,42030.670000000006
22386,JUMBO BAG PINK POLKADOT,20992,41584.43
21137,BLACK RECORD COVER FRAME,11636,40578.21
22502,PICNIC BASKET WICKER 60 PIECES,61,39619.5
22720,SET OF 3 CAKE TINS PANTRY DESIGN ,7329,37378.79
23284,DOORMAT KEEP CALM AND COME IN,5262,36532.39
22960,JAM MAKING SET WITH JARS,8448,36069.34
82484,WOOD BLACK BOARD ANT WHITE FINISH,5988,35795.97
20725,LUNCH BAG RED RETROSPOT,18658,34717.659999999996
22197,POPCORN HOLDER,36322,33959.26
22114,HOT WATER BOTTLE TEA AND SYMPATHY,5658,32663.34
22178,VICTORIAN GLASS HANGING T-LIGHT,23825,32508.42
22112,CHOCOLATE HOT WATER BOTTLE,5889,32277.7
85099F,JUMBO BAG STRAWBERRY,16987,32047.1
22910,PAPER CHAIN KIT VINTAGE CHRISTMAS,10243,31912.390000000003
22469,HEART OF WICKER SMALL,17828,31886.649999999998
23245,SET OF 3 REGENCY CAKE TINS,6255,30697.050000000003
22727,ALARM CLOCK BAKELIKE RED ,7729,30378.62
21931,JUMBO STORAGE BAG SUKI,13317,30161.68
22470,HEART OF WICKER LARGE,9819,29908.61
23199,JUMBO BAG APPLES,14185,29141.44
22355,CHARLOTTE BAG SUKI DESIGN,17974,29140.559999999998
23355,HOT WATER BOTTLE KEEP CALM,5720,28301.2
22411,JUMBO SHOPPER VINTAGE RED PAISLEY,12220,27954.63
22699,ROSES REGENCY TEACUP AND SAUCER ,9427,27906.57
22457,NATURAL SLATE HEART CHALKBOARD ,9067,27839.010000000002
20685,DOORMAT RED RETROSPOT,4022,27588.32
85099C,JUMBO  BAG BAROQUE BLACK WHITE,13619,27536.86
22726,ALARM CLOCK BAKELIKE GREEN,6378,27001.53
23201,JUMBO BAG ALPHABET,12772,26774.81
21915,RED  HARMONICA IN BOX ,21836,26210.33
84347,ROTATING SILVER ANGELS T-LIGHT HLDR,85,26103.98
22666,RECIPE BOX PANTRY YELLOW DESIGN,8118,25798.9
22629,SPACEBOY LUNCH BOX ,14195,25626.32
48138,DOORMAT UNION FLAG,3739,25436.65
22961,JAM MAKING SET PRINTED,16065,25212.03
21181,PLEASE ONE PERSON METAL SIGN,12187,25055.780000000002
23173,REGENCY TEAPOT ROSES ,2714,24442.73
22722,SET OF 6 SPICE TINS PANTRY DESIGN,5936,24318.260000000002
21621,VINTAGE UNION JACK BUNTING,2759,24287.83
22326,ROUND SNACK BOXES SET OF4 WOODLAND ,8495,24246.870000000003
48187,DOORMAT NEW ENGLAND,3803,24076.59
22111,SCOTTIE DOG HOT WATER BOTTLE,4526,23910.940000000002
22138,BAKING SET 9 PIECE RETROSPOT ,4869,23874.170000000002
21731,RED TOADSTOOL LED NIGHT LIGHT,13815,23638.48
23203,JUMBO BAG VINTAGE DOILY ,10880,23458.44
22189,CREAM HEART CARD HOLDER,8276,23404.22
23344,JUMBO BAG 50'S CHRISTMAS ,10023,23285.11
21733,RED HANGING HEART T-LIGHT HOLDER,7815,23046.29
23243,SET OF TEA COFFEE SUGAR TINS PANTRY,4683,22943.87
21623,VINTAGE UNION JACK MEMOBOARD,3265,22940.44
21929,JUMBO BAG PINK VINTAGE PAISLEY,10784,22791.99
22139,RETROSPOT TEA SET CERAMIC 11 PC ,4476,22672.960000000003
22090,PAPER BUNTING RETROSPOT,7490,22588.66
20713,JUMBO BAG OWLS,11186,22569.63
82482,WOODEN PICTURE FRAME WHITE FINISH,8753,22475.510000000002
22697,GREEN REGENCY TEACUP AND SAUCER,7135,22362.45
85066,CREAM SWEETHEART MINI CHEST,1743,22146.15
20727,LUNCH BAG  BLACK SKULL.,12067,22144.76
48194,DOORMAT HEARTS,3413,22090.57
21175,GIN + TONIC DIET METAL SIGN,9679,22017.14
15056N,EDWARDIAN PARASOL NATURAL,3893,21815.24
84029E,RED WOOLLY HOTTIE WHITE HEART.,4667,21769.280000000002
20712,JUMBO BAG WOODLAND ANIMALS,9533,21665.96
20724,RED RETROSPOT CHARLOTTE BAG,17538,21603.079999999998
21523,DOORMAT FANCY FONT HOME SWEET HOME,3240,21553.69
20728,LUNCH BAG CARS BLUE,11572,21371.98
23202,JUMBO BAG VINTAGE LEAF,10699,21367.97
22630,DOLLY GIRL LUNCH BOX,11505,21131.14
21212,PACK OF 72 RETROSPOT CAKE CASES,36016,21047.07
23206,LUNCH BAG APPLE DESIGN,12088,20755.43
21166,COOK WITH WINE METAL SIGN ,10237,20713.34
22728,ALARM CLOCK BAKELIKE PINK,5315,20518.4
22659,LUNCH BOX I LOVE LONDON,11182,20235.649999999998
21479,WHITE SKULL HOT WATER BOTTLE ,3730,19946.27
48185,DOORMAT FAIRY CAKE,2941,19318.01
84946,ANTIQUE SILVER T-LIGHT GLASS,14348,19032.41
21843,RED RETROSPOT CAKE STAND,1690,18873.8
82494L,WOODEN FRAME ANTIQUE WHITE ,6382,18688.54
22969,HOMEMADE JAM SCENTED CANDLES,12380,18585.35
22383,LUNCH BAG SUKI DESIGN ,10157,18482.03
22467,GUMBALL COAT RACK,7779,18461.170000000002
22501,PICNIC BASKET WICKER LARGE,1502,18429.06
20726,LUNCH BAG WOODLAND,9827,18148.88
15036,ASSORTED COLOURS SILK FAN,23082,18064.16
22693,GROW A FLYTRAP OR SUNFLOWER IN TIN,16172,17837.45
22382,LUNCH BAG SPACEBOY DESIGN ,10268,17788.96
21485,RETROSPOT HEART HOT WATER BOTTLE,3504,17564.98
22865,HAND WARMER OWL DESIGN,8316,17528.08
22328,ROUND SNACK BOXES SET OF 4 FRUITS ,6177,17403.47
20914,SET/5 RED RETROSPOT LID GLASS BOWLS,5966,17322.5
23203,JUMBO BAG DOILEY PATTERNS,8871,17222.93
22384,LUNCH BAG PINK POLKADOT,10335,17152.79
22077,6 RIBBONS RUSTIC CHARM,9138,17130.52
22698,PINK REGENCY TEACUP AND SAUCER,5650,17058.06
22197,SMALL POPCORN HOLDER,20105,17008.66
22385,JUMBO BAG SPACEBOY DESIGN,8548,16856.45
82583,HOT BATHS METAL SIGN,7186,16812.8
22492,MINI PAINT SET VINTAGE ,26437,16810.420000000002
21754,HOME BUILDING BLOCK WORD,2739,16804.870000000003
21928,JUMBO BAG SCANDINAVIAN BLUE PAISLEY,8146,16760.11
20719,WOODLAND CHARLOTTE BAG,13178,16657.05
22993,SET OF 4 PANTRY JELLY MOULDS,12581,16393.48
84978,HANGING HEART JAR T-LIGHT HOLDER,12318,16247.19
22624,IVORY KITCHEN SCALES,1866,16241.01
22835,HOT WATER BOTTLE I AM SO POORLY,3047,16213.26
23301,GARDENERS KNEELING PAD KEEP CALM ,8693,16158.449999999999
84029G,KNITTED UNION FLAG HOT WATER BOTTLE,3305,16090.04
85152,HAND OVER THE CHOCOLATE   SIGN ,8172,15793.51
23313,VINTAGE CHRISTMAS BUNTING,2977,15734.31
22379,RECYCLING BAG RETROSPOT ,6832,15484.94
15056BL,EDWARDIAN PARASOL BLACK,2714,15176.34
84078A,SET/4 WHITE RETRO STORAGE CUBES ,380,15115.050000000001
22084,PAPER CHAIN KIT EMPIRE,5140,14978.42
84997D,CHILDRENS CUTLERY POLKADOT PINK,3662,14478.640000000001
48184,DOORMAT ENGLISH ROSE ,2029,14252.45
22507,MEMO BOARD RETROSPOT  DESIGN,2953,14159.4
22866,HAND WARMER SCOTTY DOG DESIGN,6500,14157.420000000002
21930,JUMBO STORAGE BAG SKULLS,6435,13999.960000000001
22867,HAND WARMER BIRD DESIGN,6380,13950.590000000002
23200,JUMBO BAG PEARS,6933,13945.33
82483,WOOD 2 DRAWER CABINET WHITE FINISH,2183,13898.07
22083,PAPER CHAIN KIT RETROSPOT,4560,13886.44
22625,RED KITCHEN SCALES,1596,13884.15
71477,COLOUR GLASS. STAR T-LIGHT HOLDER,4562,13823.539999999999
22622,BOX OF VINTAGE ALPHABET BLOCKS,1329,13779.96
21232,STRAWBERRY CERAMIC TRINKET BOX,10111,13703.08
23077,DOUGHNUT LIP GLOSS ,10335,13620.77
22847,BREAD BIN DINER STYLE IVORY,857,13617.74
84077,WORLD WAR 2 GLIDERS ASSTD DESIGNS,53751,13560.089999999998
22551,PLASTERS IN TIN SPACEBOY,8045,13554.259999999998
21524,DOORMAT SPOTTY HOME SWEET HOME,1746,13523.16
22752,SET 7 BABUSHKA NESTING BOXES,1663,13475.970000000001
23343,JUMBO BAG VINTAGE CHRISTMAS ,5807,13467.03
22941,CHRISTMAS LIGHTS 10 REINDEER,1619,13366.67
23356,LOVE HOT WATER BOTTLE,2350,13280.77
22554,PLASTERS IN TIN WOODLAND ANIMALS,7774,13280.419999999998
22558,CLOTHES PEGS RETROSPOT PACK 24 ,8634,13259.289999999999
23328,SET 6 SCHOOL MILK BOTTLES IN CRATE,2833,13239.85
23108,SET OF 10 LED DOLLY LIGHTS,2155,12972.92
22499,WOODEN UNION JACK BUNTING,2087,12768.45
22171,3 HOOK PHOTO SHELF ANTIQUE WHITE,1684,12752.460000000001
23207,LUNCH BAG ALPHABET DESIGN,7382,12665.95
22113,GREY HEART HOT WATER BOTTLE,3193,12658.83
20750,RED RETROSPOT MINI CASES,1741,12587.279999999999
22607,WOODEN ROUNDERS GARDEN SET ,1323,12494.67
20749,ASSORTED COLOUR MINI CASES,1754,12486.97
20723,STRAWBERRY CHARLOTTE BAG,9718,12485.44
22188,BLACK HEART CARD HOLDER,4869,12479.27
21790,VINTAGE SNAP CARDS,14436,12437.759999999998
20971,PINK BLUE FELT CRAFT TRINKET BOX,9672,12423.09
21755,LOVE BUILDING BLOCK WORD,2007,12412.060000000001
22427,ENAMEL FLOWER JUG CREAM,2064,12403.36
21977,PACK OF 60 PINK PAISLEY CAKE CASES,24719,12170.77
48188,DOORMAT WELCOME PUPPIES,2059,12066.97
22424,ENAMEL BREAD BIN CREAM,845,12015.73
23174,REGENCY SUGAR BOWL GREEN,2967,11997.230000000001
47590B,PINK HAPPY BIRTHDAY BUNTING,2297,11926.02
22568,FELTCRAFT CUSHION OWL,3215,11873.23
21430,SET/3 RED GINGHAM ROSE STORAGE BOX,2993,11761.92
22158,3 HEARTS HANGING DECORATION RUSTIC,3388,11725.630000000001
22193,RED DINER WALL CLOCK,1376,11664.12
22087,PAPER BUNTING WHITE LACE,4006,11648.78
82486,WOOD S/3 CABINET ANT WHITE FINISH,1373,11636.23
23300,GARDENERS KNEELING PAD CUP OF TEA ,6657,11554.39
22692,DOORMAT WELCOME TO OUR HOME,1519,11515.210000000001
21936,RED RETROSPOT PICNIC BAG,3929,11508.09
21108,FAIRY CAKE FLANNEL ASSORTED COLOUR,7091,11464.86
21217,RED RETROSPOT ROUND CAKE TINS,1079,11432.89
22502,PICNIC BASKET WICKER SMALL,1801,11404.02
23581,JUMBO BAG PAISLEY PARK,4898,11357.07
21216,"SET 3 RETROSPOT TEA,COFFEE,SUGAR",2112,11304.31
21080,SET/20 RED RETROSPOT PAPER NAPKINS ,13185,11298.11
22730,ALARM CLOCK BAKELIKE IVORY,2835,11265.9
22041,"RECORD FRAME 7"" SINGLE SIZE ",4336,11260.81
22356,CHARLOTTE BAG PINK POLKADOT,9450,11216.21
21481,FAWN BLUE HOT WATER BOTTLE,3219,11204.27
22149,FELTCRAFT 6 FLOWER FRIENDS,5447,11198.78
22605,WOODEN CROQUET GARDEN SET,774,11179.21
22413,METAL SIGN TAKE IT OR LEAVE IT ,3756,11042.84
22662,LUNCH BAG DOLLY GIRL DESIGN,6689,11032.83
21340,CLASSIC METAL BIRDCAGE PLANT HOLDER,947,11001.82
20711,JUMBO BAG TOYS ,4985,10974.31
85014B,RED RETROSPOT UMBRELLA,1908,10940.300000000001
23209,LUNCH BAG VINTAGE DOILY ,6512,10737.8
22988,SOLDIERS EGG CUP ,8961,10725.53
22617,BAKING SET SPACEBOY DESIGN,2180,10602.9
85048,15CM CHRISTMAS GLASS BALL 20 LIGHTS,1318,10602.66
22734,SET OF 6 RIBBONS VINTAGE CHRISTMAS,3231,10523.34
23209,LUNCH BAG DOILEY PATTERN ,6547,10495.59
21791,VINTAGE HEADS AND TAILS CARD GAME ,7828,10459.4
21891,TRADITIONAL WOODEN SKIPPING ROPE,8084,10445.529999999999
84755,COLOUR GLASS T-LIGHT HOLDER HANGING,16332,10442.2
47590A,BLUE HAPPY BIRTHDAY BUNTING,1966,10376.95
22570,FELTCRAFT CUSHION RABBIT,2841,10372.62
23208,LUNCH BAG VINTAGE LEAF DESIGN,6235,10332.06
21914,BLUE HARMONICA IN BOX ,7840,10294.81
84997B,CHILDRENS CUTLERY RETROSPOT RED ,2628,10294.36
22846,BREAD BIN DINER STYLE RED ,639,10259.92
84947,ANTIQUE SILVER TEA GLASS ENGRAVED,8620,10191.480000000001
84997C,CHILDRENS CUTLERY POLKADOT BLUE,2576,10127.86
82600,NO SINGING METAL SIGN,4750,10120.460000000001
22970,LONDON BUS COFFEE MUG,4318,10107.0
22169,FAMILY ALBUM WHITE PICTURE FRAME,1165,10088.21
23170,REGENCY TEA PLATE ROSES ,6139,10050.949999999999
22621,TRADITIONAL KNITTING NANCY,6097,9988.9
23582,VINTAGE DOILY JUMBO BAG RED ,4681,9983.73
22633,HAND WARMER UNION JACK,4825,9969.12
20679,EDWARDIAN PARASOL RED,1701,9967.87
48173C,DOORMAT BLACK FLOCK ,1794,9959.710000000001
22556,PLASTERS IN TIN CIRCUS PARADE ,6047,9952.96
21218,RED SPOTTY BISCUIT TIN,2384,9951.24
23171,REGENCY TEA PLATE GREEN ,6150,9905.74
23076,ICE CREAM SUNDAE LIP GLOSS,8048,9900.76
22690,DOORMAT HOME SWEET HOME BLUE ,1613,9895.4
22619,SET OF 6 SOLDIER SKITTLES,2476,9880.04
22555,PLASTERS IN TIN STRONGMAN,5989,9807.179999999998
21559,STRAWBERRY LUNCH BOX WITH CUTLERY,3919,9700.13
22654,DELUXE SEWING KIT ,1378,9699.65
22791,T-LIGHT GLASS FLUTED ANTIQUE,7778,9681.130000000001
23240,SET OF 4 KNICK KNACK TINS DOILY ,2325,9614.83
22766,PHOTO FRAME CORNICE,3214,9598.74
22560,TRADITIONAL MODELLING CLAY,8143,9571.26
22144,CHRISTMAS CRAFT LITTLE FRIENDS,4029,9569.880000000001
21314,SMALL GLASS HEART TRINKET POT,4107,9528.83
22569,FELTCRAFT CUSHION BUTTERFLY,2565,9452.45
22844,VINTAGE CREAM DOG FOOD CONTAINER,975,9433.52
21174,POTTERING IN THE SHED METAL SIGN,4175,9405.76
35970,ZINC FOLKART SLEIGH BELLS,4977,9391.56
85150,LADIES & GENTLEMEN METAL SIGN,4032,9371.13
23175,REGENCY MILK JUG PINK ,3080,9361.65
22952,60 CAKE CASES VINTAGE CHRISTMAS,15720,9358.470000000001
84375,SET OF 20 KIDS COOKIE CUTTERS,4298,9355.85
22561,WOODEN SCHOOL COLOURING SET,5607,9336.57
22978,PANTRY ROLLING PIN,2389,9292.369999999999
22191,IVORY DINER WALL CLOCK,1101,9257.95
22749,FELTCRAFT PRINCESS CHARLOTTE DOLL,2362,9216.16
22456,NATURAL SLATE CHALKBOARD LARGE ,1659,9207.87
22966,GINGERBREAD MAN COOKIE CUTTER,7435,9195.9
22992,REVOLVER WOODEN RULER ,4517,9180.59
20972,PINK CREAM FELT CRAFT TRINKET BOX ,7313,9098.06
84991,60 TEATIME FAIRY CAKE CASES,18015,9074.27
48116,DOORMAT MULTICOLOUR STRIPE,1488,9056.53
22776,SWEETHEART CAKESTAND 3 TIER,889,9044.25
23080,RED METAL BOX TOP SECRET,1063,9026.87
22759,SET OF 3 NOTEBOOKS IN PARCEL,5411,8987.839999999998
23319,BOX OF 6 MINI 50'S CRACKERS,3604,8974.560000000001
22729,ALARM CLOCK BAKELIKE ORANGE,2292,8953.06
22989,SET 2 PANTRY DESIGN TEA TOWELS,2787,8921.27
22771,CLEAR DRAWER KNOB ACRYLIC EDWARDIAN,6509,8892.94
23439,HAND WARMER RED LOVE HEART,3986,8855.51
82582,AREA PATROLLED METAL SIGN,4346,8818.890000000001
21889,WOODEN BOX OF DOMINOES,6364,8814.79
23318,BOX OF 6 MINI VINTAGE CRACKERS,3641,8793.7
21155,RED RETROSPOT PEG BAG,2917,8785.7
23322,LARGE WHITE HEART OF WICKER,3006,8708.36
22632,HAND WARMER RED RETROSPOT,4319,8698.68
84945,MULTI COLOUR SILVER T-LIGHT HOLDER,10442,8646.97
22947,WOODEN ADVENT CALENDAR RED,740,8641.32
22652,TRAVEL SEWING KIT,5076,8587.32
23078,ICE CREAM PEN LIP GLOSS ,6783,8493.34
22795,SWEETHEART RECIPE BOOK STAND,1194,8492.8
22273,FELTCRAFT DOLL MOLLY,3062,8488.94
23493,VINTAGE DOILY TRAVEL SEWING KIT,3958,8486.58
71459,HANGING JAM JAR T-LIGHT HOLDER,10666,8457.51
23082,SET 6 PAPER TABLE LANTERN HEARTS ,2300,8455.6
84378,SET OF 3 HEART COOKIE CUTTERS,6260,8428.4
21213,PACK OF 72 SKULL CAKE CASES,15121,8388.19
23321,SMALL WHITE HEART OF WICKER,4677,8374.189999999999
21484,CHICK GREY HOT WATER BOTTLE,1823,8347.82
21210,SET OF 72 RETROSPOT PAPER  DOILIES,5675,8194.74
23256,CHILDRENS CUTLERY SPACEBOY ,1989,8179.67
72741,GRAND CHOCOLATECANDLE,5933,8159.75
22838,3 TIER CAKE TIN RED AND CREAM,561,8093.51
22900, SET 2 TEA TOWELS I LOVE LONDON ,2775,8056.65
84380,SET OF 3 BUTTERFLY COOKIE CUTTERS,5724,8054.81
22192,BLUE DINER WALL CLOCK,933,8020.99
21035,SET/2 RED RETROSPOT TEA TOWELS ,2399,7986.85
22725,ALARM CLOCK BAKELIKE CHOCOLATE,1932,7973.6
22616,PACK OF 12 LONDON TISSUES ,26095,7967.82
21121,SET/10 RED POLKADOT PARTY CANDLES,6534,7908.85
22768,FAMILY PHOTO FRAME CORNICE,831,7903.29
71053,WHITE METAL LANTERN,1836,7898.0
21770,OPEN CLOSED METAL SIGN,1632,7894.2300000000005
22909,SET OF 20 VINTAGE CHRISTMAS NAPKINS,8717,7845.99
22352,LUNCH BOX WITH CUTLERY RETROSPOT ,3072,7820.17
22667,RECIPE BOX RETROSPOT ,2801,7819.75
22940,FELTCRAFT CHRISTMAS FAIRY,1881,7790.75
21136,PAINTED METAL PEARS ASSORTED,4678,7777.93
22557,PLASTERS IN TIN VINTAGE PAISLEY ,4685,7717.689999999999
23238,SET OF 4 KNICK KNACK TINS LONDON ,1833,7706.01
21908,CHOCOLATE THIS WAY METAL SIGN,3745,7697.620000000001
48111,DOORMAT 3 SMILEY CATS,1170,7692.58
22487,WHITE WOOD GARDEN PLANT LADDER,759,7676.48
22968,ROSE COTTAGE KEEPSAKE BOX ,774,7663.13
23007, SPACEBOY BABY GIFT SET,492,7640.049999999999
84970S,HANGING HEART ZINC T-LIGHT HOLDER,8854,7630.11
23204,CHARLOTTE BAG APPLES DESIGN,7790,7603.599999999999
47566B,TEA TIME PARTY BUNTING,955,7582.320000000001
21955,DOORMAT UNION JACK GUNS AND ROSES,1228,7580.82
22147,FELTCRAFT BUTTERFLY HEARTS,5349,7517.49
22585,PACK OF 6 BIRDY GIFT TAGS,6176,7491.64
84406B,CREAM CUPID HEARTS COAT HANGER,1973,7490.67
22173,METAL 4 HOOK HANGER FRENCH CHATEAU,2343,7488.03
22750,FELTCRAFT PRINCESS LOLA DOLL,1995,7469.33
22367,CHILDRENS APRON SPACEBOY DESIGN,3714,7440.33
21231,SWEETHEART CERAMIC TRINKET BOX,5897,7429.2
22627,MINT KITCHEN SCALES,837,7404.68
21668,RED STRIPE CERAMIC DRAWER KNOB,5410,7378.49
22381,TOY TIDY PINK POLKADOT,3412,7377.29
84836,ZINC METAL HEART DECORATION,5902,7374.32
22741,FUNKY DIVA PEN,8496,7320.509999999999
23382,BOX OF 6 CHRISTMAS CAKE DECORATIONS,1858,7292.43
21169,YOU'RE CONFUSING ME METAL SIGN ,4395,7272.55
84949,SILVER HANGING T-LIGHT HOLDER,4526,7210.289999999999
23240,SET OF 4 KNICK KNACK TINS DOILEY ,1796,7153.740000000001
22631,CIRCUS PARADE LUNCH BOX ,3644,7135.219999999999
22485,SET OF 2 WOODEN MARKET CRATES,520,7113.849999999999
22505,MEMO BOARD COTTAGE DESIGN,1452,7059.67
21912,VINTAGE SNAKES & LADDERS,1786,7047.7
23083,SET 6 PAPER TABLE LANTERN STARS ,1869,7036.7300000000005
22663,JUMBO BAG DOLLY GIRL DESIGN,3408,7029.75
23320,GIANT 50'S CHRISTMAS CRACKER,2648,7016.0
21258,VICTORIAN SEWING BOX LARGE,471,6995.05
22553,PLASTERS IN TIN SKULLS,4158,6993.5199999999995
21259,VICTORIAN SEWING BOX SMALL ,1163,6985.0
21669,BLUE STRIPE CERAMIC DRAWER KNOB,5172,6976.14
22637,PIGGY BANK RETROSPOT ,2705,6974.9800000000005
23293,SET OF 12 FAIRY CAKE BAKING CASES,8439,6962.98
21922,UNION STRIPE WITH FRINGE  HAMMOCK,898,6944.360000000001
21094,SET/6 RED SPOTTY PAPER PLATES,8758,6933.259999999999
21165,BEWARE OF THE CAT METAL SIGN ,4142,6915.42
22333,RETROSPOT PARTY BAG + STICKER SET,4410,6908.639999999999
22170,PICTURE FRAME WOOD TRIPLE PORTRAIT,1049,6858.95
21326,AGED GLASS SILVER T-LIGHT HOLDER,10514,6845.62
22767,TRIPLE PHOTO FRAME CORNICE ,739,6825.299999999999
23215,JINGLE BELL HEART ANTIQUE SILVER,3444,6823.6
84997A,CHILDRENS CUTLERY POLKADOT GREEN ,1715,6814.47
21257,VICTORIAN SEWING BOX MEDIUM,676,6813.0199999999995
22109,FULL ENGLISH BREAKFAST PLATE,1607,6806.76
22834,HAND WARMER BABUSHKA DESIGN,4738,6799.28
22946,WOODEN ADVENT CALENDAR CREAM,436,6792.47
22634,CHILDS BREAKFAST SET SPACEBOY ,722,6779.45
22839,3 TIER CAKE TIN GREEN AND CREAM,431,6772.37
22620,4 TRADITIONAL SPINNING TOPS,4879,6769.3099999999995
22294,HEART FILIGREE DOVE  SMALL,5423,6762.58
23297,SET 40 HEART SHAPE PETIT FOUR CASES,4277,6749.33
23541,WALL ART CLASSIC PUDDINGS ,862,6746.21
22840,ROUND CAKE TIN VINTAGE RED,893,6745.79
21787,RAIN PONCHO RETROSPOT,8347,6741.1
20969,RED FLORAL FELTCRAFT SHOULDER BAG,1815,6737.52
21672,WHITE SPOT RED CERAMIC DRAWER KNOB,4933,6698.45
23254,CHILDRENS CUTLERY DOLLY GIRL ,1647,6670.71
84988,SET OF 72 PINK HEART PAPER DOILIES,4298,6652.4
23480,MINI LIGHTS WOODLAND MUSHROOMS,1778,6651.04
22950,36 DOILIES VINTAGE CHRISTMAS,4847,6648.08
85014A,BLACK/BLUE POLKADOT UMBRELLA,1157,6643.02
75049L,LARGE CIRCULAR MIRROR MOBILE,6874,6608.78
21888,BINGO SET,1673,6603.29
23008,DOLLY GIRL BABY GIFT SET,426,6600.959999999999
22943,CHRISTMAS LIGHTS 10 VINTAGE BAUBLES,1321,6589.97
23247,BISCUIT TIN 50'S CHRISTMAS,2148,6562.71
20718,RED RETROSPOT SHOPPER BAG,4734,6561.3
22580,ADVENT CALENDAR GINGHAM SACK,1250,6533.24
22668,PINK BABY BUNTING,2119,6520.969999999999
23229,VINTAGE DONKEY TAIL GAME ,1804,6509.28
21533,RETROSPOT LARGE MILK JUG,1319,6503.820000000001
84992,72 SWEETHEART FAIRY CAKE CASES,13189,6470.64
23311,VINTAGE CHRISTMAS STOCKING ,2375,6449.95
23553,LANDMARK FRAME CAMDEN TOWN ,568,6444.65
22508,DOORSTOP RETROSPOT HEART,1572,6443.38
84946,ANTIQUE SILVER TEA GLASS ETCHED,4526,6438.01
23134,LARGE ZINC HEART WALL ORGANISER,1065,6431.110000000001
22141,CHRISTMAS CRAFT TREE TOP ANGEL,2775,6430.1900000000005
21122,SET/10 PINK POLKADOT PARTY CANDLES,5276,6427.29
22991,GIRAFFE WOODEN RULER,3173,6418.99
23103,JINGLE BELL HEART DECORATION,3792,6412.959999999999
23571,TRADITIONAL NAUGHTS & CROSSES,2841,6406.91
22804,CANDLEHOLDER PINK HANGING HEART,2239,6403.39
84030E,ENGLISH ROSE HOT WATER BOTTLE,1494,6401.94
84970L,SINGLE HEART ZINC T-LIGHT HOLDER,6052,6400.12
22655,VINTAGE RED KITCHEN CABINET,50,6394.5
20676,RED RETROSPOT BOWL,5001,6347.31
22900,SET 2 TEA TOWELS I LOVE LONDON ,1916,6329.18
23307,SET OF 60 PANTRY DESIGN CAKE CASES ,11961,6323.490000000001
22895,SET OF 2 TEA TOWELS APPLE AND PEARS,2052,6316.6
21380,WOODEN HAPPY BIRTHDAY GARLAND,2164,6304.56
21935,SUKI  SHOULDER BAG,3392,6296.96
22979,PANTRY WASHING UP BRUSH,3999,6274.2699999999995
23172,REGENCY TEA PLATE PINK,3759,6190.11
22303,COFFEE MUG APPLES DESIGN,2742,6167.1
22784,LANTERN CREAM GAZEBO ,1231,6160.14
82486,3 DRAWER ANTIQUE WHITE WOOD CABINET,693,6121.79
23192,BUNDLE OF 3 ALPHABET EXERCISE BOOKS,3513,6109.289999999999
21154,RED RETROSPOT OVEN GLOVE ,3822,6093.51
21975,PACK OF 60 DINOSAUR CAKE CASES,12241,6066.45
47591D,PINK FAIRY CAKE CHILDRENS APRON,3205,6048.55
47556B,TEA TIME TEA TOWELS ,2600,6045.0
21156,RETROSPOT CHILDRENS APRON,3131,6015.05
22151,PLACE SETTING WHITE HEART,14236,6000.25
23534,WALL ART STOP FOR TEA ,862,5994.55
21670,BLUE SPOT CERAMIC DRAWER KNOB,4259,5987.74
22174,PHOTO CUBE,3218,5978.78
22783,SET 3 WICKER OVAL BASKETS W LIDS,463,5961.25
23312,VINTAGE CHRISTMAS GIFT SACK,1422,5960.0
23296,SET OF 6 TEA TIME BAKING CASES,4952,5951.8
23535,WALL ART BICYCLE SAFETY,844,5948.2
23052,RECYCLED ACAPULCO MAT TURQUOISE,653,5941.09
21871,SAVE THE PLANET MUG,4768,5938.62
23118,PARISIENNE JEWELLERY DRAWER ,789,5922.18
21535,RED RETROSPOT SMALL MILK JUG,2455,5905.3099999999995
21673,WHITE SPOT BLUE CERAMIC DRAWER KNOB,4269,5897.25
22150,3 STRIPEY MICE FELTCRAFT,3010,5886.389999999999
17003,BROCADE RING PURSE ,23017,5853.15
48129,DOORMAT TOPIARY,881,5850.69
22366,DOORMAT AIRMAIL ,773,5840.83
21671,RED SPOT CERAMIC DRAWER KNOB,4250,5839.98
22971,QUEENS GUARD COFFEE MUG,2415,5811.64
23169,CLASSIC GLASS COOKIE JAR,1344,5804.24
21877,HOME SWEET HOME MUG,4359,5798.46
22751,FELTCRAFT PRINCESS OLIVIA DOLL,1561,5793.97
22740,POLKADOT PEN,6842,5793.62
22365,DOORMAT RESPECTABLE HOUSE,787,5738.13
62018,SOMBRERO ,4415,5716.85
23154,SET OF 4 JAM JAR MAGNETS,2640,5716.0
22826,LOVE SEAT ANTIQUE WHITE METAL,54,5692.5
22635,CHILDS BREAKFAST SET DOLLY GIRL ,597,5685.28
22779,WOODEN OWLS LIGHT GARLAND ,1512,5683.6
22646,CERAMIC STRAWBERRY CAKE MONEY BANK,4129,5642.2699999999995
21242,RED RETROSPOT PLATE ,3338,5640.5599999999995
22907,PACK OF 20 NAPKINS PANTRY DESIGN,6521,5625.8
84997B,RED 3 PIECE RETROSPOT CUTLERY SET,1552,5624.110000000001
22207,FRYING PAN UNION FLAG,1258,5551.34
21558,SKULL LUNCH BOX WITH CUTLERY ,2127,5540.0199999999995
23531,WALL ART BIG LOVE ,976,5538.26
23133,LARGE IVORY HEART WALL ORGANISER,781,5517.15
22488,NATURAL SLATE RECTANGLE CHALKBOARD,3160,5515.929999999999
22088,PAPER BUNTING COLOURED LACE,1837,5511.85
23583,LUNCH BAG PAISLEY PARK  ,3375,5480.83
23177,TREASURE ISLAND BOOK BOX,2512,5476.29
22837,HOT WATER BOTTLE BABUSHKA ,1128,5463.08
22904,CALENDAR PAPER CUT DESIGN,1832,5461.360000000001
22297,HEART IVORY TRELLIS SMALL,4164,5459.91
22964,3 PIECE SPACEBOY COOKIE CUTTER SET,2610,5443.290000000001
22418,10 COLOUR SPACEBOY PEN,6392,5439.25
23485,BOTANICAL GARDENS WALL CLOCK ,244,5436.52
22798,ANTIQUE GLASS DRESSING TABLE POT,1753,5428.55
23135,SMALL ZINC HEART WALL ORGANISER,1541,5416.18
22584,PACK OF 6 PANNETONE GIFT BOXES,2096,5395.78
23158,SET OF 5 LUCKY CAT MAGNETS ,2573,5389.03
22429,ENAMEL MEASURING JUG CREAM,1229,5366.93
22349,DOG BOWL CHASING BALL DESIGN,1353,5332.7699999999995
21172,PARTY METAL SIGN ,3472,5319.78
22845,VINTAGE CREAM CAT FOOD CONTAINER,788,5308.83
22464,HANGING METAL HEART LANTERN,3280,5298.73
23205,CHARLOTTE BAG VINTAGE ALPHABET ,5266,5265.63
22796,PHOTO FRAME 3 CLASSIC HANGING,527,5263.4
22296,HEART IVORY TRELLIS LARGE,3139,5246.07
22998,TRAVEL CARD WALLET KEEP CALM,12189,5188.48
22623,BOX OF VINTAGE JIGSAW BLOCKS ,921,5151.110000000001
22898,CHILDRENS APRON APPLES DESIGN,2414,5150.92
23162,REGENCY TEA STRAINER,1412,5143.6900000000005
84997D,PINK 3 PIECE POLKADOT CUTLERY SET,1412,5140.81
21164,HOME SWEET HOME METAL SIGN ,1760,5138.280000000001
22665,RECIPE BOX BLUE SKETCHBOOK DESIGN,1494,5129.9800000000005
22120,WELCOME  WOODEN BLOCK LETTERS,511,5127.69
23132,SMALL IVORY HEART WALL ORGANISER,1016,5115.6
22595,GINGHAM HEART DECORATION,6139,5114.41
22772,PINK DRAWER KNOB ACRYLIC EDWARDIAN,3790,5112.95
21844,RED RETROSPOT MUG,1827,5109.09
22302,COFFEE MUG PEARS  DESIGN,2317,5103.69
23263,SET OF 3 WOODEN HEART DECORATIONS,3816,5088.44
23295,SET OF 12 MINI LOAF BAKING CASES,6121,5062.66
23397,FOOT STOOL HOME SWEET HOME ,483,5037.95
21098,CHRISTMAS TOILET ROLL,3680,5036.849999999999
23234,BISCUIT TIN VINTAGE CHRISTMAS,1706,5033.54
22848,BREAD BIN DINER STYLE PINK,312,5032.0
21428,SET3 BOOK BOX GREEN GINGHAM FLOWER ,1172,5027.38
22371,AIRLINE BAG VINTAGE TOKYO 78,1072,5014.54
22827,RUSTIC  SEVENTEEN DRAWER SIDEBOARD,32,5000.0
21907,I'M ON HOLIDAY METAL SIGN,2358,4999.88
23310,BUBBLEGUM RING ASSORTED,12050,4997.28
23543,WALL ART KEEP CALM ,967,4994.790000000001
21756,BATH BUILDING BLOCK WORD,807,4994.360000000001
23165,LARGE CERAMIC TOP STORAGE JAR,3012,4986.5599999999995
22271,FELTCRAFT DOLL ROSIE,1693,4983.75
23126,FELTCRAFT GIRL AMELIE KIT,991,4979.9400000000005
23198,PANTRY MAGNETIC  SHOPPING LIST,3278,4969.8
23494,VINTAGE DOILY DELUXE SEWING KIT ,744,4967.26
23314,VINTAGE CHRISTMAS TABLECLOTH,402,4950.46
22957,SET 3 PAPER VINTAGE CHICK PAPER EGG,1749,4942.75
21932,SCANDINAVIAN PAISLEY PICNIC BAG,2687,4940.03
22780,LIGHT GARLAND BUTTERFILES PINK,1321,4938.09
84212,"ASSORTED FLOWER COLOUR ""LEIS""",10315,4934.87
23570,TRADITIONAL PICK UP STICKS GAME ,2772,4931.87
22142,CHRISTMAS CRAFT WHITE FAIRY ,3236,4930.24
23556,LANDMARK FRAME COVENT GARDEN ,435,4924.51
21933,PINK VINTAGE PAISLEY PICNIC BAG,2659,4922.98
22301,COFFEE MUG CAT + BIRD DESIGN,2181,4921.43
22110,BIRD HOUSE HOT WATER BOTTLE,1170,4907.04
23503,PLAYING CARDS KEEP CALM & CARRY ON,3641,4858.05
21937,STRAWBERRY   PICNIC BAG,1691,4851.65
21086,SET/6 RED SPOTTY PAPER CUPS,7121,4851.5
21033,JUMBO BAG CHARLIE AND LOLA TOYS,1931,4849.94
22748,POPPY'S PLAYHOUSE KITCHEN,2100,4845.13
21390,FILIGRIS HEART WITH BUTTERFLY,3900,4844.38
22781,GUMBALL MAGAZINE RACK,572,4838.66
23010,CIRCUS PARADE BABY GIFT SET,312,4828.75
22689,DOORMAT MERRY CHRISTMAS RED ,621,4822.25
23554,LANDMARK FRAME OXFORD STREET,422,4805.53
21124,SET/10 BLUE POLKADOT PARTY CANDLES,3962,4801.8
22549,PICTURE DOMINOES,3188,4798.38
23555,LANDMARK FRAME NOTTING HILL ,421,4780.57
23351,ROLL WRAP 50'S CHRISTMAS,3439,4770.77
22636,CHILDS BREAKFAST SET CIRCUS PARADE,566,4769.86
23109,PACK OF SIX LED TEA LIGHTS,1656,4769.22
21876,POTTERING MUG,3747,4766.46
20677,PINK POLKADOT BOWL,3669,4741.09
22849,BREAD BIN DINER STYLE MINT,304,4733.679999999999
22243,5 HOOK HANGER RED MAGIC TOADSTOOL,3087,4733.49
84050,PINK HEART SHAPE EGG FRYING PAN,3215,4730.83
23569,TRADTIONAL ALPHABET STAMP SET,952,4707.76
23286,BLUE VINTAGE SPOT BEAKER,4999,4705.97
23558,LANDMARK FRAME LONDON BRIDGE ,415,4703.87
23184,BULL DOG BOTTLE OPENER,861,4700.150000000001
23157,SET OF 6 NATIVITY MAGNETS ,2317,4699.06
23389,SPACEBOY MINI BACKPACK,1100,4689.240000000001
22645,CERAMIC HEART FAIRY CAKE MONEY BANK,2337,4685.29
82552,WASHROOM METAL SIGN,3012,4674.83
22721,SET OF 3 CAKE TINS SKETCHBOOK,1020,4671.81
37449,CERAMIC CAKE STAND + HANGING CAKES,513,4670.59
23159,SET OF 5 PANCAKE DAY MAGNETS,2268,4661.52
82001S,VINYL RECORD FRAME SILVER,1288,4656.92
23241,TREASURE TIN GYMKHANA DESIGN,2158,4654.99
47599A,PINK PARTY BAGS,2450,4636.900000000001
21539,RED RETROSPOT BUTTER DISH,946,4634.950000000001
22745,POPPY'S PLAYHOUSE BEDROOM ,2008,4634.490000000001
22082,RIBBON REEL STRIPES DESIGN ,2660,4628.88
22295,HEART FILIGREE DOVE LARGE,2777,4594.169999999999
23176,ABC TREASURE BOOK BOX ,2120,4591.83
23285,PINK VINTAGE SPOT BEAKER,4805,4570.71
21833,CAMOUFLAGE LED TORCH,2696,4543.73
22504,CABIN BAG VINTAGE RETROSPOT,242,4542.07
22417,PACK OF 60 SPACEBOY CAKE CASES,8374,4537.9400000000005
82551,LAUNDRY 15C METAL SIGN,2914,4537.69
20979,36 PENCILS TUBE RED RETROSPOT,3574,4523.7300000000005
22606,WOODEN SKITTLES GARDEN SET,302,4520.21
22628,PICNIC BOXES SET OF 3 RETROSPOT ,944,4516.96
21934,SKULL SHOULDER BAG,2411,4463.78
23309,SET OF 60 I LOVE LONDON CAKE CASES ,8211,4460.65
22089,PAPER BUNTING VINTAGE PAISLEY,1423,4457.43
84987,SET OF 36 TEATIME PAPER DOILIES,3036,4449.42
22775,PURPLE DRAWERKNOB ACRYLIC EDWARDIAN,3077,4434.37
23288,GREEN VINTAGE SPOT BEAKER,4607,4429.0599999999995
23275,SET OF 3 HANGING OWLS OLLIE BEAK,3643,4426.31
23404,HOME SWEET HOME BLACKBOARD,982,4418.21
23530,WALL ART ONLY ONE PERSON ,1050,4406.57
23163,REGENCY SUGAR TONGS,1777,4400.820000000001
22938,CUPCAKE LACE PAPER SET 6,2307,4371.63
21906,PHARMACIE FIRST AID TIN,564,4356.0599999999995
84997C,BLUE 3 PIECE POLKADOT CUTLERY SET,1201,4346.27
16014,SMALL CHINESE STYLE SCISSOR,13328,4335.76
22626,BLACK KITCHEN SCALES,508,4325.36
22899,CHILDREN'S APRON DOLLY GIRL ,2064,4315.93
84692,BOX OF 24 COCKTAIL PARASOLS,7872,4314.36
23349,ROLL WRAP VINTAGE CHRISTMAS,3197,4312.6
20975,12 PENCILS SMALL TUBE RED RETROSPOT,6513,4305.27
21892,TRADITIONAL WOODEN CATCH CUP GAME ,3179,4300.91
15056P,EDWARDIAN PARASOL PINK,766,4296.72
21498,RED RETROSPOT WRAP ,10476,4290.92
23050,RECYCLED ACAPULCO MAT GREEN,496,4278.3
23112,PARISIENNE CURIO CABINET,513,4267.2300000000005
22327,ROUND SNACK BOXES SET OF 4 SKULLS,1152,4260.0
22723,SET OF 6 HERB TINS SKETCHBOOK,1162,4254.92
23168,CLASSIC CAFE SUGAR DISPENSER,3021,4245.74
23166,MEDIUM CERAMIC TOP STORAGE JAR,3539,4221.28
20970,PINK FLORAL FELTCRAFT SHOULDER BAG,1113,4220.88
22661,CHARLOTTE BAG DOLLY GIRL DESIGN,5181,4204.16
23089,GLASS BON BON JAR,2339,4190.13
22813,PACK 3 BOXES BIRD PANNETONE ,2168,4188.94
23012,GLASS APOTHECARY BOTTLE PERFUME,1063,4165.51
22550,HOLIDAY FUN LUDO,1154,4164.89
23144,ZINC T-LIGHT HOLDER STARS SMALL,5045,4161.3099999999995
20974,12 PENCILS SMALL TUBE SKULL,6410,4159.530000000001
22694,WICKER STAR ,1790,4142.52
22801,ANTIQUE GLASS PEDESTAL BOWL,1008,4133.0
72760B,VINTAGE CREAM 3 BASKET CAKE STAND,407,4130.79
21874,GIN AND TONIC MUG,2952,4113.469999999999
23167,SMALL CERAMIC TOP STORAGE JAR ,5322,4110.82
20682,RED RETROSPOT CHILDRENS UMBRELLA,1215,4106.33
23009,I LOVE LONDON BABY GIFT SET,263,4082.5199999999995
22596,CHRISTMAS STAR WISH LIST CHALKBOARD,3451,4079.7000000000003
22489,PACK OF 12 TRADITIONAL CRAYONS,9717,4071.29
22061,LARGE CAKE STAND  HANGING STRAWBERY,566,4069.0099999999998
23283,DOORMAT VINTAGE LEAF,557,4064.75
23255,CHILDRENS CUTLERY CIRCUS PARADE,1005,4059.8700000000003
21116,OWL DOORSTOP,695,4051.79
21704,BAG 250g SWIRLY MARBLES,5139,4035.4199999999996
23193,BUFFALO BILL TREASURE BOOK BOX,1902,4034.28
23340,VINTAGE CHRISTMAS CAKE FRILL,2500,4034.08
22219,LOVEBIRD HANGING DECORATION WHITE ,4107,4011.6299999999997
72351B,SET/6 PINK  BUTTERFLY T-LIGHTS,2093,4001.55
22841,ROUND CAKE TIN VINTAGE GREEN,516,3998.42
23129,HEART SHAPED HOLLY WREATH,949,3995.3500000000004
22577,WOODEN HEART CHRISTMAS SCANDINAVIAN,10507,3992.3099999999995
22431,WATERING CAN BLUE ELEPHANT,2050,3983.1099999999997
23306,SET OF 36 DOILIES PANTRY DESIGN,2734,3973.45
20675,BLUE POLKADOT BOWL,3108,3968.12
23486,ANTIQUE HEART SHELF UNIT,262,3945.82
22649,STRAWBERRY FAIRY CAKE TEAPOT,755,3937.6800000000003
22131,FOOD CONTAINER SET 3 LOVE HEART ,2030,3934.64
22274,FELTCRAFT DOLL EMILY,1333,3932.8300000000004
23557,LANDMARK FRAME BAKER STREET ,350,3930.27
22951,60 CAKE CASES DOLLY GIRL DESIGN,7361,3924.2000000000003
21928,JUMBO BAG SCANDINAVIAN PAISLEY,2054,3899.77
22117,METAL SIGN HER DINNER IS SERVED ,1320,3896.4500000000003
22148,EASTER CRAFT 4 CHICKS ,1918,3888.2
23552,BICYCLE PUNCTURE REPAIR KIT ,1863,3881.91
22222,CAKE PLATE LOVEBIRD WHITE,1057,3880.2
21041,RED RETROSPOT OVEN GLOVE DOUBLE,911,3880.13
23049,RECYCLED ACAPULCO MAT RED,453,3872.09
21749,LARGE RED RETROSPOT WINDMILL,1955,3860.2900000000004
84792,ENCHANTED BIRD COATHANGER 5 HOOK,804,3859.63
23081,GREEN METAL BOX ARMY SUPPLIES,461,3856.75
22942,CHRISTMAS LIGHTS 10 SANTAS ,532,3856.19
23110,PARISIENNE KEY CABINET ,649,3853.93
21716,BOYS VINTAGE TIN SEASIDE BUCKET,1417,3852.52
23526,WALL ART DOG LICENCE ,588,3844.56
85049A,TRADITIONAL CHRISTMAS RIBBONS,2989,3827.36
22350,ILLUSTRATED CAT BOWL ,1409,3819.5699999999997
37370,RETRO COFFEE MUGS ASSORTED,2544,3811.21
21110,LARGE CAKE TOWEL PINK SPOTS,1103,3802.2
22896,PEG BAG APPLES DESIGN,1466,3787.46
22980,PANTRY SCRUBBING BRUSH,2282,3785.9599999999996
22179,SET 10 NIGHT OWL LIGHTS,484,3783.78
22383,LUNCH BAG SUKI  DESIGN ,2213,3780.51
85049E,SCANDINAVIAN REDS RIBBONS,2845,3764.86
22578,WOODEN STAR CHRISTMAS SCANDINAVIAN,10327,3764.0499999999997
21244,BLUE POLKADOT PLATE ,2267,3763.97
23253,16 PIECE CUTLERY SET PANTRY DESIGN,252,3753.16
21746,SMALL RED RETROSPOT WINDMILL,3060,3748.18
23194,GYMKHANA TREASURE BOOK BOX,1678,3732.2799999999997
23299,FOOD COVER WITH BEADS SET 2 ,1001,3731.63
22195,LARGE HEART MEASURING SPOONS,1975,3719.0099999999998
22956,36 FOIL HEART CAKE CASES,1898,3700.1900000000005
22809,SET OF 6 T-LIGHTS SANTA,1210,3697.5000000000005
22842,BISCUIT TIN VINTAGE RED,570,3695.76
22854,CREAM SWEETHEART EGG HOLDER,764,3693.67
23092,LARGE ANTIQUE WHITE PHOTO FRAME,513,3680.03
23182,TOILET SIGN OCCUPIED OR VACANT,3727,3676.5899999999997
22890,NOVELTY BISCUITS CAKE STAND 3 TIER,356,3671.62
21890,S/6 WOODEN SKITTLES IN COTTON BAG,1141,3655.71
22212,FOUR HOOK  WHITE LOVEBIRDS,1585,3650.5400000000004
23013,GLASS APOTHECARY BOTTLE TONIC,918,3650.46
21531,RED RETROSPOT SUGAR JAM BOWL,1501,3645.72
22738,RIBBON REEL SNOWY VILLAGE,2043,3639.17
23130,MISTLETOE HEART WREATH GREEN,873,3638.8300000000004
22378,WALL TIDY RETROSPOT ,2282,3636.47
23236,STORAGE TIN VINTAGE DOILY ,1244,3623.86
22466,FAIRY TALE COTTAGE NIGHTLIGHT,2089,3618.6499999999996
22468,BABUSHKA LIGHTS STRING OF 10,514,3613.72
22053,EMPIRE DESIGN ROSETTE,4243,3605.1699999999996
23294,SET OF 6 SNACK LOAF BAKING CASES,4379,3597.02
85053,FRENCH ENAMEL CANDLEHOLDER,1665,3592.3300000000004
22493,PAINT YOUR OWN CANVAS SET,2188,3590.1899999999996
21658,GLASS  BEURRE DISH,846,3585.2
21260,FIRST AID TIN,1118,3582.48
22348,TEA BAG PLATE RED RETROSPOT,4072,3573.0899999999997
21494,ROTATING LEAVES T-LIGHT HOLDER,1926,3568.83
22926,IVORY GIANT GARDEN THERMOMETER,579,3567.6000000000004
22908,PACK OF 20 NAPKINS RED APPLES,4377,3567.0299999999997
23497,CLASSIC CHROME BICYCLE BELL ,2486,3561.22
23111,PARISIENNE SEWING BOX,288,3556.04
85132C,CHARLIE AND LOLA FIGURES TINS,1515,3552.5699999999997
22739,RIBBON REEL CHRISTMAS SOCK BAUBLE,1808,3540.47
23332,IVORY WICKER HEART LARGE,2057,3539.41
84968C,SET OF 16 VINTAGE PISTACHIO CUTLERY,313,3534.99
20717,STRAWBERRY SHOPPER BAG,2833,3534.48
23191,BUNDLE OF 3 RETRO NOTE BOOKS,2138,3524.9399999999996
22800,ANTIQUE TALL SWIRLGLASS TRINKET POT,860,3523.24
22688,DOORMAT PEACE ON EARTH BLUE,705,3519.6600000000003
23032,DRAWER KNOB CRACKLE GLAZE IVORY,2108,3519.4799999999996
21992,VINTAGE PAISLEY STATIONERY SET,1901,3510.72
21715,GIRLS VINTAGE TIN SEASIDE BUCKET,1330,3507.17
23189,SET OF 12 FORK CANDLES,1248,3504.62
21703,BAG 125g SWIRLY MARBLES,9303,3492.35
23353,6 GIFT TAGS VINTAGE CHRISTMAS ,3983,3490.1299999999997
23091,ZINC HERB GARDEN CONTAINER,549,3472.89
21527,RED RETROSPOT TRADITIONAL TEAPOT ,443,3464.69
21745,GAOLERS KEYS DECORATIVE GARDEN ,931,3460.73
21974,SET OF 36 PAISLEY FLOWER DOILIES,2158,3457.1499999999996
23085,ANTIQUE SILVER BAUBLE LAMP  ,363,3454.48
84508A,CAMOUFLAGE DESIGN TEDDY,1630,3445.5000000000005
21238,RED RETROSPOT CUP,3918,3445.22
21385,IVORY HANGING DECORATION  HEART,3881,3440.7499999999995
22065,CHRISTMAS PUDDING TRINKET POT ,6707,3440.23
21588,RETROSPOT GIANT TUBE MATCHES,1493,3439.95
21243,PINK  POLKADOT PLATE ,2057,3436.08
22669,RED BABY BUNTING ,1078,3431.5
22435,SET OF 9 HEART SHAPED BALLOONS,2745,3430.5
23426,METAL SIGN DROP YOUR PANTS,1269,3427.09
22760,"TRAY, BREAKFAST IN BED",269,3417.16
23350,ROLL WRAP VINTAGE SPOT ,2688,3415.08
23388,WOODLAND MINI BACKPACK,816,3411.34
21497,FANCY FONTS BIRTHDAY WRAP,8550,3409.0
22782,SET 3 WICKER STORAGE BASKETS ,241,3399.95
23014,GLASS APOTHECARY BOTTLE ELIXIR,847,3384.03
84509A,SET OF 4 ENGLISH ROSE PLACEMATS,887,3383.53
71477,COLOURED GLASS STAR T-LIGHT HOLDER,958,3383.5
22311,OFFICE MUG WARMER BLACK+SILVER ,1125,3383.11
22029,SPACEBOY BIRTHDAY CARD,8149,3382.5299999999997
23354,6 GIFT TAGS 50'S CHRISTMAS ,3680,3379.6
22300,COFFEE MUG DOG + BALL DESIGN,1515,3376.06
23156,SET OF 5 MINI GROCERY MAGNETS,1641,3373.37
23188,VINTAGE  2 METRE FOLDING RULER,1626,3372.3999999999996
47567B,TEA TIME KITCHEN APRON,594,3368.2000000000003
23127,FELTCRAFT GIRL NICOLE KIT,655,3358.05
22687,DOORMAT CHRISTMAS VILLAGE,590,3354.22
79000,MOROCCAN TEA GLASS,4153,3351.29
22563,HAPPY STENCIL CRAFT,2822,3346.9300000000003
82580,BATHROOM METAL SIGN,5591,3346.21
21993,FLORAL FOLK STATIONERY SET,1925,3340.84
23210,WHITE ROCKING HORSE HAND PAINTED,2649,3331.77
22812,PACK 3 BOXES CHRISTMAS PANNETONE,1634,3330.5699999999997
22180,RETROSPOT LAMP,310,3326.89
22653,BUTTON BOX ,1846,3320.0
21429,RED GINGHAM ROSE JEWELLERY BOX,1698,3317.0499999999997
22432,WATERING CAN PINK BUNNY,1702,3315.52
22165,"DIAMANTE HEART SHAPED WALL MIRROR, ",414,3315.45
84032A,CHARLIE+LOLA PINK HOT WATER BOTTLE,975,3302.38
23065,LARGE DECO JEWELLERY STAND,262,3289.94
22855,FINE WICKER HEART ,2630,3286.73
22079,RIBBON REEL HEARTS DESIGN ,1867,3275.79
23308,SET OF 60 VINTAGE LEAF CAKE CASES ,6139,3272.61
22179,SET 10 LIGHTS NIGHT OWL,453,3263.4700000000003
22460,EMBOSSED GLASS TEALIGHT HOLDER,2527,3249.75
23053,RECYCLED ACAPULCO MAT PINK,363,3246.07
22244,3 HOOK HANGER MAGIC GARDEN,1687,3245.0099999999998
23239,SET OF 4 KNICK KNACK TINS POPPIES,814,3238.0400000000004
22187,GREEN CHRISTMAS TREE CARD HOLDER,1262,3230.98
23395,BELLE JARDINIERE CUSHION COVER,741,3230.83
22567,20 DOLLY PEGS RETROSPOT,2422,3218.9
21463,MIRRORED DISCO BALL ,607,3218.15
22962,JAM JAR WITH PINK LID,3811,3215.99
22746,POPPY'S PLAYHOUSE LIVINGROOM ,1435,3211.34
20973,12 PENCIL SMALL TUBE WOODLAND,4493,3207.67
23051,RECYCLED ACAPULCO MAT BLUE,363,3206.99
22967,SET 3 SONG BIRD PAPER EGGS ASSORTED,1149,3206.51
23230,WRAP ALPHABET DESIGN,7901,3186.42
22491,PACK OF 12 COLOURED PENCILS,3935,3173.43
21115,ROSE CARAVAN DOORSTOP,562,3162.24
21868,POTTING SHED TEA MUG,2392,3160.34
22776,SWEETHEART 3 TIER CAKE STAND ,260,3151.63
23342,MINT DINER WALL CLOCK,370,3150.91
22430,ENAMEL WATERING CAN CREAM,597,3142.34
23323,WHITE WICKER STAR ,1466,3140.48
23035,DRAWER KNOB CERAMIC IVORY,2146,3134.74
23393,HOME SWEET HOME CUSHION COVER ,780,3129.16
21561,DINOSAUR LUNCH BOX WITH CUTLERY,1279,3122.2799999999997
22236,CAKE STAND 3 TIER MAGIC GARDEN,263,3115.6499999999996
23346,SPACEBOY BEAKER,2622,3104.84
22465,HANGING METAL STAR LANTERN,2026,3099.39
21381,MINI WOODEN HAPPY BIRTHDAY GARLAND,1786,3088.99
20754,RETROSPOT RED WASHING UP GLOVES,1456,3086.76
21240,BLUE POLKADOT CUP,3534,3079.92
21135,VICTORIAN  METAL POSTCARD SPRING,2573,3077.2799999999997
20828,GLITTER BUTTERFLY CLIPS,1128,3074.7799999999997
84997A,GREEN 3 PIECE POLKADOT CUTLERY SET,845,3069.46
23188,VINTAGE  2 METER FOLDING RULER,1831,3052.2699999999995
22604,SET OF 4 NAPKIN CHARMS CUTLERY,1251,3039.66
23329,DECORATIVE WICKER HEART LARGE,1764,3033.24
22894,TABLECLOTH RED APPLES DESIGN ,305,3027.3799999999997
23461,SWEETHEART BIRD HOUSE,843,3024.61
22592,CARDHOLDER HOLLY WREATH METAL,656,3013.62
84968A,SET OF 16 VINTAGE ROSE CUTLERY,257,3011.7999999999997
23236,DOILEY STORAGE TIN,1089,2990.01
23390,DOLLY GIRL MINI BACKPACK,738,2988.2400000000002
21714,CITRONELLA CANDLE GARDEN POT,1631,2985.65
21201,TROPICAL  HONEYCOMB PAPER GARLAND ,1239,2985.27
22644,CERAMIC CHERRY CAKE MONEY BANK,2205,2973.92
22972,CHILDREN'S SPACEBOY MUG,1737,2971.9399999999996
22331,WOODLAND PARTY BAG + STICKER SET,1838,2971.8399999999997
16161P,WRAP ENGLISH ROSE ,7176,2969.92
23242,TREASURE TIN BUFFALO BILL ,1443,2968.4700000000003
23237,SET OF 4 KNICK KNACK TINS LEAF,733,2963.71
22906,12 MESSAGE CARDS WITH ENVELOPES,1732,2946.22
21918,SET 12 KIDS COLOUR  CHALK STICKS,7183,2943.5299999999997
21625,VINTAGE UNION JACK APRON,407,2939.51
21411,GINGHAM HEART  DOORSTOP RED,779,2936.33
22078,RIBBON REEL LACE DESIGN ,1369,2923.21
85174,S/4 CACTI CANDLES,610,2912.93
22360,GLASS JAR ENGLISH CONFECTIONERY,906,2910.82
21810,CHRISTMAS HANGING STAR WITH BELL,5781,2908.0899999999997
22778,GLASS CLOCHE SMALL,740,2907.9
22892,SET OF SALT AND PEPPER TOADSTOOLS,2376,2906.41
23211,RED ROCKING HORSE HAND PAINTED,2305,2900.57
22777,GLASS CLOCHE LARGE,345,2892.88
22656,VINTAGE BLUE KITCHEN CABINET,20,2885.0
22810,SET OF 6 T-LIGHTS SNOWMEN,890,2881.98
23283,DOORMAT VINTAGE LEAVES DESIGN ,430,2881.18
23290,SPACEBOY CHILDRENS BOWL,2420,2877.8500000000004
23345, DOLLY GIRL BEAKER,2444,2877.5
21313,GLASS HEART T-LIGHT HOLDER ,3290,2870.1499999999996
22354,RETROSPOT PADDED SEAT CUSHION,749,2857.59
21990,MODERN FLORAL STATIONERY SET,1660,2855.0
21976,PACK OF 60 MUSHROOM CAKE CASES,5170,2853.9500000000003
22774,RED DRAWER KNOB ACRYLIC EDWARDIAN,2238,2851.94
23504,PLAYING CARDS JUBILEE UNION JACK,1927,2848.89
23427,STOOL HOME SWEET HOME ,235,2837.68
22843,BISCUIT TIN VINTAGE GREEN,440,2837.02
22426,ENAMEL WASH BOWL CREAM,730,2810.21
22945,CHRISTMAS METAL TAGS ASSORTED ,2733,2808.3399999999997
21563,RED HEART SHAPE LOVE BUCKET ,1395,2803.13
22476,EMPIRE UNION JACK TV DINNER TRAY,872,2799.61
35004B,SET OF 3 BLACK FLYING DUCKS,547,2798.01
23212,HEART WREATH DECORATION WITH BELL,2224,2770.89
23190,BUNDLE OF 3 SCHOOL EXERCISE BOOKS  ,1700,2758.5999999999995
22224,WHITE LOVEBIRD LANTERN,830,2752.26
22794,SWEETHEART WIRE MAGAZINE RACK,321,2745.15
22823,CHEST NATURAL WOOD 20 DRAWERS,24,2745.0
23341,PINK DINER WALL CLOCK,307,2741.35
22072,RED RETROSPOT TEA CUP AND SAUCER ,829,2739.92
22773,GREEN DRAWER KNOB ACRYLIC EDWARDIAN,2075,2739.4
23100,SILVER BELLS TABLE DECORATION,2165,2738.13
22380,TOY TIDY SPACEBOY  ,1275,2737.76
23147,SINGLE ANTIQUE ROSE HOOK IVORY,1853,2730.45
22196,SMALL HEART MEASURING SPOONS,2818,2730.0299999999997
21985,PACK OF 12 HEARTS DESIGN TISSUES ,8775,2729.5099999999998
23266,SET OF 3 WOODEN STOCKING DECORATION,2041,2728.82
21499,BLUE POLKADOT WRAP,6702,2726.84
23164,REGENCY CAKE SLICE,577,2713.7000000000003
47599B,BLUE PARTY BAGS ,1428,2713.12
22925,BLUE GIANT GARDEN THERMOMETER,441,2709.8700000000003
23542,WALL ART 70'S ALPHABET ,350,2708.36
84832,ZINC WILLIE WINKIE  CANDLE STICK,2921,2702.5
22974,CHILDRENS DOLLY GIRL MUG,1578,2696.6899999999996
22283,6 EGG HOUSE PAINTED WOOD,295,2694.63
23264,SET OF 3 WOODEN SLEIGH DECORATIONS,1962,2689.56
21239,PINK  POLKADOT CUP,2995,2689.49
22702,BLACK AND WHITE CAT BOWL,1363,2684.6499999999996
23333,IVORY WICKER HEART MEDIUM,2077,2680.45
22660,DOORMAT I LOVE LONDON,364,2678.96
84568,GIRLS ALPHABET IRON ON PATCHES ,12442,2678.33
22278,OVERNIGHT BAG VINTAGE ROSE PAISLEY,399,2674.65
22963,JAM JAR WITH GREEN LID,3151,2669.85
21109,LARGE CAKE TOWEL CHOCOLATE SPOTS,925,2661.67
22433,WATERING CAN GREEN DINOSAUR,1391,2661.6499999999996
22691,DOORMAT WELCOME SUNRISE,368,2654.62
23407,SET OF 2 TRAYS HOME SWEET HOME,259,2649.73
22930,BAKING MOULD HEART MILK CHOCOLATE,1012,2645.2
22045,SPACEBOY GIFT WRAP,6452,2641.84
82600,N0 SINGING METAL SIGN,1225,2639.42
22329,ROUND CONTAINER SET OF 5 RETROSPOT,1586,2633.8399999999997
35961,FOLKART ZINC HEART CHRISTMAS DEC,2985,2628.96
72807C,SET/3 VANILLA SCENTED CANDLE IN BOX,587,2628.35
22737,RIBBON REEL CHRISTMAS PRESENT ,1348,2628.15
22927,GREEN GIANT GARDEN THERMOMETER,416,2621.4100000000003
22582,PACK OF 6 SWEETIE GIFT BOXES,1049,2618.75
22797,CHEST OF DRAWERS GINGHAM HEART ,149,2614.06
22792,FLUTED ANTIQUE CANDLE HOLDER,2773,2612.73
22830,UTILTY CABINET WITH HOOKS,131,2610.29
21012,ANTIQUE ALL GLASS CANDLESTICK,1166,2607.75
22241,GARLAND WOODEN HAPPY EASTER,1948,2604.62
22833,HALL CABINET WITH 3 DRAWERS,76,2603.5299999999997
23054,RECYCLED ACAPULCO MAT LAVENDER,294,2596.68
22564,ALPHABET STENCIL CRAFT,2260,2593.1
21500,PINK POLKADOT WRAP ,6350,2593.0
22175,PINK OWL SOFT TOY,875,2588.3300000000004
22902,TOTE BAG I LOVE LONDON,1264,2582.88
23196,VINTAGE LEAF MAGNETIC NOTEPAD,1694,2582.2999999999997
23534,STOP FOR TEA WALL ART,518,2572.7
22610,PENS ASSORTED FUNNY FACE,9572,2571.4
22700,BLACK AND WHITE DOG BOWL,1174,2570.88
22822,CREAM WALL PLANTER HEART SHAPED,431,2570.85
22130,PARTY CONE CHRISTMAS DECORATION ,2132,2560.1
22805,BLUE DRAWER KNOB ACRYLIC EDWARDIAN,1877,2559.78
22361,GLASS JAR DAISY FRESH COTTON WOOL,715,2557.33
47559B,TEA TIME OVEN GLOVE,2047,2547.4
22762,CUPBOARD 3 DRAWER MA CAMPAGNE,153,2541.13
84596B,SMALL DOLLY MIX DESIGN ORANGE BOWL,5007,2540.7
23292,SPACEBOY CHILDRENS CUP,2029,2531.32
21078,SET/20 STRAWBERRY PAPER NAPKINS ,2769,2531.04
22358,KINGS CHOICE TEA CADDY ,690,2527.6200000000003
22965,3 TRADITIONAl BISCUIT CUTTERS  SET,1171,2526.61
23681,LUNCH BAG RED VINTAGE DOILY,1576,2525.04
20829,GLITTER HANGING BUTTERFLY STRING,1194,2517.69
21556,CERAMIC STRAWBERRY MONEY BOX,976,2512.97
23131,MISTLETOE HEART WREATH CREAM,618,2510.58
22670,FRENCH WC SIGN BLUE METAL,1877,2510.5
23424,GINGHAM RECIPE BOOK BOX,461,2504.67
85178,VICTORIAN SEWING KIT,2229,2499.73
72351A,SET/6 TURQUOISE BUTTERFLY T-LIGHTS,1264,2498.75
21107,CREAM SLICE FLANNEL PINK SPOT ,901,2492.71
23316,RED REFECTORY CLOCK ,249,2491.69
22064,PINK DOUGHNUT TRINKET POT ,1693,2490.1499999999996
22672,FRENCH BATHROOM SIGN BLUE METAL,1460,2484.8199999999997
23146,TRIPLE HOOK ANTIQUE IVORY ROSE,748,2481.16
23367,SET 12 COLOUR PENCILS SPACEBOY ,3262,2480.8
22075,6 RIBBONS ELEGANT CHRISTMAS ,1761,2469.23
21452,TOADSTOOL MONEY BOX,789,2468.9100000000003
22937,BAKING MOULD CHOCOLATE CUPCAKES,935,2468.89
21903,MAN FLU METAL SIGN,1147,2462.8300000000004
22215,CAKE STAND WHITE TWO TIER LACE,341,2454.39
21730,GLASS STAR FROSTED T-LIGHT HOLDER,503,2445.83
23352,ROLL WRAP 50'S RED CHRISTMAS ,1788,2444.2
23489,VINTAGE BELLS GARLAND,821,2443.35
85184C,S/4 VALENTINE DECOUPAGE HEART BOX,1483,2440.09
22573,STAR WOODEN CHRISTMAS DECORATION,2684,2423.0
85062,PEARL CRYSTAL PUMPKIN T-LIGHT HLDR,1458,2422.8999999999996
22807,SET OF 6 T-LIGHTS TOADSTOOLS,818,2417.73
22811,SET OF 6 T-LIGHTS CACTI ,880,2416.34
22374,AIRLINE BAG VINTAGE JET SET RED,542,2410.52
21328,BALLOONS  WRITING SET ,1337,2410.43
22437,SET OF 9 BLACK SKULL BALLOONS,2818,2408.74
23406,HOME SWEET HOME KEY HOLDER,453,2403.9100000000003
23400,SHELF WITH 4 HOOKS HOME SWEET HOME,459,2396.84
21875,KINGS CHOICE MUG,2027,2394.38
84796B,BLUE SAVANNAH PICNIC HAMPER FOR 2,256,2393.5899999999997
22743,MAKE YOUR OWN FLOWERPOWER CARD KIT,924,2390.84
23265,SET OF 3 WOODEN TREE DECORATIONS,1754,2386.04
84969,BOX OF 6 ASSORTED COLOUR TEASPOONS,556,2381.02
21781,MA CAMPAGNE CUTLERY BOX,147,2378.65
20978,36 PENCILS TUBE SKULLS,1779,2375.05
23498,CLASSIC BICYCLE CLIPS ,1640,2372.68
84997d,CHILDRENS CUTLERY POLKADOT PINK,285,2372.33
23535,BICYCLE SAFTEY WALL ART,458,2371.94
22440,BALLOON WATER BOMB PACK OF 35,6000,2370.84
20983,12 PENCILS TALL TUBE RED RETROSPOT,2730,2368.8599999999997
22282,12 EGG HOUSE PAINTED WOOD,148,2365.77
22990,COTTON APRON PANTRY DESIGN,507,2363.73
22851,SET 20 NAPKINS FAIRY CAKES DESIGN ,2728,2357.5899999999997
21811,HANGING HEART WITH BELL,4571,2356.08
22548,HEADS AND TAILS SPORTING FUN,1975,2348.94
21495,SKULLS AND CROSSBONES WRAP,5775,2345.5
22167, OVAL WALL MIRROR DIAMANTE ,231,2341.37
23437, 50'S CHRISTMAS GIFT BAG LARGE,1913,2341.13
23412,HEART MIRROR ANTIQUE WHITE,356,2339.8
23401,RUSTIC MIRROR WITH LACE HEART,456,2336.12
37500,TEA TIME TEAPOT IN GIFT BOX,377,2335.83
16156S,WRAP PINK FAIRY CAKES ,5800,2331.0
23396,LE JARDIN BOTANIQUE CUSHION COVER,555,2330.0
22425,ENAMEL COLANDER CREAM,454,2316.42
23371,SET 36 COLOUR PENCILS SPACEBOY ,1705,2304.78
21700,BIG DOUGHNUT FRIDGE MAGNETS,1690,2304.3399999999997
22483,RED GINGHAM TEDDY BEAR ,769,2299.9900000000002
71459,HANGING JAM JAR T-LIGHT HOLDERS,2810,2295.5
84950,ASSORTED COLOUR T-LIGHT HOLDER,3609,2290.9300000000003
84032B,CHARLIE + LOLA RED HOT WATER BOTTLE,870,2288.09
84997b,CHILDRENS CUTLERY RETROSPOT RED ,273,2287.37
22441,GROW YOUR OWN BASIL IN ENAMEL MUG,1044,2286.61
23330,DECORATIVE WICKER HEART MEDIUM,1788,2279.47
22736,RIBBON REEL MAKING SNOWMEN ,1209,2275.65
21896,POTTING SHED TWINE,975,2263.04
22933,BAKING MOULD EASTER EGG MILK CHOC,784,2248.1200000000003
21813,GARLAND WITH STARS AND BELLS,542,2245.82
23029,DRAWER KNOB CRACKLE GLAZE GREEN,1312,2237.9199999999996
22030,SWALLOWS GREETING CARD,5527,2237.89
85175,CACTI T-LIGHT CANDLES,5223,2237.74
23326,HANGING MINI COLOURED BOTTLES,3442,2237.08
22914,BLUE COAT RACK PARIS FASHION,462,2236.46
22185,SLATE TILE NATURAL HANGING,1472,2235.9399999999996
20977,36 PENCILS TUBE WOODLAND,1664,2234.89
21989,PACK OF 20 SKULL PAPER NAPKINS,2409,2233.1
23093,SMALL PARISIENNE HEART PHOTO FRAME ,936,2231.77
23048,SET OF 10 LANTERNS FAIRY LIGHT STAR,544,2231.42
23501,KEY RING BASEBALL BOOT UNION JACK,1821,2217.87
23197,SKETCHBOOK MAGNETIC SHOPPING LIST,1417,2217.45
22601,CHRISTMAS RETROSPOT ANGEL WOOD,2475,2216.43
84997c,CHILDRENS CUTLERY POLKADOT BLUE,265,2216.2099999999996
21982,PACK OF 12 SUKI TISSUES ,7172,2215.22
82494l,WOODEN FRAME ANTIQUE WHITE ,264,2211.6
22478,BIRDHOUSE GARDEN MARKER ,1537,2210.62
22829,SWEETHEART WIRE WALL TIDY,217,2207.5299999999997
21471,STRAWBERRY RAFFIA FOOD COVER,635,2205.59
10135,COLOURING PENCILS BROWN TUBE,2228,2203.64
23064,CINDERELLA CHANDELIER ,150,2203.51
21794,CLASSIC FRENCH STYLE BASKET NATURAL,519,2201.57
21735,TWO DOOR CURIO CABINET,179,2194.5
21900,"KEY FOB , SHED",3223,2193.92
23403,LETTER HOLDER HOME SWEET HOME,622,2192.86
46000S,POLYESTER FILLER PAD 40x40cm,1512,2192.4
22983,CARD BILLBOARD FONT,5109,2187.8
85038,6 CHOCOLATE LOVE HEART T-LIGHTS,1061,2171.26
21042,RED RETROSPOT APRON ,328,2165.1200000000003
23436,VINTAGE CHRISTMAS GIFT BAG LARGE ,1816,2163.64
22732,3D VINTAGE CHRISTMAS STICKERS ,1645,2162.75
21878,PACK OF 6 SANDCASTLE FLAGS ASSORTED,2510,2161.15
21249,WOODLAND  HEIGHT CHART STICKERS ,724,2160.0
22121,NOEL WOODEN BLOCK LETTERS ,351,2153.75
22377,BOTTLE BAG RETROSPOT ,1321,2153.08
11001,ASSTD DESIGN RACING CAR PEN,1430,2152.39
21592,RETROSPOT CIGAR BOX MATCHES ,2149,2149.07
82581,TOILET METAL SIGN,3862,2144.73
23445,ICE CREAM BUBBLES,2648,2144.64
37448,CERAMIC CAKE DESIGN SPOTTED MUG,1406,2139.58
22704,WRAP RED APPLES ,5203,2137.26
40016,CHINESE DRAGON PAPER LANTERNS,5556,2136.34
23161,REGENCY CAKE FORK,1703,2130.3
23302,KNEELING MAT HOUSEWORK  DESIGN,1500,2127.18
23028,DRAWER KNOB CRACKLE GLAZE BLUE,1200,2127.08
22763,KEY CABINET MA CAMPAGNE,201,2126.5699999999997
23005,TRAVEL CARD WALLET I LOVE LONDON,4732,2126.13
84356,POMPOM CURTAIN,424,2124.15
23213,STAR WREATH DECORATION WITH BELL,1670,2123.42
22498,WOODEN REGATTA BUNTING,333,2116.04
21718,RED METAL BEACH SPADE ,1492,2112.14
23046,PAPER LANTERN 9 POINT DELUXE STAR,349,2111.4900000000002
72802C,VANILLA SCENT CANDLE JEWELLED BOX,890,2108.38
23252,VINTAGE RED ENAMEL TRIM JUG ,562,2107.86
22571,ROCKING HORSE RED CHRISTMAS ,2325,2105.31
21232,STRAWBERRY CERAMIC TRINKET POT,1347,2103.7200000000003
22973,CHILDREN'S CIRCUS PARADE MUG,1233,2099.7099999999996
23031,DRAWER KNOB CRACKLE GLAZE PINK,1246,2099.4999999999995
22357,KINGS CHOICE BISCUIT TIN,450,2098.54
23232,WRAP VINTAGE LEAF DESIGN,5225,2098.5
22733,3D TRADITIONAL CHRISTMAS STICKERS,1583,2095.08
23233,WRAP POPPIES  DESIGN,5150,2095.0
23438, RED SPOT GIFT BAG LARGE,1713,2089.92
21609,SET 12 LAVENDER  BOTANICAL T-LIGHTS,763,2086.69
22996,TRAVEL CARD WALLET VINTAGE TICKET,4775,2084.0099999999998
21980,PACK OF 12 RED RETROSPOT TISSUES ,6553,2082.8999999999996
23079,TOADSTOOL BEDSIDE LIGHT ,235,2082.25
23526,DOG LICENCE WALL ART,408,2081.64
21506,"FANCY FONT BIRTHDAY CARD, ",4910,2080.85
22107,PIZZA PLATE IN BOX,571,2076.81
23536,VILLAGE SHOW WALL ART,386,2072.42
22831,WHITE BROCANTE SOAP DISH,706,2070.9
23360,SET 8 CANDLES VINTAGE DOILY,1060,2070.1
23370,SET 36 COLOURING PENCILS DOILY,1484,2069.1
22747,POPPY'S PLAYHOUSE BATHROOM,948,2068.25
23227,FILIGREE HEART BUTTERFLY WHITE ,1636,2062.56
22574,HEART WOODEN CHRISTMAS DECORATION,2141,2061.35
22744,MAKE YOUR OWN MONSOON CARD KIT,859,2061.25
22128,PARTY CONES CANDY ASSORTED,1706,2057.53
23152,IVORY SWEETHEART WIRE LETTER RACK ,547,2054.4
22955,36 FOIL STAR CAKE CASES ,1040,2053.3500000000004
23291,DOLLY GIRL CHILDRENS CUP,1624,2046.53
22059,CERAMIC STRAWBERRY DESIGN MUG,1756,2045.78
22055,MINI CAKE STAND  HANGING STRAWBERY,1352,2045.4399999999998
20751,FUNKY WASHING UP GLOVES ASSORTED,970,2039.42
47504K,ENGLISH ROSE GARDEN SECATEURS,2006,2039.18
23500,KEY RING BASEBALL BOOT ASSORTED ,1626,2038.33
22803,IVORY EMBROIDERED QUILT ,54,2038.0900000000001
22863,SOAP DISH BROCANTE,706,2032.38
22156,HEART DECORATION WITH PEARLS ,2091,2024.9199999999998
22414,DOORMAT NEIGHBOURHOOD WITCH ,277,2022.19
23490,T-LIGHT HOLDER HANGING LOVE BIRD,539,2021.52
37450,CERAMIC CAKE BOWL + HANGING CAKES,678,2021.3400000000001
22115,METAL SIGN EMPIRE TEA,1549,2020.91
23251,VINTAGE RED ENAMEL TRIM MUG ,1642,2018.25
22070,SMALL RED RETROSPOT MUG IN BOX ,652,2017.86
23543,KEEP CALM WALL ART ,269,2015.97
20674,GREEN POLKADOT BOWL,1557,2008.73
23268,SET OF 2 CERAMIC CHRISTMAS REINDEER,1435,2000.74
23274,STAR T-LIGHT HOLDER WILLIE WINKIE,1177,2000.0499999999997
21864,UNION JACK FLAG PASSPORT COVER ,808,1999.69
23289,DOLLY GIRL CHILDRENS BOWL,1610,1998.7
23066,SMALL DECO JEWELLERY STAND,242,1997.56
23315,IVORY REFECTORY CLOCK,201,1996.44
23020,GLASS  SONGBIRD STORAGE JAR,163,1991.49
22080,RIBBON REEL POLKADOTS ,1196,1986.98
23357,HOT WATER BOTTLE SEX BOMB,450,1982.0500000000002
22593,CHRISTMAS GINGHAM STAR,2119,1981.9599999999998
85049G,CHOCOLATE BOX RIBBONS ,1594,1981.69
22891,TEA FOR ONE POLKADOT,390,1980.68
22788,BROCANTE COAT RACK,214,1969.16
22477,WATERING CAN GARDEN MARKER,1363,1966.65
21916,SET 12 RETRO WHITE CHALK STICKS,4575,1963.4099999999999
22931,BAKING MOULD HEART WHITE CHOCOLATE,813,1963.3
22928,YELLOW GIANT GARDEN THERMOMETER,282,1958.0500000000002
84880,WHITE WIRE EGG HOLDER,303,1957.64
15039,SANDALWOOD FAN,2064,1956.54
85123a,WHITE HANGING HEART T-LIGHT HOLDER,292,1952.4799999999998
22897,OVEN MITT APPLES DESIGN,1308,1952.2
22466,FAIRY TALE COTTAGE NIGHT LIGHT,959,1951.29
22859,EASTER TIN BUNNY BOUQUET,1171,1950.2699999999998
23374,RED SPOT PAPER GIFT BAG,2440,1949.7099999999998
23145,ZINC T-LIGHT HOLDER STAR LARGE,2049,1946.2299999999998
20992,JAZZ HEARTS PURSE NOTEBOOK,4425,1944.6299999999999
51014A,"FEATHER PEN,HOT PINK",3770,1938.86
84596F,SMALL MARSHMALLOWS PINK BOWL,3716,1936.8999999999999
22639,SET OF 4 NAPKIN CHARMS HEARTS,805,1935.1599999999999
21591,COSY HOUR CIGAR BOX MATCHES ,1320,1928.6399999999999
22412,METAL SIGN NEIGHBOURHOOD WITCH ,909,1927.65
23231,WRAP DOILEY DESIGN,4703,1927.26
22101,MIRROR MOSAIC VOTIVE HOLDER,1114,1926.81
21192,WHITE BELL HONEYCOMB PAPER ,1092,1923.2899999999997
84031A,CHARLIE+LOLA RED HOT WATER BOTTLE ,410,1920.91
21112,SWISS ROLL TOWEL PINK  SPOTS,706,1913.6899999999998
20963,APPLE BATH SPONGE,1336,1911.17
22183,CAKE STAND VICTORIAN FILIGREE MED,320,1907.0600000000002
22579,WOODEN TREE CHRISTMAS SCANDINAVIAN,5071,1906.4199999999998
84968F,SET OF 16 VINTAGE SKY BLUE CUTLERY,177,1905.6799999999998
22594,CHRISTMAS GINGHAM TREE,2005,1904.9199999999998
22824,3 TIER SWEETHEART GARDEN SHELF,54,1902.3000000000002
23094,LE GRAND TRAY CHIC SET,150,1899.92
21622,VINTAGE UNION JACK CUSHION COVER,362,1893.54
23068,ALUMINIUM STAMPED HEART,779,1892.2300000000002
23491,VINTAGE JINGLE BELLS HEART,227,1889.51
22959,WRAP CHRISTMAS VILLAGE,4601,1888.42
22199,FRYING PAN RED RETROSPOT,458,1888.34
37446,MINI CAKE STAND WITH HANGING CAKES,1285,1887.24
22509,SEWING BOX RETROSPOT DESIGN ,193,1885.34
23358,HOT STUFF HOT WATER BOTTLE,556,1882.44
23394,POSTE FRANCE CUSHION COVER,435,1877.65
20982,12 PENCILS TALL TUBE SKULLS,2147,1877.27
23434,3 RAFFIA RIBBONS 50'S CHRISTMAS ,2085,1876.27
85061W,WHITE JEWELLED HEART DECORATION,2139,1876.1999999999998
22312,OFFICE MUG WARMER POLKADOT,619,1873.7900000000002
22291,HANGING CHICK CREAM DECORATION,1265,1871.2199999999998
22534,MAGIC DRAWING SLATE SPACEBOY ,4494,1870.28
22935,BAKING MOULD ROSE MILK CHOCOLATE,618,1868.82
22186,RED STAR CARD HOLDER,795,1865.33
70006,LOVE HEART POCKET WARMER,2702,1863.98
21988,PACK OF 6 SKULL PAPER PLATES,2321,1862.75
23090,VINTAGE GLASS T-LIGHT HOLDER,2228,1862.56
22602,RETROSPOT WOODEN HEART DECORATION,2036,1852.28
23128,FELTCRAFT BOY JEAN-PAUL KIT,359,1850.1100000000001
15058B,PINK POLKADOT GARDEN PARASOL,223,1847.9199999999998
23235,STORAGE TIN VINTAGE LEAF,698,1845.64
21068,VINTAGE BILLBOARD LOVE/HATE MUG,1596,1844.67
22858,EASTER TIN KEEPSAKE,1116,1844.2799999999997
21557,SET OF 6 FUNKY BEAKERS,551,1843.6100000000001
23378,PACK OF 12 50'S CHRISTMAS TISSUES,3997,1840.08
16169E,WRAP 50'S  CHRISTMAS,4438,1839.96
22944,CHRISTMAS METAL POSTCARD WITH BELLS,3362,1837.71
22651,GENTLEMAN SHIRT REPAIR KIT ,2166,1837.4699999999998
22428,ENAMEL FIRE BUCKET CREAM,243,1833.91
23109,LED TEA LIGHTS,634,1826.76
21564,PINK  HEART SHAPE LOVE BUCKET ,1039,1823.5700000000002
22223,CAKE PLATE LOVEBIRD PINK,441,1821.6100000000001
21870,I CAN ONLY PLEASE ONE PERSON MUG,1381,1818.96
22364,GLASS JAR DIGESTIVE BISCUITS,549,1818.8700000000001
21534,DAIRY MAID LARGE MILK JUG,357,1814.8300000000002
15044D,RED PAPER PARASOL,642,1814.26
22027,TEA PARTY BIRTHDAY CARD,4200,1811.79
22712,CARD DOLLY GIRL ,4410,1811.7
23228,FILIGREE HEART BIRD WHITE ,1348,1810.24
72807B,SET/3 OCEAN SCENT CANDLE JEWEL BOX,392,1809.46
72807A,SET/3 ROSE CANDLE IN JEWELLED BOX,384,1807.32
15060B,FAIRY CAKE DESIGN UMBRELLA,450,1803.8
22198,LARGE POPCORN HOLDER ,982,1801.56
22200,FRYING PAN PINK POLKADOT,394,1794.48
21245,GREEN POLKADOT PLATE ,1075,1787.1999999999998
23160,REGENCY TEA SPOON,1444,1786.98
21713,CITRONELLA CANDLE FLOWERPOT,770,1785.39
23317,BLUE REFECTORY CLOCK ,173,1777.46
23155,KNICKERBOCKERGLORY MAGNET ASSORTED ,2052,1775.06
21114,LAVENDER SCENTED FABRIC HEART,1331,1765.58
23148,MINIATURE ANTIQUE ROSE HOOK IVORY,2078,1764.7199999999998
21034,REX CASH+CARRY JUMBO SHOPPER,1857,1764.1499999999999
22562,MONSTERS STENCIL CRAFT,1413,1763.3700000000001
85035C,ROSE 3 WICK MORRIS BOX CANDLE,1137,1760.66
22452,MEASURING TAPE BABUSHKA PINK,721,1757.3600000000001
22536,MAGIC DRAWING SLATE PURDEY,4621,1756.13
22710,WRAP I LOVE LONDON ,4451,1753.42
22314,OFFICE MUG WARMER CHOC+BLUE,568,1753.2200000000003
21832,CHOCOLATE CALCULATOR,929,1748.85
23359,SET OF 12 T-LIGHTS VINTAGE DOILY,929,1747.51
21056,DOCTOR'S BAG SOFT TOY,182,1747.5
23399,HOME SWEET HOME HANGING HEART,1914,1745.55
21584,RETROSPOT SMALL TUBE MATCHES,1058,1741.7
23101,SILVER STARS TABLE DECORATION,2031,1739.6299999999999
23096,PETIT TRAY CHIC,1033,1736.6899999999998
22852,DOG BOWL VINTAGE CREAM,385,1736.6299999999999
21873,IF YOU CAN'T STAND THE HEAT MUG,1527,1734.23
23372,SET 36 COLOUR PENCILS DOLLY GIRL,1373,1730.29
22588,CARD HOLDER GINGHAM HEART,489,1729.4499999999998
22119,PEACE WOODEN BLOCK LETTERS,344,1727.92
23075,PARLOUR CERAMIC WALL HOOK,416,1727.9
47570B,TEA TIME TABLE CLOTH,185,1727.23
85034C,3 ROSE MORRIS BOXED CANDLES,1109,1727.0
20981,12 PENCILS TALL TUBE WOODLAND,1955,1724.4199999999998
21329,DINOSAURS  WRITING SET ,941,1723.6899999999998
23122,PARTY CHARMS 50 PIECES,2248,1723.6
22932,BAKING MOULD TOFFEE CUP CHOCOLATE,758,1722.78
85015,SET OF 12  VINTAGE POSTCARD SET,2180,1718.5400000000002
35004C,SET OF 3 COLOURED  FLYING DUCKS,358,1717.5
21055,TOOL BOX SOFT TOY ,172,1710.9399999999998
22227,HANGING HEART MIRROR DECORATION ,2339,1706.77
22832,BROCANTE SHELF WITH HOOKS,155,1706.57
23181,BULL DOG BOTTLE TOP WALL CLOCK,197,1700.57
22934,BAKING MOULD EASTER EGG WHITE CHOC,586,1698.6200000000001
22544,MINI JIGSAW SPACEBOY,4475,1696.86
21917,SET 12 KIDS  WHITE CHALK STICKS,4138,1696.47
22037,ROBOT BIRTHDAY CARD,3929,1695.32
37340,MULTICOLOUR SPRING FLOWER MUG,2541,1694.6899999999998
23073,GEORGIAN TRINKET BOX,142,1694.0
22816,CARD MOTORBIKE SANTA,3987,1691.76
21586,KINGS CHOICE GIANT TUBE MATCHES,730,1688.7
21544,SKULLS  WATER TRANSFER TATTOOS ,1972,1687.6799999999998
21207,SKULL AND CROSSBONES  GARLAND ,1067,1684.85
51008,AFGHAN SLIPPER SOCK PAIR,517,1683.65
20961,STRAWBERRY BATH SPONGE ,1182,1682.93
16161U,WRAP SUKI AND FRIENDS,4050,1677.0
21812,GARLAND WITH HEARTS AND BELLS,379,1676.97
22674,FRENCH TOILET SIGN BLUE METAL,1333,1676.47
23368,SET 12 COLOUR PENCILS DOLLY GIRL ,2373,1675.65
22419,LIPSTICK PEN RED,3332,1670.58
23214,JINGLE BELL HEART ANTIQUE GOLD,777,1670.0800000000002
22335,HEART DECORATION PAINTED ZINC ,2380,1668.89
22076,6 RIBBONS EMPIRE  ,1259,1667.8799999999999
22479,DAISY GARDEN MARKER,1139,1658.57
22789,T-LIGHT HOLDER SWEETHEART HANGING,843,1655.07
22913,RED COAT RACK PARIS FASHION,348,1653.3500000000001
21578,WOODLAND DESIGN  COTTON TOTE BAG,744,1653.26
23505,PLAYING CARDS I LOVE LONDON ,1200,1651.29
47566b,TEA TIME PARTY BUNTING,199,1651.1499999999999
21111,"SWISS ROLL TOWEL, CHOCOLATE  SPOTS",900,1651.02
21577,SAVE THE PLANET COTTON TOTE BAG,713,1649.1499999999999
84968D,SET OF 16 VINTAGE RED CUTLERY,156,1648.72
21981,PACK OF 12 WOODLAND TISSUES ,5461,1648.57
22220,CAKE STAND LOVEBIRD 2 TIER WHITE,209,1647.75
21845,DAIRY MAID STRIPE MUG,1854,1644.66
22526,WHEELBARROW FOR CHILDREN ,119,1643.76
23273,HEART T-LIGHT HOLDER WILLIE WINKIE,965,1642.4499999999998
22161,HEART DECORATION RUSTIC HANGING ,5059,1641.19
22332,SKULLS PARTY BAG + STICKER SET,1008,1638.3999999999999
23270,SET OF 2 CERAMIC PAINTED HEARTS ,1168,1637.62
22853,CAT BOWL VINTAGE CREAM,466,1636.46
23366,SET 12 COLOURING PENCILS DOILY,2200,1636.1000000000001
22154,ANGEL DECORATION 3 BUTTONS ,3738,1633.73
15058A,BLUE POLKADOT GARDEN PARASOL,195,1631.14
84510A,SET OF 4 ENGLISH ROSE COASTERS,1195,1629.07
85034B,3 WHITE CHOC MORRIS BOXED CANDLES,945,1628.78
22375,AIRLINE BAG VINTAGE JET SET BROWN,346,1626.54
23391, I LOVE LONDON MINI BACKPACK,388,1624.02
22975,SPACEBOY CHILDRENS EGG CUP,1203,1623.38
22799,SWEETHEART WIRE FRUIT BOWL,207,1623.08
22473,TV DINNER TRAY VINTAGE PAISLEY,503,1623.04
21706,FOLDING UMBRELLA RED/WHITE POLKADOT,346,1616.81
22445,PENCIL CASE LIFE IS BEAUTIFUL,534,1615.91
23217,LAUREL HEART ANTIQUE SILVER,1309,1613.82
23483,HANGING  BUTTERFLY T-LIGHT HOLDER,1306,1610.12
21206,STRAWBERRY HONEYCOMB  GARLAND ,1288,1607.62
22671,FRENCH LAUNDRY SIGN BLUE METAL,961,1607.2499999999998
22292,HANGING CHICK  YELLOW DECORATION,1136,1604.51
35953,FOLKART STAR CHRISTMAS DECORATIONS,3557,1603.6699999999998
22305,COFFEE MUG PINK PAISLEY DESIGN,692,1602.03
21394,RED POLKADOT BEAKER ,3843,1595.1899999999998
22095,LADS ONLY TISSUE BOX,1634,1594.9
22948,METAL DECORATION NAUGHTY CHILDREN ,1587,1593.09
22475,SKULL DESIGN TV DINNER TRAY,313,1590.82
22166,WALL MIRROR RECTANGLE DIAMANTE PINK,204,1590.55
23348,CHILDRENS TOY COOKING UTENSIL SET,723,1586.55
15056n,EDWARDIAN PARASOL NATURAL,127,1585.2800000000002
21967,PACK OF 12 SKULL TISSUES,5271,1582.1499999999999
23369,SET 36 COLOUR PENCILS LOVE LONDON,1105,1581.06
46000M,POLYESTER FILLER PAD 45x45cm,1020,1581.0
85040A,S/4 PINK FLOWER CANDLES IN BOWL,871,1579.27
23244,ROUND STORAGE TIN VINTAGE LEAF,855,1576.6299999999999
22284,HEN HOUSE DECORATION,914,1575.62
21509,COWBOYS AND INDIANS BIRTHDAY CARD ,3741,1572.28
85206A,CREAM FELT EASTER EGG BASKET,974,1568.9299999999998
22085,PAPER CHAIN KIT SKULLS ,548,1566.99
22583,PACK OF 6 HANDBAG GIFT BOXES,571,1565.3
22676,FRENCH BLUE METAL DOOR SIGN 1,1144,1564.64
22449,SILK PURSE BABUSHKA PINK,485,1563.8500000000001
23287,RED VINTAGE SPOT BEAKER,1828,1560.04
22208,WOOD STAMP SET THANK YOU,1496,1559.8799999999999
85132A,CHARLIE + LOLA BISCUITS TINS,543,1557.87
21744,SNOWFLAKE PORTABLE TABLE LIGHT ,529,1557.65
21913,VINTAGE SEASIDE JIGSAW PUZZLES,395,1554.58
22503,CABIN BAG VINTAGE PAISLEY,80,1548.27
20665,RED RETROSPOT PURSE ,461,1546.2700000000002
21626,VINTAGE UNION JACK PENNANT,772,1541.8999999999999
21898,POTTING SHED ROSE CANDLE,493,1541.11
84971S,SMALL HEART FLOWERS HOOK ,1760,1539.6
23226,FILIGREE HEART DAISY WHITE,1199,1536.67
10133,COLOURING PENCILS BROWN TUBE,2846,1535.4
22434,BALLOON PUMP WITH 10 BALLOONS,775,1535.31
21200,MULTICOLOUR HONEYCOMB PAPER GARLAND,1119,1531.1399999999999
22176,BLUE OWL SOFT TOY,510,1530.9800000000002
22828,REGENCY MIRROR WITH SHUTTERS,10,1530.0
84968E,SET OF 16 VINTAGE BLACK CUTLERY,132,1522.53
22494,EMERGENCY FIRST AID TIN ,1048,1522.27
22675,FRENCH KITCHEN SIGN BLUE METAL,1213,1521.41
20985,HEART CALCULATOR,1163,1521.16
22318,FIVE HEART HANGING DECORATION,455,1520.9700000000003
22600,CHRISTMAS RETROSPOT STAR WOOD,1670,1519.4299999999998
22731,3D CHRISTMAS STAMPS STICKERS ,1158,1518.74
22472,TV DINNER TRAY DOLLY GIRL,318,1517.1100000000001
85049C,ROMANTIC PINKS RIBBONS ,1215,1515.69
22982,PANTRY PASTRY BRUSH,1130,1513.77
22818,CARD CHRISTMAS VILLAGE,3537,1510.08
21069,VINTAGE BILLBOARD TEA MUG,1248,1507.46
22530,MAGIC DRAWING SLATE DOLLY GIRL ,3604,1506.38
84279P,CHERRY BLOSSOM  DECORATIVE FLASK,361,1505.71
22905,CALENDAR IN SEASON DESIGN,581,1502.2900000000002
20668,DISCO BALL CHRISTMAS DECORATION,12883,1501.4
22474,SPACEBOY TV DINNER TRAY,271,1500.27
22471,TV DINNER TRAY AIR HOSTESS ,418,1500.07
23280,FOLDING BUTTERFLY MIRROR HOT PINK ,1865,1493.58
23334,IVORY WICKER HEART SMALL,2271,1491.75
72349B,SET/6 PURPLE BUTTERFLY T-LIGHTS,729,1486.69
21327,SKULLS WRITING SET ,864,1484.1299999999999
22398,MAGNETS PACK OF 4 SWALLOWS,2491,1484.12
23271,CHRISTMAS TABLE SILVER CANDLE SPIKE,1715,1483.61
84580,MOUSE TOY WITH PINK T-SHIRT,389,1482.43
23559,WOODLAND BUNNIES LOLLY MAKERS,649,1482.41
21447,12 IVORY ROSE PEG PLACE SETTINGS,968,1476.85
21619,4 VANILLA BOTANICAL CANDLES,974,1476.4
22203,MILK PAN RED RETROSPOT,401,1475.63
22802,FAUX FUR CHOCOLATE THROW,87,1474.74
23267,SET OF 4 SANTA PLACE SETTINGS,1154,1471.95
21528,DAIRY MAID TRADITIONAL TEAPOT ,201,1464.27
23365,SET 12 COLOUR PENCILS LOVE LONDON,1857,1463.0800000000002
22770,MIRROR CORNICE,90,1455.8799999999999
21361,LOVE LARGE WOOD LETTERS ,102,1454.96
22696,WICKER WREATH LARGE,729,1452.55
21191,LARGE WHITE HONEYCOMB PAPER BELL  ,562,1451.82
21470,FLOWER VINE RAFFIA FOOD COVER,376,1451.57
21352,EUCALYPTUS & PINECONE  WREATH,369,1450.5100000000002
22664,TOY TIDY DOLLY GIRL DESIGN,701,1447.65
37342,POLKADOT COFFEE CUP & SAUCER PINK,1514,1443.33
23034,DRAWER KNOB CERAMIC BLACK,973,1439.97
21792,CLASSIC FRENCH STYLE BASKET GREEN ,335,1439.77
37495,FAIRY CAKE BIRTHDAY CANDLE SET,391,1438.49
21829,DINOSAUR KEYRINGS ASSORTED,6657,1438.06
21872,GLAMOROUS  MUG,1276,1437.26
15044A,PINK PAPER PARASOL ,457,1436.0700000000002
22713,CARD I LOVE LONDON ,3433,1434.0
21705,BAG 500g SWIRLY MARBLES,1439,1430.57
15058C,ICE CREAM DESIGN GARDEN PARASOL,240,1429.82
21620,SET OF 4 ROSE BOTANICAL CANDLES,881,1429.49
23392,SPACEBOY ROCKET LOLLY MAKERS,638,1425.1100000000001
85054,FRENCH ENAMEL POT W LID,583,1422.23
22458,CAST IRON HOOK GARDEN FORK,523,1421.83
23086,ZINC  STAR T-LIGHT HOLDER ,1201,1421.43
22285,HANGING HEN ON NEST DECORATION,828,1418.82
21407,BROWN CHECK CAT DOORSTOP ,289,1416.86
22531,MAGIC DRAWING SLATE CIRCUS PARADE  ,3382,1412.41
22714,CARD BIRTHDAY COWBOY,3475,1410.69
22576,SWALLOW WOODEN CHRISTMAS DECORATION,1532,1409.36
82567,"AIRLINE LOUNGE,METAL SIGN",711,1408.07
22182,CAKE STAND VICTORIAN FILIGREE SMALL,369,1405.73
84536A,ENGLISH ROSE NOTEBOOK A7 SIZE,3106,1396.46
84031B,CHARLIE LOLA BLUE HOT WATER BOTTLE ,282,1394.77
84795B,SUNSET CHECK HAMMOCK,176,1390.64
84813,SET OF 4 DIAMOND NAPKIN RINGS,165,1389.84
23470,CARD HOLDER LOVE BIRD LARGE ,220,1389.8
22306,SILVER MUG BONE CHINA TREE OF LIFE,1145,1387.15
21424,WOODLAND STORAGE BOX LARGE ,341,1386.27
22436,12 COLOURED PARTY BALLOONS,2114,1385.51
23104,IVORY CAFE HANGING LAMP ,116,1380.42
23119,PACK OF 6 LARGE FRUIT STRAWS ,2246,1379.38
22735,RIBBON REEL SOCKS AND MITTENS,741,1379.21
22939,APRON APPLE DELIGHT,271,1377.49
22443,GROW YOUR OWN HERBS SET OF 3,162,1375.8400000000001
23376,PACK OF 12 VINTAGE CHRISTMAS TISSUE,3015,1375.55
22677,FRENCH BLUE METAL DOOR SIGN 2,990,1375.32
21519,GIN & TONIC DIET GREETING CARD ,3263,1374.1
21071,VINTAGE BILLBOARD DRINK ME MUG,985,1373.92
22976,CIRCUS PARADE CHILDRENS EGG CUP ,1053,1372.76
21382,SET/4 SPRING FLOWER DECORATION,1135,1370.53
22915,ASSORTED BOTTLE TOP  MAGNETS ,3062,1368.62
23546,WRAP PAISLEY PARK ,3250,1365.0
22047,EMPIRE GIFT WRAP,3350,1363.0
51014C,"FEATHER PEN,COAL BLACK",2577,1362.83
22609,PENS ASSORTED SPACEBALL,5838,1361.26
22716,CARD CIRCUS PARADE,3201,1360.91
85227,SET OF 6 3D KIT CARDS FOR KIDS,1477,1359.3999999999999
84818,DANISH ROSE PHOTO FRAME,1328,1359.36
23250,VINTAGE RED TRIM ENAMEL BOWL ,1034,1359.23
22591,CARDHOLDER GINGHAM CHRISTMAS TREE,354,1353.36
22304,COFFEE MUG BLUE PAISLEY DESIGN,761,1352.88
23000,TRAVEL CARD WALLET TRANSPORT,3130,1351.9
21123,SET/10 IVORY POLKADOT PARTY CANDLES,1119,1350.84
22754,SMALL RED BABUSHKA NOTEBOOK ,1951,1350.4699999999998
22063,CERAMIC BOWL WITH STRAWBERRY DESIGN,577,1349.75
21615,4 LAVENDER BOTANICAL DINNER CANDLES,891,1347.92
22421,LIPSTICK PEN FUSCHIA,2595,1346.26
23536,WALL ART VILLAGE SHOW ,236,1345.91
22911,PAPER CHAIN KIT LONDON,457,1340.39
23414,ZINC BOX SIGN HOME,137,1338.9499999999998
23469,CARD HOLDER LOVE BIRD SMALL,328,1338.64
21987,PACK OF 6 SKULL PAPER CUPS,2100,1338.2
22293,HANGING CHICK GREEN DECORATION,903,1335.87
21439,BASKET OF TOADSTOOLS,1022,1334.67
21363,HOME SMALL WOOD LETTERS,229,1334.64
22917,HERB MARKER ROSEMARY,1925,1332.42
72802B,OCEAN SCENT CANDLE IN JEWELLED BOX,574,1331.24
22949,36 DOILIES DOLLY GIRL,899,1330.49
23538,WALL ART VINTAGE HEART,331,1329.54
21246,RED RETROSPOT BIG BOWL,284,1326.88
23040,PAPER LANTERN 9 POINT SNOW STAR ,241,1325.03
85183B,CHARLIE & LOLA WASTEPAPER BIN FLORA,996,1323.37
21039,RED RETROSPOT SHOPPING BAG,511,1323.09
22299,PIG KEYRING WITH LIGHT & SOUND ,1327,1321.97
23249,VINTAGE RED ENAMEL TRIM PLATE,775,1318.59
22742,MAKE YOUR OWN PLAYTIME CARD KIT,637,1317.67
22399,MAGNETS PACK OF 4 CHILDHOOD MEMORY,1128,1317.08
23232,WRAP VINTAGE PETALS  DESIGN,3250,1317.0
22650,CERAMIC PIRATE CHEST MONEY BANK,848,1316.35
23221,REINDEER HEART DECORATION SILVER,1478,1314.8999999999999
72802A,ROSE SCENT CANDLE IN JEWELLED BOX,319,1313.79
23373,VINTAGE CHRISTMAS PAPER GIFT BAG,1608,1313.3899999999999
22912,YELLOW COAT RACK PARIS FASHION,281,1312.69
22920,HERB MARKER BASIL,1896,1312.29
21686,MEDINA STAMPED METAL STOOL,34,1311.69
90057,DIAMANTE RING ASSORTED IN BOX.,1008,1311.3600000000001
21179,NO JUNK MAIL METAL SIGN,1928,1309.11
84828,JUNGLE POPSICLES ICE LOLLY MOULDS,936,1308.8700000000001
21195,PINK  HONEYCOMB PAPER BALL ,693,1308.56
23405,HOME SWEET HOME 2 DRAWER CABINET,251,1306.53
22916,HERB MARKER THYME,1893,1306.41
21624,VINTAGE UNION JACK DOORSTOP,211,1301.8100000000002
21627,ELEPHANT CARNIVAL POUFFE,63,1299.83
22028,PENNY FARTHING BIRTHDAY CARD,3030,1299.1
21793,CLASSIC FRENCH STYLE BASKET BROWN,304,1296.6100000000001
22310,IVORY KNITTED MUG COSY ,668,1296.23
21866,UNION JACK FLAG LUGGAGE TAG,747,1292.38
85199S,SMALL HANGING IVORY/RED WOOD BIRD,2636,1292.23
21422,PORCELAIN ROSE SMALL,1603,1291.6
22073,RED RETROSPOT STORAGE JAR,322,1291.14
37447,CERAMIC CAKE DESIGN SPOTTED PLATE,803,1289.3899999999999
21616,4 PEAR BOTANICAL DINNER CANDLES,822,1288.34
22372,AIRLINE BAG VINTAGE WORLD CHAMPION ,278,1285.24
21064,BOOM BOX SPEAKER BOYS,296,1281.2
22461,SAVOY ART DECO CLOCK,216,1280.13
22686,FRENCH BLUE METAL DOOR SIGN No,969,1278.38
21408,SPOTTY PINK DUCK DOORSTOP,283,1274.31
47480,HANGING PHOTO CLIP ROPE LADDER,746,1274.1699999999998
21901,"KEY FOB , BACK DOOR ",1819,1272.04
21211,SET OF 72 SKULL PAPER  DOILIES,883,1270.07
21897,POTTING SHED CANDLE CITRONELLA,405,1268.1899999999998
22918,HERB MARKER PARSLEY,1857,1267.5500000000002
21090,SET/6 COLLAGE PAPER PLATES,2377,1260.1499999999999
21902,"KEY FOB , FRONT  DOOR ",1953,1256.5200000000002
21820,GLITTER HEART GARLAND WITH BELLS ,299,1255.97
23061,VINTAGE EMBOSSED HEART,952,1253.93
22977,DOLLY GIRL CHILDRENS EGG CUP,949,1251.36
85059,FRENCH ENAMEL WATER BASIN,403,1250.61
22439,6 ROCKET BALLOONS ,1830,1249.02
22572,ROCKING HORSE GREEN CHRISTMAS ,1380,1244.6699999999998
22804,PINK HANGING HEART T-LIGHT HOLDER,716,1244.3600000000001
23511,EMBROIDERED RIBBON REEL EMILY ,566,1241.6100000000001
23237,SET OF 4 KNICK KNACK TINS LEAVES ,303,1241.3300000000002
22922,FRIDGE MAGNETS US DINER ASSORTED,1353,1239.6
21175,GIN AND TONIC DIET METAL SIGN,498,1237.5
23067,HANGING ENGRAVED METAL HEART,294,1236.66
22362,GLASS JAR PEACOCK BATH SALTS,375,1232.0900000000001
47503A,ASS FLORAL PRINT MULTI SCREWDRIVER,2698,1229.04
22603,CHRISTMAS RETROSPOT TREE WOOD,1374,1224.33
22338,STAR DECORATION PAINTED ZINC ,4658,1221.64
22074,6 RIBBONS SHIMMERING PINKS ,1390,1219.87
22315,200 RED + WHITE BENDY STRAWS,916,1218.93
82599,FANNY'S REST STOPMETAL SIGN,508,1217.73
23462,ROCOCO WALL MIRROR WHITE,60,1217.04
23598,PAPER BUNTING VINTAGE PARTY,427,1215.53
22613,PACK OF 20 SPACEBOY NAPKINS,1528,1214.11
23138,SINGLE WIRE HOOK IVORY HEART,867,1214.11
22919,HERB MARKER MINT,1741,1214.0600000000002
22589,CARDHOLDER GINGHAM STAR,379,1212.82
71038,WHITE HANGING BEADS CANDLE HOLDER,233,1212.25
82578,KITCHEN METAL SIGN,2046,1211.25
72800E,4 IVORY DINNER CANDLES SILVER FLOCK,538,1205.64
22575,METAL MERRY CHRISTMAS WREATH,630,1204.52
22071,SMALL WHITE RETROSPOT MUG IN BOX ,443,1203.8
72817,SET OF 2 CHRISTMAS DECOUPAGE CANDLE,1188,1202.27
23142,IVORY WIRE KITCHEN ORGANISER,119,1201.2700000000002
84884A,ANT WHITE WIRE HEART SPIRAL,300,1197.96
21986,PACK OF 12 PINK POLKADOT TISSUES,4067,1197.73
22755,SMALL PURPLE BABUSHKA NOTEBOOK ,1687,1187.96
23444,Next Day Carriage,78,1185.0
21070,VINTAGE BILLBOARD MUG ,1106,1184.98
22453,MEASURING TAPE BABUSHKA BLUE,441,1182.8400000000001
84012,MAGIC SHEEP WOOL GROWING FROM PAPER,1145,1181.99
22711,WRAP CIRCUS PARADE,2852,1181.84
35924,HANGING FAIRY CAKE DECORATION,641,1181.79
23539,WALL ART LOVES' SECRET ,239,1180.35
21537,RED RETROSPOT PUDDING BOWL,277,1179.21
21262,WHITE GOOSE FEATHER CHRISTMAS TREE ,327,1176.46
85039B,S/4 IVORY MINI ROSE CANDLE IN BOWL,806,1174.6299999999999
22921,HERB MARKER CHIVES ,1704,1173.0700000000002
23026,DRAWER KNOB VINTAGE GLASS STAR,542,1169.8400000000001
21742,LARGE ROUND WICKER PLATTER ,194,1167.58
22757,LARGE RED BABUSHKA NOTEBOOK ,1095,1166.49
23418,LAVENDER TOILETTE BOTTLE,557,1166.0
84313C,ORANGE TV TRAY TABLE ,504,1165.9099999999999
23515,EMBROIDERED RIBBON REEL DAISY ,579,1164.98
21899,"KEY FOB , GARAGE DESIGN",1859,1164.21
23508,MINI PLAYING CARDS DOLLY GIRL ,2625,1162.6100000000001
22334,DINOSAUR PARTY BAG + STICKER SET,707,1160.7099999999998
21065,BOOM BOX SPEAKER GIRLS,562,1160.58
22081,RIBBON REEL FLORA + FAUNA ,634,1160.0
20984,12 PENCILS TALL TUBE POSY,3761,1159.11
23431,NATURAL HANGING QUILTED HEARTS ,1433,1157.9499999999998
85132B,CHARLIE AND LOLA TABLE TINS,529,1156.1699999999998
23507,MINI PLAYING CARDS BUFFALO BILL ,2882,1155.67
21773,DECORATIVE ROSE BATHROOM BOTTLE,1170,1154.17
22442,GROW YOUR OWN FLOWERS SET OF 3,285,1153.85
23269,SET OF 2 CERAMIC CHRISTMAS TREES,779,1152.98
23566,EGG CUP MILKMAID HEIDI,877,1151.93
21774,DECORATIVE CATS BATHROOM BOTTLE,1094,1151.15
22597,MUSICAL ZINC HEART DECORATION ,2729,1150.69
22708,WRAP DOLLY GIRL,2775,1149.5
21846,PINK DIAMANTE PEN IN GIFT BOX,412,1147.57
85106,CUT GLASS HEXAGON T-LIGHT HOLDER,649,1142.31
22497,SET OF 2 TINS VINTAGE BATHROOM ,224,1140.9
20956,PORCELAIN T-LIGHT HOLDERS ASSORTED,817,1140.27
21043,APRON MODERN VINTAGE COTTON,492,1139.86
21947,SET OF 6 HEART CHOPSTICKS,811,1139.65
22678,FRENCH BLUE METAL DOOR SIGN 3,832,1137.81
22581,WOOD STOCKING CHRISTMAS SCANDISPOT,1567,1135.58
22416,SET OF 36 DOILIES SPACEBOY DESIGN ,817,1135.3999999999999
22446,PIN CUSHION BABUSHKA PINK,439,1135.18
21395,BLUE POLKADOT BEAKER ,2828,1135.1599999999999
20801,LARGE PINK GLASS SUNDAE DISH,981,1133.8
22376,AIRLINE BAG VINTAGE JET SET WHITE,252,1133.2
84912B,GREEN ROSE WASHBAG,323,1132.85
21628,TRIANGULAR POUFFE VINTAGE ,61,1131.75
47585A,PINK FAIRY CAKE CUSHION COVER,264,1129.44
22539,MINI JIGSAW DOLLY GIRL,2918,1129.32
23506,MINI PLAYING CARDS SPACEBOY ,2723,1129.1200000000001
85087,CANDY SPOT CUSHION COVER,338,1127.04
22680,FRENCH BLUE METAL DOOR SIGN 5,812,1120.29
22815,CARD PSYCHEDELIC APPLES,2628,1118.84
23510,MINI PLAYING CARDS GYMKHANA,2521,1118.8
21809,CHRISTMAS HANGING TREE WITH BELL,1964,1117.92
21466,RED FLOWER CROCHET FOOD COVER,304,1116.89
22817,CARD SUKI BIRTHDAY,2639,1114.81
23411, TRELLIS COAT RACK,226,1113.66
22155,STAR DECORATION RUSTIC,2404,1113.45
22608,PENS ASSORTED FUNKY JEWELED ,5204,1113.31
22758,LARGE PURPLE BABUSHKA NOTEBOOK  ,1195,1110.25
21693,SMALL HAMMERED SILVER CANDLEPOT ,361,1107.91
23225,CHERUB HEART DECORATION SILVER ,1271,1106.4499999999998
85114A,BLACK ENCHANTED FOREST PLACEMAT,649,1105.21
22819,"BIRTHDAY CARD, RETRO SPOT",2608,1104.81
23513,EMBROIDERED RIBBON REEL SUSIE ,560,1101.78
21688,SILVER PLATE CANDLE BOWL SMALL,348,1101.2800000000002
23375,50'S CHRISTMAS PAPER GIFT BAG,1341,1099.87
22984,CARD GINGHAM ROSE ,2693,1096.09
21984,PACK OF 12 PINK PAISLEY TISSUES ,3398,1095.1999999999998
22094,RED RETROSPOT TISSUE BOX,2101,1095.03
22168,ORGANISER WOOD ANTIQUE WHITE ,130,1094.8
22320,BIRDS MOBILE VINTAGE DESIGN,180,1093.72
22309,TEA COSY RED  STRIPE,369,1091.05
21818,GLITTER HEART DECORATION,2469,1088.5900000000001
23432,PRETTY HANGING QUILTED HEARTS,1276,1088.36
21830,ASSORTED CREEPY CRAWLIES,2573,1086.91
15056bl,EDWARDIAN PARASOL BLACK,87,1086.88
47580,TEA TIME DES TEA COSY,376,1086.12
22221,CAKE STAND LOVEBIRD 2 TIER PINK,129,1084.6399999999999
22325,MOBILE VINTAGE HEARTS ,236,1082.0
85127,SMALL SQUARE CUT GLASS CANDLESTICK,182,1081.79
84459B,YELLOW METAL CHICKEN HEART ,721,1079.67
22153,ANGEL DECORATION STARS ON DRESS,2523,1079.65
21469,POLKA DOT RAFFIA FOOD COVER,288,1077.82
22611,VINTAGE UNION JACK SHOPPING BAG,225,1077.03
23102,SILVER HEARTS TABLE DECORATION,1274,1075.03
23087,ZINC  HEART T-LIGHT HOLDER,853,1071.91
22342,HOME GARLAND PAINTED ZINC ,961,1071.3799999999999
23433,HANGING QUILTED PATCHWORK APPLES,1211,1069.57
22123,PING MICROWAVE APRON,508,1068.3799999999999
82001S,SILVER RECORD COVER FRAME,287,1067.76
21824,PAINTED METAL STAR WITH HOLLY BELLS,1892,1067.62
21819,GLITTER CHRISTMAS STAR ,2470,1066.65
22444,GROW YOUR OWN PLANT IN A CAN ,806,1066.62
21991,BOHEMIAN COLLAGE STATIONERY SET,623,1065.82
22245,"HOOK, 1 HANGER ,MAGIC GARDEN",1257,1065.75
23113,PANTRY CHOPPING BOARD,208,1065.44
21224,SET/4 SKULL BADGES,902,1065.0
23331,DECORATIVE WICKER HEART SMALL,1596,1062.28
22997,TRAVEL CARD WALLET UNION JACK,2467,1062.17
23033,DRAWER KNOB CERAMIC RED,714,1058.8999999999999
23516,EMBROIDERED RIBBON REEL SOPHIE  ,296,1058.6
22190,LOCAL CAFE MUG,676,1057.71
23529,DOLLY GIRL WALL ART,318,1055.94
21949,SET OF 6 STRAWBERRY CHOPSTICKS,801,1054.44
85035B,CHOCOLATE 3 WICK MORRIS BOX CANDLE,619,1054.1
23402,HOME SWEET HOME 3 PEG HANGER ,271,1053.53
16016,LARGE CHINESE STYLE SCISSOR,1273,1053.45
22211,WOOD STAMP SET FLOWERS,960,1052.79
22152,PLACE SETTING WHITE STAR,2403,1051.3999999999999
21391,FRENCH LAVENDER SCENT HEART,1066,1049.29
85159B,"WHITE TEA,COFFEE,SUGAR JARS",584,1047.96
23327,HANGING CLEAR MINI BOTTLE,1726,1046.42
35648,VINTAGE BEAD PINK PURSE ,954,1045.9099999999999
22363,GLASS JAR MARMALADE ,350,1045.3
85116,BLACK CANDELABRA T-LIGHT HOLDER,911,1043.88
23542,70'S ALPHABET WALL ART,150,1043.1
22066,LOVE HEART TRINKET POT,2234,1042.86
23419,HOME SWEET HOME BOTTLE ,472,1041.64
23231,WRAP  VINTAGE DOILY ,2474,1039.08
22995,TRAVEL CARD WALLET SUKI,2332,1038.06
79302M,"ART LIGHTS,FUNK MONKEY",370,1037.54
21508,VINTAGE KID DOLLY CARD ,2466,1036.9
16237,SLEEPING CAT ERASERS,4931,1035.33
22438,BALLOON ART MAKE YOUR OWN FLOWERS,1009,1034.9
23347,I LOVE LONDON BEAKER,826,1034.8
23088,ZINC HEART FLOWER T-LIGHT HOLDER,795,1033.28
21679,SKULLS  STICKERS,1140,1028.58
20967,GREY FLORAL FELTCRAFT SHOULDER BAG,265,1027.94
84944,SET OF 6 KASHMIR FOLKART BAUBLES,652,1024.56
22060,LARGE CAKE STAND HANGING HEARTS,215,1023.85
22163,HEART STRING MEMO HOLDER HANGING,850,1023.03
20966,SANDWICH BATH SPONGE,719,1022.8
21188,3D HEARTS  HONEYCOMB PAPER GARLAND,326,1021.9000000000001
22091,EMPIRE TISSUE BOX,1976,1021.35
23056,FLOWERS CHANDELIER T-LIGHT HOLDER,381,1020.3000000000001
23452,HEART MINI PORTRAIT FRAME,517,1019.81
18097C,WHITE TALL PORCELAIN T-LIGHT HOLDER,403,1019.2099999999999
22024,RAINY LADIES BIRTHDAY CARD,2394,1018.6899999999999
22459,CAST IRON HOOK GARDEN TROWEL,386,1018.19
22402,MAGNETS PACK OF 4 VINTAGE COLLAGE,1707,1018.16
21464,DISCO BALL ROTATOR BATTERY OPERATED,240,1017.0
21803,CHRISTMAS TREE STAR DECORATION,2353,1016.02
20931,BLUE POT PLANT CANDLE ,284,1015.8500000000001
15044C,PURPLE PAPER PARASOL,310,1014.94
85180A,RED HEARTS LIGHT CHAIN ,497,1014.76
21788,KIDS RAIN MAC BLUE,1271,1010.74
22679,FRENCH BLUE METAL DOOR SIGN 4,730,1010.53
22614,PACK OF 12 SPACEBOY TISSUES,2995,1009.7899999999998
21617,4 LILY  BOTANICAL DINNER CANDLES,525,1009.26
85039A,SET/4 RED MINI ROSE CANDLE IN BOWL,703,1008.9699999999999
21354,TOAST ITS - BEST MUM,799,1007.71
23544,WALL ART MID CENTURY MODERN ,163,1007.53
23153,ZINC SWEETHEART WIRE LETTER RACK,259,1005.69
22929,SCHOOL DESK AND CHAIR ,16,1004.75
51014L,"FEATHER PEN,LIGHT PINK",1975,1003.26
22279,POCKET BAG BLUE PAISLEY RED SPOT,830,1002.15
22695,WICKER WREATH SMALL,741,1001.49
22673,FRENCH GARDEN SIGN BLUE METAL,779,1001.08
23121,PACK OF 6 COCKTAIL PARASOL STRAWS,2501,1000.4399999999999
21288,STRIPEY CHOCOLATE NESTING BOXES,331,1000.21
23533,WALL ART GARDEN HAVEN ,215,998.64
21467,CHERRY CROCHET FOOD COVER,262,996.89
22923,FRIDGE MAGNETS LES ENFANTS ASSORTED,1184,996.77
23517,EMBROIDERED RIBBON REEL REBECCA ,334,996.38
23131,MISELTOE HEART WREATH CREAM,240,996.0000000000001
10125,MINI FUNKY DESIGN TAPES,1295,993.99
22069,BROWN  PIRATE TREASURE CHEST ,414,993.5
22860,EASTER TIN CHICKS PINK DAISY,574,993.0199999999999
21355,TOAST ITS - I LOVE YOU ,789,992.58
21821,GLITTER STAR GARLAND WITH BELLS ,239,992.05
23525,WALL ART BUFFALO BILL ,328,988.6000000000001
84558A,3D DOG PICTURE PLAYING CARDS,333,987.4100000000001
23281,FOLDING BUTTERFLY MIRROR RED  ,1262,985.88
22808,SET OF 6 T-LIGHTS EASTER CHICKS,327,985.7700000000001
21648,ASSORTED TUTTI FRUTTI SMALL PURSE,728,981.54
21948,SET OF 6 CAKE CHOPSTICKS,640,978.23
85232D,SET/3 DECOUPAGE STACKING TINS,190,977.6700000000001
35471D,SET OF 3 BIRD LIGHT PINK FEATHER ,1846,976.61
22924,FRIDGE MAGNETS LA VIE EN ROSE,1066,975.55
72816,SET/3 CHRISTMAS DECOUPAGE CANDLES,868,975.3199999999999
23512,EMBROIDERED RIBBON REEL ROSIE,500,975.24
20886,BOX OF 9 PEBBLE CANDLES,479,974.53
22098,BOUDOIR SQUARE TISSUE BOX,1917,971.44
21112,"SWISS ROLL TOWEL, PINK  SPOTS",653,971.44
23041,PAPER LANTERN 9 POINT SNOW STAR,222,970.98
84459A,PINK METAL CHICKEN HEART ,656,968.78
22500,SET OF 2 TINS JARDIN DE PROVENCE,248,967.05
85064,CREAM SWEETHEART LETTER RACK,213,966.95
35651,VINTAGE BEAD PINK SCARF ,439,966.04
22857,ASSORTED EASTER GIFT TAGS,1145,965.8599999999999
23514,EMBROIDERED RIBBON REEL SALLY ,472,964.9100000000001
20802,SMALL GLASS SUNDAE DISH CLEAR,700,964.4
84843,WHITE SOAP RACK WITH 2 BOTTLES,171,963.85
21389,IVORY HANGING DECORATION  BIRD,1112,963.3799999999999
23107,WHITE HEARTS WIRE PLANT POT HOLDER,343,963.27
23518,EMBROIDERED RIBBON REEL RACHEL ,355,963.07
22540,MINI JIGSAW CIRCUS PARADE ,2518,960.4399999999999
47504H,ENGLISH ROSE SPIRIT LEVEL ,974,959.38
22681,FRENCH BLUE METAL DOOR SIGN 6,698,958.34
22210,WOOD STAMP SET BEST WISHES,1017,958.04
23460,SWEETHEART WALL TIDY ,103,957.3299999999999
20846,ZINC HEART LATTICE T-LIGHT HOLDER,716,957.32
23529,WALL ART DOLLY GIRL ,319,956.0500000000002
21058,PARTY INVITES WOODLAND,1142,955.4599999999999
22209,WOOD STAMP SET HAPPY BIRTHDAY,933,954.2599999999999
84913A,SOFT PINK ROSE TOWEL ,273,952.83
84509G,SET OF 4 FAIRY CAKE PLACEMATS ,517,950.49
84596G,SMALL CHOCOLATES PINK BOWL,1855,949.0799999999999
21683,MEDIUM MEDINA STAMPED METAL BOWL ,310,948.7000000000002
22599,CHRISTMAS MUSICAL ZINC STAR,1929,947.3599999999999
21198,WHITE HEART CONFETTI IN TUBE,956,947.06
21717,EASTER TIN BUCKET,408,946.93
22262,FELT EGG COSY CHICKEN,1018,946.2099999999999
47593B,SCOTTIE DOGS BABY BIB,1987,946.13
22939,ADULT APRON APPLE DELIGHT,184,945.88
22994,TRAVEL CARD WALLET RETROSPOT,2164,944.34
15044B,BLUE PAPER PARASOL ,320,943.8800000000001
23380,PACK OF 12 VINTAGE DOILY TISSUES,2236,941.38
21507,"ELEPHANT, BIRTHDAY CARD, ",2198,940.42
22242,5 HOOK HANGER MAGIC TOADSTOOL,606,938.2799999999999
35646,VINTAGE BEAD PINK EVENING BAG,619,937.25
23183,MOTHER'S KITCHEN SPOON REST ,218,937.17
70007,HI TEC ALPINE HAND WARMER,829,936.56
84819,DANISH ROSE ROUND SEWING BOX,807,934.79
22986,WRAP GINGHAM ROSE ,2251,933.42
23540,WALL ART THE MAGIC FOREST ,148,933.16
22231,JIGSAW TREE WITH BIRDHOUSE,929,932.67
21462,"NURSERY A,B,C PAINTED LETTERS",198,932.4
23179,CLOCK MAGNET MUM'S KITCHEN,324,930.48
22281,EASTER TREE YELLOW BIRDS,131,929.44
22132,RED LOVE HEART SHAPE CUP,1026,928.8299999999999
22313,OFFICE MUG WARMER PINK,315,927.3300000000002
23527,ANIMALS AND NATURE WALL ART,267,923.97
22307,GOLD MUG BONE CHINA TREE OF LIFE,731,923.74
20686,DOLLY MIXTURE CHILDREN'S UMBRELLA,267,922.67
23178,JAM CLOCK MAGNET,322,922.44
22893,MINI CAKE STAND T-LIGHT HOLDER,1851,922.1999999999999
17091J,VANILLA INCENSE IN TIN,2084,920.67
85114C,RED ENCHANTED FOREST PLACEMAT,516,920.2199999999999
21802,CHRISTMAS TREE HEART DECORATION,2121,918.72
22270,HAPPY EASTER HANGING DECORATION,236,916.31
20752,BLUE POLKADOT WASHING UP GLOVES,405,916.2500000000001
21682,LARGE MEDINA STAMPED METAL BOWL ,179,916.11
22246,MAGIC GARDEN FELT GARLAND ,407,915.9699999999999
22046,TEA PARTY  WRAPPING PAPER ,2216,914.72
21786,POLKADOT RAIN HAT ,1915,907.75
22519,CHILDS GARDEN BRUSH PINK,411,906.7500000000001
84519A,TOMATO CHARLIE+LOLA COASTER SET,512,905.55
23338,EGG FRYING PAN RED ,425,902.9200000000001
21894,POTTING SHED SEED ENVELOPES,592,902.08
23532,WALL ART WORK REST AND PLAY  ,210,901.58
72799E,IVORY PILLAR CANDLE SILVER FLOCK,445,899.2900000000001
85114B,IVORY ENCHANTED FOREST PLACEMAT,475,899.1899999999999
21465,PINK FLOWER CROCHET FOOD COVER,237,897.8
22277,COSMETIC BAG VINTAGE ROSE PAISLEY,417,897.74
21631,HIPPY CHIC DECORATIVE PARASOL,169,896.01
22118,JOY WOODEN BLOCK LETTERS,230,895.26
23472, NINE DRAWER OFFICE TIDY,58,894.42
37501,TEA TIME TEA SET IN GIFT BOX,131,892.9300000000001
85034A,3 GARDENIA MORRIS BOXED CANDLES,491,890.65
84823,DANISH ROSE FOLDING CHAIR,112,890.4000000000001
85131A,BEADED PEARL HEART WHITE ON STICK,983,890.2099999999999
23072,MARIE ANTOINETTE TRINKET BOX SILVER,262,889.76
21189,WHITE HONEYCOMB PAPER GARLAND ,355,888.67
22814,CARD PARTY GAMES ,2129,888.47
23528,SPACEBOY WALL ART,306,885.9000000000001
22719,GUMBALL MONOCHROME COAT RACK,610,884.5500000000001
22524,CHILDRENS GARDEN GLOVES BLUE,642,883.1999999999999
46776F,WOVEN ROSE GARDEN CUSHION COVER ,210,883.12
22682,FRENCH BLUE METAL DOOR SIGN 7,666,883.0
21633,SUNFLOWER DECORATIVE PARASOL,124,882.71
23502,PLAYING CARDS VINTAGE DOILY ,701,880.16
22701,PINK DOG BOWL,533,879.89
22317,FIVE CATS HANGING DECORATION,286,879.6700000000001
85176,SEWING SUSAN 21 NEEDLE SET,917,879.62
21209,MULTICOLOUR HONEYCOMB FAN,1205,877.91
84030e,ENGLISH ROSE HOT WATER BOTTLE,108,877.76
22308,TEA COSY BLUE STRIPE,250,877.38
22565,FELTCRAFT HAIRBANDS PINK AND WHITE ,933,872.67
23479,WIRE EGG BASKET ,113,872.38
23099,FRENCH CARRIAGE LANTERN,129,872.1500000000001
22251,BIRDHOUSE DECORATION MAGIC GARDEN,696,869.49
85049H,URBAN BLACK RIBBONS ,848,869.1
21204,DAISIES  HONEYCOMB GARLAND ,499,868.4399999999999
21199,PINK  HEART CONFETTI IN TUBE,918,868.17
84536B,FAIRY CAKES NOTEBOOK A7 SIZE,2054,867.98
23545,WRAP RED VINTAGE DOILY,2100,866.0
21743,STAR PORTABLE TABLE LIGHT ,290,861.1
23002,TRAVEL CARD WALLET SKULLS,1991,860.61
22321,BIRD DECORATION RED RETROSPOT,892,860.0799999999999
23220,REINDEER HEART DECORATION GOLD,981,859.1899999999999
21708,FOLDING UMBRELLA CREAM POLKADOT,189,858.1600000000001
23423,PANTRY 3 HOOK ROLLING PIN HANGER,214,858.15
22343,PARTY PIZZA DISH RED RETROSPOT,1956,858.03
21695,SMALL SILVER FLOWER CANDLE POT,284,857.6800000000001
22683,FRENCH BLUE METAL DOOR SIGN 8,632,856.49
21823,PAINTED METAL HEART WITH HOLLY BELL,1372,854.3499999999999
23525,BUFFALO BILL WALL ART ,248,852.72
22761,CHEST 7 DRAWER MA CAMPAGNE,34,851.48
21880,RED RETROSPOT TAPE,1891,850.98
85183A,CHARLIE & LOLA WASTEPAPER BIN BLUE,665,849.54
85135C,RED DRAGONFLY HELICOPTER,105,848.4300000000001
84006,MAGIC TREE -PAPER FLOWERS,917,847.8499999999999
23564,EGG CUP MILKMAID INGRID,644,841.31
20839,FRENCH PAISLEY CUSHION COVER ,575,840.4399999999999
21694,SMALL REGAL  SILVER CANDLEPOT ,307,840.33
23551,PACK OF 12 PAISLEY PARK TISSUES ,1840,839.8399999999999
37327,ASSTD MULTICOLOUR CIRCLES MUG,1574,838.52
22706,WRAP COWBOYS  ,2032,837.44
84997a,CHILDRENS CUTLERY POLKADOT GREEN ,101,837.29
22254,FELT TOADSTOOL LARGE,657,836.8000000000001
21359,RELAX LARGE WOOD LETTERS,127,836.38
22068,BLACK PIRATE TREASURE CHEST,513,834.9399999999999
85036C,ROSE 1 WICK MORRIS BOXED CANDLE,549,834.61
23523,TREASURE AHOY WALL ART,270,833.46
22587,FELTCRAFT HAIRBAND RED AND BLUE,918,830.52
21804,WHITE CHRISTMAS GARLAND STARS TREES,225,830.03
20986,BLUE CALCULATOR RULER,654,829.74
21125,SET 6 FOOTBALL CELEBRATION CANDLES,655,828.48
22341,LOVE GARLAND PAINTED ZINC ,453,827.6299999999999
22862,LOVE HEART NAPKIN BOX ,171,826.95
21399,BLUE POLKADOT COFFEE MUG,1943,826.3199999999999
23004,TRAVEL CARD WALLET PANTRY,1818,825.88
21294,ETCHED GLASS COASTER,1618,825.49
22537,MAGIC DRAWING SLATE DINOSAUR,1881,823.84
84849D,HOT BATHS SOAP HOLDER,472,821.8199999999999
21905,MORE BUTTER METAL SIGN ,760,821.61
22276,WASH BAG VINTAGE ROSE PAISLEY,283,821.01
21291,SMALL POLKADOT CHOCOLATE GIFT BAG ,943,819.64
23017,APOTHECARY MEASURING JAR,66,813.78
85049a,TRADITIONAL CHRISTMAS RIBBONS,244,812.84
23186,FRENCH STYLE STORAGE JAR CAFE ,1970,810.2199999999999
22249,DECORATION WHITE CHICK MAGIC GARDEN,924,809.4599999999999
22162,HEART GARLAND RUSTIC PADDED,253,808.79
22093,MOTORING TISSUE BOX,1818,807.13
84509B,SET OF 4 FAIRY CAKE PLACEMATS,217,806.04
22546,MINI JIGSAW PURDEY,2102,799.56
85194L,HANGING SPRING FLOWER EGG LARGE,919,799.0899999999999
85169A,IVORY LOVE BIRD CANDLE,800,798.02
23524,HORSE & PONY WALL ART,256,797.3100000000001
72818,CHRISTMAS DECOUPAGE CANDLE,1809,796.0600000000001
21162,TOXIC AREA  DOOR HANGER ,1462,792.98
23519,EMBROIDERED RIBBON REEL CLAIRE,224,792.31
22566,FELTCRAFT HAIRBAND PINK AND PURPLE,873,789.78
22099,CARAVAN SQUARE TISSUE BOX,1431,789.34
85170D,SET/6 PINK BIRD T-LIGHT CANDLES,446,788.99
84535B,FAIRY CAKES NOTEBOOK A6 SIZE,1237,788.45
21789,KIDS RAIN MAC PINK,905,786.65
21680,WOODLAND  STICKERS,868,786.31
23568,EGG CUP HENRIETTA HEN CREAM ,629,786.27
23057,BEADED CHANDELIER T-LIGHT HOLDER,262,784.82
21642,ASSORTED TUTTI FRUTTI PEN,2353,784.1899999999999
22518,CHILDS GARDEN BRUSH BLUE,363,783.5400000000001
85173,SET/6 FROG PRINCE T-LIGHT CANDLES,474,782.27
22217,T-LIGHT HOLDER HANGING LACE,799,781.26
22705,WRAP GREEN PEARS ,1858,780.36
79160,HEART SHAPE WIRELESS DOORBELL,436,779.03
84660A,WHITE STITCHED WALL CLOCK,841,778.91
21504,SKULLS GREETING CARD,1891,778.89
85185B,PINK HORSE SOCK PUPPET,255,776.4900000000001
85032A,ROMANTIC IMAGES GIFT WRAP SET,789,776.49
22422,TOOTHPASTE TUBE PEN,1273,776.1
22228,BUNNY WOODEN PAINTED WITH BIRD ,998,776.0799999999999
84509a,SET OF 4 ENGLISH ROSE PLACEMATS,104,775.84
22451,SILK PURSE BABUSHKA RED,222,775.8000000000001
23409,PHOTO FRAME LINEN AND LACE LARGE,208,775.4300000000001
21272,SALLE DE BAIN HOOK,546,775.0699999999999
84519B,CARROT CHARLIE+LOLA COASTER SET,471,773.3
21158,MOODY GIRL DOOR HANGER ,1445,772.51
85163B,BLACK BAROQUE WALL CLOCK ,83,770.93
22133,PINK LOVE HEART SHAPE CUP,816,770.73
21983,PACK OF 12 BLUE PAISLEY TISSUES ,2277,770.7099999999999
23115,RED APPLES CHOPPING BOARD   ,152,770.32
22340,NOEL GARLAND PAINTED ZINC ,1386,769.81
22985,WRAP BILLBOARD FONTS DESIGN,1831,769.02
21084,SET/6 COLLAGE PAPER CUPS,2586,768.58
21618,4 WILDFLOWER BOTANICAL CANDLES,404,768.37
22685,FRENCH BLUE METAL DOOR SIGN 0,584,768.3
85231B,CINAMMON SET OF 9 T-LIGHTS,857,768.23
22986,GINGHAM ROSE WRAP,1829,768.18
23335,EGG FRYING PAN IVORY ,365,765.82
84997b,RED 3 PIECE RETROSPOT CUTLERY SET,91,765.55
22786,CUSHION COVER PINK UNION JACK,123,764.63
21707,FOLDING UMBRELLA BLACKBLUE POLKADOT,160,763.6600000000001
23550,WRAP ALPHABET POSTER  ,1855,763.1
22522,CHILDS GARDEN FORK BLUE ,918,762.39
85130B,BEADED CRYSTAL HEART GREEN LARGE,834,760.4300000000001
85125,SMALL ROUND CUT GLASS CANDLESTICK,161,760.39
17084R,ASSORTED INCENSE PACK,4032,760.3199999999999
21287,SCENTED VELVET LOUNGE CANDLE ,1790,760.15
10002,INFLATABLE POLITICAL GLOBE ,860,759.89
23071,MARIE ANTOINETTE TRINKET BOX GOLD,238,758.6
22753,SMALL YELLOW BABUSHKA NOTEBOOK ,1010,758.13
23106,ZINC HEARTS PLANT POT HOLDER,271,757.7900000000001
85035A,GARDENIA 3 WICK MORRIS BOXED CANDLE,270,756.8
22025,RING OF ROSES BIRTHDAY CARD,1823,756.01
22480,RED TEA TOWEL CLASSIC DESIGN,630,755.96
23123,COCKTAIL SWORDS 50 PIECES,929,754.5899999999999
84913B,MINT GREEN ROSE TOWEL,196,754.07
22252,BIRDCAGE DECORATION TEALIGHT HOLDER,637,754.07
84609,TALL ROCOCO CANDLE HOLDER,91,753.59
23124,18PC WOODEN CUTLERY SET DISPOSABLE,567,751.38
20748,KENSINGTON COFFEE SET,57,751.17
21383,PACK OF 12 STICKY BUNNIES,989,749.98
21126,SET OF 6 GIRLS CELEBRATION CANDLES,592,748.95
84279B,CHERRY BLOSSOM DECORATIVE FLASK,185,748.45
84763,ZINC FINISH 15CM PLANTER POTS,601,748.34
23025,DRAWER KNOB VINTAGE GLASS BALL,344,748.32
22481,BLACK TEA TOWEL CLASSIC DESIGN,825,747.3
23022,SMALL BONNE JAM JAR  T-LIGHT HOLDER,392,745.76
21215,IVORY PAPER CUP CAKE CASES ,1087,744.35
23282,FOLDING BUTTERFLY MIRROR IVORY ,794,742.92
22106,MIRROR MOSAIC HURRICANE LAMP ,228,741.63
22316,200 BENDY SKULL STRAWS,659,741.12
22523,CHILDS GARDEN FORK PINK,852,740.6099999999999
20733,GOLD MINI TAPE MEASURE ,934,740.36
23223,CHRISTMAS TREE HANGING SILVER ,789,740.2299999999999
85212,MINI PAINTED GARDEN DECORATION ,2451,740.15
85032B,BLOSSOM IMAGES GIFT WRAP SET,786,739.99
22336,DOVE DECORATION PAINTED ZINC ,2358,739.08
23524,WALL ART HORSE & PONY ,219,737.82
22322,BIRD DECORATION GREEN POLKADOT,808,737.61
22264,FELT FARM ANIMAL WHITE BUNNY ,1561,736.98
22258,FELT FARM ANIMAL RABBIT,905,735.14
20914,SET/5 RED SPOTTY LID GLASS BOWLS,288,734.4
22586,FELTCRAFT HAIRBAND PINK AND BLUE,808,733.75
22454,MEASURING TAPE BABUSHKA RED,258,733.4200000000001
84660B,BLACK STITCHED WALL CLOCK,707,733.28
23435,3 RAFFIA RIBBONS VINTAGE CHRISTMAS,824,732.4200000000001
15034,PAPER POCKET TRAVELING FAN ,5206,731.73
22985,"WRAP, BILLBOARD FONTS DESIGN",1951,731.42
22495,SET OF 2 ROUND TINS CAMEMBERT ,276,731.1200000000001
23006,TRAVEL CARD WALLET FLOWER MEADOW,1680,729.99
21398,RED POLKADOT COFFEE  MUG,1532,729.6
22400,MAGNETS PACK OF 4 HOME SWEET HOME,1392,728.7
22097,SWALLOW SQUARE TISSUE BOX,1586,728.49
21643,ASSORTED TUTTI FRUTTI MIRROR,538,728.31
21677,HEARTS  STICKERS,823,727.64
22250,DECORATION  BUTTERFLY  MAGIC GARDEN,815,727.55
20996,JAZZ HEARTS ADDRESS BOOK,3191,726.8900000000001
22393,PAPERWEIGHT VINTAGE COLLAGE,506,726.68
90200D,PINK SWEETHEART BRACELET,175,725.32
85131D,BEADED CRYSTAL HEART PINK ON STICK,850,725.26
21883,STARS GIFT TAPE ,1652,725.23
23562,SET OF 6 RIBBONS PERFECTLY PRETTY  ,251,724.59
23114,VINTAGE LEAF CHOPPING BOARD  ,146,723.1
21927,BLUE/CREAM STRIPE CUSHION COVER ,584,722.4
21530,DAIRY MAID TOASTRACK,716,721.38
46775D,SUNSET COLOUR CHUNKY KNITTED THROW,60,720.93
79067,CORONA MEXICAN TRAY,172,719.69
23140,TRIPLE WIRE HOOK IVORY HEART,170,716.3000000000001
22821,GIFT BAG PSYCHEDELIC APPLES,1159,714.87
21822,GLITTER CHRISTMAS TREE WITH BELLS,695,714.61
72803A,ROSE SCENT CANDLE JEWELLED DRAWER,527,713.97
21775,DECORATIVE FLORE BATHROOM BOTTLE,512,713.11
85036A,GARDENIA 1 WICK MORRIS BOXED CANDLE,210,713.1
85032C,CURIOUS IMAGES GIFT WRAP SET,671,710.74
22684,FRENCH BLUE METAL DOOR SIGN 9,518,709.82
84581,DOG TOY WITH PINK CROCHET SKIRT,187,709.71
23070,EDWARDIAN HEART PHOTO FRAME,160,709.5400000000001
21630,FLOOR CUSHION ELEPHANT CARNIVAL,68,709.1899999999999
22201,FRYING PAN BLUE POLKADOT,191,708.3
22718,CARD CAT AND TREE ,1609,707.15
22026,BANQUET BIRTHDAY  CARD  ,1632,707.04
22103,MIRROR MOSAIC T-LIGHT HOLDER ROUND,766,706.58
23487,SWEET HEART CAKE CARRIER,71,706.03
21636,MADRAS NOTEBOOK MEDIUM,913,705.16
23055,IVORY CHANDELIER T-LIGHT HOLDER,225,704.46
22514,CHILDS GARDEN SPADE BLUE,302,704.45
85103,SILVER T-LIGHT SETTING,106,704.14
21143,ANTIQUE GLASS HEART DECORATION ,325,703.3299999999999
22856,ASSORTED EASTER DECORATIONS  BELLS,548,703.32
21356,TOAST ITS - FAIRY FLOWER,642,703.3
21739,COSY SLIPPER SHOES SMALL GREEN,254,703.08
21106,CREAM SLICE FLANNEL CHOCOLATE SPOT ,237,702.51
85159A,"BLACK TEA,COFFEE,SUGAR JARS",413,700.9499999999999
21476,STEEL SWEETHEART ROUND TABLE CREAM,41,699.63
23222,CHRISTMAS TREE HANGING GOLD,775,698.61
22936,BAKING MOULD ROSE WHITE CHOCOLATE,207,697.97
85078,SCANDINAVIAN 3 HEARTS NAPKIN RING,1932,696.8
22981,PANTRY APPLE CORER,465,695.43
84707A,SILVER JEWELLED MIRROR TRINKET TRAY,95,695.23
16235,RECYCLED PENCIL WITH RABBIT ERASER,3067,695.1899999999999
85049D,BRIGHT BLUES RIBBONS ,547,694.99
84660C,PINK STITCHED WALL CLOCK,661,693.32
79164,BLACK WINE GLASS,1663,692.6700000000001
35923,CANDY HEART HANGING DECORATION,1317,690.13
16225,RATTLE SNAKE EGGS,813,689.35
22324,BLUE POLKADOT KIDS BAG,286,688.3
21650,ASSORTED TUTTI FRUTTI BRACELET,2526,688.29
23458,DOLLY CABINET 3 DRAWERS ,46,687.6999999999999
20902,VINTAGE KEEPSAKE BOX PARIS DAYS,112,686.86
21289,LARGE STRIPES CHOCOLATE GIFT BAG,547,683.75
85019B,BLOSSOM  IMAGES NOTEBOOK SET,512,682.97
21208,PASTEL COLOUR HONEYCOMB FAN,899,681.78
46776B,WOVEN BERRIES CUSHION COVER ,161,679.67
21163,DO NOT TOUCH MY STUFF DOOR HANGER ,1195,679.3
79066K,RETRO MOD TRAY,771,679.14
21317,GLASS SPHERE CANDLE STAND MEDIUM,110,679.13
85071B,RED CHARLIE+LOLA PERSONAL DOORSIGN,1288,678.72
23187,FRENCH STYLE STORAGE JAR BONBONS,2301,678.5699999999999
21066,VINTAGE RED MUG,690,678.47
79191C,RETRO PLASTIC ELEPHANT TRAY,947,678.23
22136,LOVE HEART SOCK HANGER,377,677.8299999999999
35001G,HAND OPEN SHAPE GOLD,198,677.34
22806,SET OF 6 T-LIGHTS WEDDING CAKE ,260,677.0400000000001
22403,MAGNETS PACK OF 4 VINTAGE LABELS ,1310,674.28
22999,TRAVEL CARD WALLET RETRO PETALS,1544,674.11
84659A,WHITE TRAVEL ALARM CLOCK,279,673.72
22267,EASTER DECORATION EGG BUNNY ,836,673.17
22062,CERAMIC BOWL WITH LOVE HEART DESIGN,577,672.88
47591d,PINK FAIRY CAKE CHILDRENS APRON,134,672.24
21261,GREEN GOOSE FEATHER CHRISTMAS TREE ,187,672.09
21629,SQUARE FLOOR CUSHION VINTAGE RED,71,672.05
84923,PINK BUTTERFLY HANDBAG W BOBBLES,162,671.62
20704,MR ROBOT SOFT TOY,212,669.9
22339,CHRISTMAS TREE PAINTED ZINC ,2437,666.38
47574A,ENGLISH ROSE SCENTED HANGING FLOWER,546,663.7
40001,WHITE BAMBOO RIBS LAMPSHADE,802,663.0699999999999
23024,LARGE BONNE JAM JAR  T-LIGHT HOLDER,253,662.8700000000001
37475,SET/4 COLOURFUL MIXING BOWLS,70,661.9799999999999
21613,S/12 VANILLA  BOTANICAL T-LIGHTS,227,661.9300000000001
23547,WRAP FLOWER SHOP  ,1575,661.5
23597,PAPER BUNTING PAISLEY PARK,243,661.37
23482,PEARLISED IVORY HEART LARGE ,418,661.02
23428,IVORY RETRO KITCHEN WALL CLOCK,75,659.61
18098C,PORCELAIN BUTTERFLY OIL BURNER,213,658.75
72349b,SET/6 PURPLE BUTTERFLY T-LIGHTS,159,658.51
22756,LARGE YELLOW BABUSHKA NOTEBOOK ,599,656.52
22448,PIN CUSHION BABUSHKA RED,201,656.4300000000001
20767,BLUE PAISLEY JOURNAL ,250,656.06
22615,PACK OF 12 CIRCUS PARADE TISSUES ,2061,655.4699999999999
85199L,LARGE HANGING IVORY & RED WOOD BIRD,964,654.98
22450,SILK PURSE BABUSHKA BLUE,193,654.4100000000001
23120,PACK OF 6 SMALL FRUIT STRAWS,1613,652.15
46776A,WOVEN BUBBLE GUM CUSHION COVER,155,651.95
23325,RUSTIC STRAWBERRY JAM POT SMALL,408,651.8399999999999
22204,MILK PAN BLUE POLKADOT,192,650.79
22535,MAGIC DRAWING SLATE BUNNIES ,1715,649.59
22525,CHILDRENS GARDEN GLOVES PINK,489,648.97
21187,WHITE BELL HONEYCOMB PAPER GARLAND ,369,648.4499999999999
22715,CARD WEDDING DAY,1543,645.64
23042,PAPER LANTERN 7 POINT SNOW STAR,93,645.01
85177,BASKET OF FLOWERS SEWING KIT,811,643.3599999999999
84789,ENCHANTED BIRD PLANT CAGE,186,640.72
35810A,ENAMEL PINK COFFEE CONTAINER,633,640.0899999999999
21808,"CHRISTMAS GARLAND STARS,TREES",180,637.83
23224,CHERUB HEART DECORATION GOLD,724,637.4
20658,RED RETROSPOT LUGGAGE TAG,421,637.11
21696,SMALL SILVER TRELLIS CANDLEPOT,212,637.0000000000001
23492,VINTAGE JINGLE BELLS WREATH,76,635.38
23298,"BUNTING , SPOTTY ",146,634.7
21054,NURSE'S BAG SOFT TOY,70,634.53
22533,MAGIC DRAWING SLATE BAKE A CAKE ,1758,634.31
21640,ASSORTED TUTTI FRUTTI  FOB NOTEBOOK,650,633.8299999999999
84817,DANISH ROSE DECORATIVE PLATE,914,632.94
17021,NAMASTE SWAGAT INCENSE,2391,632.34
21446,12 RED ROSE PEG PLACE SETTINGS,449,630.92
23216,LAUREL HEART ANTIQUE GOLD,525,630.73
21747,SMALL SKULL WINDMILL,473,630.61
72232,FENG SHUI PILLAR CANDLE,3317,630.23
22067,CHOC TRUFFLE GOLD TRINKET POT ,402,629.52
84596L,BISCUITS SMALL BOWL LIGHT BLUE,1254,629.38
23019,SMALL APOTHECARY MEASURING JAR ,81,629.0500000000001
23027,DRAWER KNOB VINTAGE GLASS HEXAGON,295,627.95
21417,COCKLE SHELL DISH,339,627.7
22559,SEASIDE FLYING DISC,505,626.53
21205,MULTICOLOUR 3D BALLS GARLAND,233,626.1899999999999
20735,BLACK MINI TAPE MEASURE ,623,625.8
21351,CINAMMON & ORANGE WREATH,97,625.63
84086C,PINK/PURPLE RETRO RADIO,218,622.27
20840,FRENCH FLORAL CUSHION COVER ,521,622.12
22520,CHILDS GARDEN TROWEL BLUE ,719,622.0999999999999
22129,PARTY CONES CANDY DECORATION,454,621.96
22269,EGG CUP NATURAL CHICKEN,932,621.49
79163,BLACK CHAMPAGNE GLASS,1519,621.39
22105,MIRROR MOSAIC GOBLET CANDLE HOLDER,334,619.82
84637,KITCHEN FLOWER POTS WALL PLAQUE,116,619.59
21865,PINK UNION JACK  PASSPORT COVER ,271,618.9300000000001
21473,SWEETHEART CREAM STEEL TABLE RECT,27,618.66
20772,GARDEN PATH JOURNAL,246,618.64
23528,WALL ART SPACEBOY,173,618.59
22035,VINTAGE CARAVAN GREETING CARD ,1452,617.3199999999999
22953,BIRTHDAY PARTY CORDON BARRIER TAPE,478,617.11
22288,HANGING METAL RABBIT DECORATION,474,616.95
23471,SIX DRAWER OFFICE TIDY,65,616.79
21426,WOODLAND STORAGE BOX SMALL,252,616.1800000000001
23180,MUM'S KITCHEN CLOCK,121,616.14
23453,OVAL  MINI PORTRAIT FRAME,316,615.98
23408,PHOTO FRAME LINEN AND LACE SMALL,296,615.6800000000001
22396,MAGNETS PACK OF 4 RETRO PHOTO,1214,615.37
21784,SHOE SHINE BOX ,55,613.17
21171,BATHROOM METAL SIGN ,438,613.14
23018,LARGE APOTHECARY MEASURING JAR ,51,612.1600000000001
21684,SMALL MEDINA STAMPED METAL BOWL ,771,612.1
22420,LIPSTICK PEN BABY PINK,1333,611.3
22021,BLUE FELT EASTER EGG BASKET,365,610.4499999999999
22116,METAL SIGN HIS DINNER IS SERVED,563,610.22
22194,BLACK DINER WALL CLOCK,64,608.6899999999999
85170C,SET/6 EAU DE NIL BIRD T-LIGHTS,335,608.53
21769,VINTAGE POST OFFICE CABINET,11,607.6500000000001
21709,FOLDING UMBRELLA CHOCOLATE POLKADOT,133,607.23
72598,SET/12 TAPER CANDLES,607,605.89
22515,CHILDS GARDEN SPADE PINK,264,604.75
22129,PARTY CONES CANDY TREE DECORATION,734,604.4599999999999
23425,STORAGE TIN HOME SWEET HOME,268,604.01
20764,ABSTRACT CIRCLES SKETCHBOOK ,142,603.3100000000001
22255,FELT TOADSTOOL  SMALL,629,602.63
21159,MOODY BOY  DOOR HANGER ,1126,601.79
23454,THREE MINI HANGING FRAMES,140,601.7
23520,EMBROIDERED RIBBON REEL RUBY ,167,600.55
20932,PINK POT PLANT CANDLE,194,599.2900000000001
21014,SWISS CHALET TREE DECORATION ,1385,598.8199999999999
84800L,LARGE WHITE/PINK ROSE ART FLOWER,336,598.8000000000001
22359,GLASS JAR KINGS CHOICE,180,596.9200000000001
22057,CERAMIC PLATE STRAWBERRY DESIGN,536,596.4
22642,SET OF 4 NAPKIN CHARMS STARS   ,269,596.36
17012B,ORIGAMI JASMINE INCENSE/CANDLE SET,525,595.85
22266,EASTER DECORATION HANGING BUNNY,1887,595.85
21292,SMALL STRIPES CHOCOLATE GIFT BAG ,867,594.51
21448,12 DAISY PEGS IN WOOD BOX,344,592.6199999999999
22247,BUNNY DECORATION MAGIC GARDEN,668,591.4399999999999
21253,SET OF PICTURE FRAME  STICKERS,134,590.4200000000001
85017B,ENVELOPE 50 BLOSSOM IMAGES,1065,590.09
23377,PACK OF 12 DOLLY GIRL TISSUES,1343,589.3299999999999
21015,DARK BIRD HOUSE TREE DECORATION,1479,588.39
85180B,PINK HEARTS LIGHT CHAIN ,271,587.2
23499,SET 12 VINTAGE DOILY CHALK ,1312,586.23
21576,LETS GO SHOPPING COTTON TOTE BAG,252,585.34
22703,PINK CAT BOWL,360,583.33
20866,BLUE ROSE FABRIC MIRROR,477,582.5
84625A,PINK NEW BAROQUECANDLESTICK CANDLE,458,582.18
82001s,SILVER RECORD COVER FRAME,78,581.88
22096,PINK PAISLEY SQUARE TISSUE BOX ,1360,581.75
22785,SQUARECUSHION COVER PINK UNION JACK,173,581.23
21096,SET/6 FRUIT SALAD  PAPER PLATES,1259,581.09
23565,EGG CUP MILKMAID HELGA ,405,580.06
35971,ROSE FOLKART HEART DECORATIONS,445,579.68
85141,JARDIN ETCHED GLASS FRUITBOWL,111,579.39
22999,TRAVEL CARD WALLET VINTAGE LEAF,1347,577.22
85144,JARDIN ETCHED GLASS CHEESE DISH,219,575.45
23125,6PC WOOD PLATE SET DISPOSABLE,459,574.88
22337,ANGEL DECORATION PAINTED ZINC ,912,574.5400000000001
22820,GIFT BAG BIRTHDAY,938,574.12
22260,FELT EGG COSY BLUE RABBIT ,548,574.04
22233,JIGSAW RABBIT AND BIRDHOUSE,575,573.55
20702,PINK PADDED MOBILE,134,573.54
84754,S/15 SILVER GLASS BAUBLES IN BAG,414,572.88
85136A,YELLOW SHARK HELICOPTER,71,572.41
21468,BUTTERFLY CROCHET FOOD COVER,148,572.23
20832,RED FLOCK LOVE HEART PHOTO FRAME,1066,571.8199999999999
22825,DECORATIVE PLANT POT WITH FRIEZE,71,570.87
84748,FOLK FELT HANGING MULTICOL GARLAND,204,570.86
85130D,BEADED CRYSTAL HEART PINK LARGE,565,569.29
21251,DINOSAUR HEIGHT CHART STICKER SET,182,568.98
85161,ACRYLIC GEOMETRIC LAMP,35,568.65
23219,LAUREL STAR ANTIQUE SILVER ,430,568.6
22319,HAIRCLIPS FORTIES FABRIC ASSORTED,1316,568.36
84796A,PINK HAWAIIAN PICNIC HAMPER FOR 2,61,568.13
21488,RED WHITE SCARF  HOT WATER BOTTLE,69,566.1700000000001
22482,BLUE TEA TOWEL CLASSIC DESIGN,478,565.86
21899,GARAGE KEY FOB,777,565.8100000000001
85019A,ROMANTIC IMAGES NOTEBOOK SET,414,564.35
21581,SKULLS  DESIGN  COTTON TOTE BAG,240,563.67
23381,PACK OF 12 VINTAGE LEAF TISSUES ,1496,562.88
23272,TREE T-LIGHT HOLDER WILLIE WINKIE,364,562.2199999999999
22272,FELTCRAFT DOLL MARIA,195,561.97
21219,SET/4 BADGES BALLOON GIRL,448,561.84
84569D,PACK 6 HEART/ICE-CREAM PATCHES,467,560.62
84912A,PINK ROSE WASHBAG,156,560.62
85016,SET OF 6 VINTAGE NOTELETS KIT,563,560.11
85163A,WHITE BAROQUE WALL CLOCK ,66,559.0
21675,BUTTERFLIES STICKERS,616,558.06
21662,VINTAGE GLASS COFFEE CADDY,86,557.3000000000001
85187,S/12 MINI RABBIT EASTER,337,556.53
23069,EDWARDIAN PHOTO FRAME,88,556.21
23451,SQUARE MINI PORTRAIT FRAME,277,556.17
21264,WHITE GOOSE FEATHER TREE 60CM ,275,556.05
85036B,CHOCOLATE 1 WICK MORRIS BOX CANDLE,355,555.9300000000001
23016,GLASS TWIST BON BON JAR,71,555.3
84951B,SET OF 4 BLACK LOVEBIRD COASTERS,451,554.78
85032D,YULETIDE IMAGES GIFT WRAP SET,675,553.5400000000001
85025B,EAU DE NILE HEART SHAPE PHOTO FRAME,328,553.4699999999999
35599D,PINK AND WHITE CHRISTMAS TREE 120CM,201,553.07
17129F,BLUE GLASS GEMS IN BAG,586,552.13
23473,WOODLAND SMALL RED FELT HEART,678,552.02
79030G,TUMBLER NEW ENGLAND,1261,551.1899999999999
35599B,BLACK CHRISTMAS TREE 120CM,217,551.13
22102,MIRROR MOSAIC T-LIGHT HOLDER ,902,551.04
22903,CALENDAR FAMILY FAVOURITES,193,550.6
21397,BLUE POLKADOT EGG CUP ,1075,550.43
22232,JIGSAW TOADSTOOLS 3 PIECE,626,549.74
21194,PINK  HONEYCOMB PAPER FAN,488,549.47
21849,SILVER DIAMANTE PEN IN GIFT BOX,173,548.93
84929,ASSTD FRUIT+FLOWERS FRIDGE MAGNETS,2249,548.2700000000001
23549,WRAP BIRD GARDEN ,1305,548.1
21638,ASSORTED TUTTI FRUTTI NOTEBOOK,247,547.76
17012D,ORIGAMI ROSE INCENSE/CANDLE SET ,461,547.24
21128,GOLD FISHING GNOME,68,546.6
47563A,RETRO LONGBOARD IRONING BOARD COVER,281,546.51
85184C,SET 4 VALENTINE DECOUPAGE HEART BOX,169,545.75
90062,CARNIVAL BRACELET,43,545.28
71279,PINK GLASS CANDLEHOLDER,170,543.62
23456,MEDIUM PARLOUR PICTURE FRAME ,134,541.7
85107,CUT GLASS T-LIGHT HOLDER OCTAGON,249,541.39
22261,FELT EGG COSY WHITE RABBIT ,575,541.31
22513,DOORSTOP FOOTBALL DESIGN,152,539.9
22717,CARD DOG AND BALL ,1229,535.78
85172,HYACINTH BULB T-LIGHT CANDLES,1233,535.66
23074,EMBOSSED HEART TRINKET BOX,240,534.79
85114c,RED ENCHANTED FOREST PLACEMAT,162,534.66
23398,HANGING HEART BONHEUR,605,534.5
84951A,SET OF 4 PISTACHIO LOVEBIRD COASTER,451,534.05
22023,EMPIRE BIRTHDAY CARD,1194,533.68
20893,HANGING BAUBLE T-LIGHT HOLDER SMALL,232,533.42
35965,FOLKART HEART NAPKIN RINGS,342,532.17
22543,MINI JIGSAW BAKE A CAKE ,1453,530.8
85088,CANDY SPOT HAND BAG,257,530.63
17012F,ORIGAMI SANDLEWOOD INCENSE/CAND SET,448,530.6
35241,ENAMEL BLUE RIM BISCUIT BIN,103,530.49
21270,ANTIQUE CREAM CUTLERY CUPBOARD,50,530.19
75131,METAL TUBE CHIME ON BAMBOO,490,529.21
22709,WRAP WEDDING DAY,1325,528.5
23060,HEART BEADED TRELLIS DECORATION,249,528.1700000000001
22707,WRAP MONSTER FUN ,1257,527.94
22275,WEEKEND BAG VINTAGE ROSE PAISLEY,69,527.85
21277,FRENCH STYLE EMBOSSED HEART CABINET,24,527.53
82613D,METAL SIGN CUPCAKE SINGLE HOOK,676,525.84
22521,CHILDS GARDEN TROWEL PINK,609,525.51
22496,SET OF 2 ROUND TINS DUTCH CHEESE,249,523.3100000000001
20785,FUSCHIA RETRO BAR STOOL,14,523.3000000000001
22861,EASTER TIN CHICKS IN GARDEN,305,522.93
23537,WALL ART I LOVE LONDON ,99,521.73
85131B,BEADED CRYSTAL HEART GREEN ON STICK,623,521.11
85025C,PINK HEART SHAPE PHOTO FRAME,320,519.26
23336,EGG FRYING PAN PINK ,225,519.25
84313B,BLUE TV TRAY TABLE ,127,518.61
21059,PARTY INVITES DINOSAURS,599,518.03
22286,"DECORATION , WOBBLY RABBIT , METAL ",293,518.03
85104,SILVER GLASS T-LIGHT SET,198,516.9
85135B,BLUE DRAGONFLY HELICOPTER,64,516.6
21801,CHRISTMAS TREE DECORATION WITH BELL,1215,515.14
21711,FOLDING UMBRELLA WHITE/RED POLKADOT,104,513.02
22584,PACK OF 6 PANETTONE GIFT BOXES,219,512.9300000000001
22216,T-LIGHT HOLDER WHITE LACE,588,512.93
23136,IVORY WIRE SWEETHEART LETTER TRAY,135,511.89
23413,VINTAGE COFFEE GRINDER BOX,97,511.43000000000006
23139,SINGLE WIRE HOOK PINK HEART,402,511.29999999999995
23324,RUSTIC STRAWBERRY JAM POT LARGE ,244,509.97
22280,POCKET BAG PINK PAISELY BROWN SPOT,468,509.59
84352,SILVER CHRISTMAS TREE BAUBLE STAND ,30,509.54999999999995
72819,CUPID DESIGN SCENTED CANDLES,225,509.07
84520B,PACK 20 ENGLISH ROSE PAPER NAPKINS,554,508.36999999999995
23660,HENRIETTA HEN MUG ,290,508.25999999999993
22248,DECORATION  PINK CHICK MAGIC GARDEN,573,508.09
22785,SQUARECUSHION COVER PINK UNION FLAG,72,506.34000000000003
23043,PAPER LANTERN 9 POINT HOLLY STAR L,75,506.01
20761,BLUE PAISLEY SKETCHBOOK,120,505.97
84665,SQUARE CHERRY BLOSSOM CABINET,85,505.75
21455,PAINTED YELLOW WOODEN DAISY,599,505.73999999999995
20998,ROSE DU SUD OVEN GLOVE,185,505.20000000000005
22127,PARTY CONES CARNIVAL ASSORTED,404,504.88
21654,RIDGED GLASS FINGER BOWL,974,504.68
22286,DECORATION WOBBLY RABBIT METAL ,830,504.46
22595,CHRISTMAS GINGHAM HEART,505,502.11999999999995
21710,FOLDING UMBRELLA PINKWHITE POLKADOT,107,501.98
23021,GLASS BONNE JAM JAR,120,500.82000000000005
20681,PINK POLKADOT CHILDRENS UMBRELLA,138,500.46
23560,SET OF 6 RIBBONS COUNTRY STYLE,172,499.18
84509C,SET OF 4 POLKADOT PLACEMATS ,130,498.94
82616C,MIDNIGHT GLAMOUR SCARF KNITTING KIT,321,497.69
22618,COOKING SET RETROSPOT,49,497.34999999999997
84970s,HANGING HEART ZINC T-LIGHT HOLDER,238,496.49
23117,POPPY FIELDS CHOPPING BOARD,92,496.28000000000003
21925,UNION STRIPE CUSHION COVER ,397,496.25
21972,SET OF 36 DINOSAUR PAPER DOILIES,333,496.17999999999995
22516,CHILDS GARDEN RAKE BLUE,206,494.89000000000004
84625C,BLUE NEW BAROQUE CANDLESTICK CANDLE,400,494.76
20766,GARDEN PATH SKETCHBOOK,122,493.57
21358,TOAST ITS - HAPPY BIRTHDAY,411,493.29
46776C,WOVEN FROST CUSHION COVER,117,492.79
85231G,ORANGE SCENTED SET/9 T-LIGHTS,584,492.77
21926,RED/CREAM STRIPE CUSHION COVER ,400,492.4
35598D,PINK/WHITE CHRISTMAS TREE 60CM,683,492.36
82613B,"METAL SIGN,CUPCAKE SINGLE HOOK",563,491.84
82616B,FRAPPUCINO SCARF KNITTING KIT,334,491.49
22511,RETROSPOT BABUSHKA DOORSTOP,250,491.45
21632,VINTAGE PINK DECORATIVE PARASOL,88,489.74
35809A,ENAMEL PINK TEA CONTAINER,420,488.06
22050,PINK PAISLEY ROSE GIFT WRAP,1200,488.0
84598,BOYS ALPHABET IRON ON PATCHES,1687,485.56
21202,DOLLY HONEYCOMB GARLAND,474,485.46
21454,PAINTED PINK RABBIT ,572,485.15999999999997
23218,LAUREL STAR ANTIQUE GOLD,379,483.03
21634,ASSORTED MINI MADRAS NOTEBOOK,976,481.95
17012C,ORIGAMI LAVENDER INCENSE/CANDL SET ,420,481.79999999999995
84687,BEACH HUT SHELF W 3 DRAWERS,77,480.63
21867,PINK UNION JACK  LUGGAGE TAG,348,480.25
21741,COSY SLIPPER SHOES LARGE GREEN,147,480.1700000000001
23169,CLASSIC GLASS SWEET JAR,119,479.45000000000005
22638,SET OF 4 NAPKIN CHARMS CROWNS ,299,479.33
23527,WALL ART ANIMALS AND NATURE ,146,478.34000000000003
22181,SNOWSTORM PHOTO FRAME FRIDGE MAGNET,564,477.96
23422,PANTRY HOOK BALLOON WHISK ,213,477.89
85049F,BABY BOOM RIBBONS ,378,477.34
84849B,FAIRY SOAP SOAP HOLDER,265,477.14
21472,LADYBIRD + BEE RAFFIA FOOD COVER,123,476.41
23561,SET OF 6 RIBBONS PARTY,170,476.0
21587,COSY HOUR GIANT TUBE MATCHES,195,475.65
85093,CANDY SPOT EGG WARMER HARE,708,475.18
21067,VINTAGE RED TEATIME MUG,290,474.77
90209C,PINK ENAMEL+GLASS HAIR COMB,260,474.2
85194S,HANGING SPRING FLOWER EGG SMALL,1168,470.78000000000003
21366,MIRRORED WALL ART PHOTO FRAMES,89,470.16999999999996
21507,ELEPHANT BIRTHDAY CARD ,1098,469.74
23521,WALL ART CAT AND BIRD ,143,469.73
20716,PARTY FOOD SHOPPER BAG,400,469.63
20707,CRAZY DAISY HEART DECORATION,463,467.14
22230,JIGSAW TREE WITH WATERING CAN,1031,467.09999999999997
20615,BLUE POLKADOT PASSPORT COVER,309,466.99
20831,GOLD PHOTO FRAME,216,466.53000000000003
84917,WHITE HAND TOWEL WITH BUTTERFLY,184,466.3
23379,PACK OF 12 RED APPLE TISSUES,1220,465.36
21374,MIRRORED WALL ART SKULLS,304,463.79
23455,SMALL PARLOUR PICTURE FRAME,165,462.45
35598B,BLACK CHRISTMAS TREE 60CM,558,460.64
21003,ROSE DU SUD CUSHION COVER,78,460.58
23691,WRAP KEEP CALM BIRTHDAY,1125,460.5
22344,PARTY PIZZA DISH PINK POLKADOT,1225,459.81
84820,DANISH ROSE TRINKET TRAYS,255,459.25
21063,PARTY INVITES JAZZ HEARTS,528,458.31
21062,PARTY INVITES SPACEMAN,538,457.38
17096,ASSORTED LAQUERED INCENSE HOLDERS,2545,455.9800000000001
84674,FLYING PIG WATERING CAN,189,455.15000000000003
21851,LILAC DIAMANTE PEN IN GIFT BOX,141,454.99
22184,CAKE STAND VICTORIAN FILIGREE LARGE,54,454.86
84916,HAND TOWEL PALE BLUE W FLOWERS,223,453.39
22268,EASTER DECORATION SITTING BUNNY,528,451.95
22813,PACK 3 BOXES BIRD PANETTONE ,204,451.84
21061,PARTY INVITES FOOTBALL,488,451.7
21641,ASSORTED TUTTI FRUTTI KEYRING BALL,1153,451.59
23548,WRAP MAGIC FOREST ,1075,451.5
23509,MINI PLAYING CARDS FUN FAIR ,1062,451.46000000000004
20838,FRENCH LATTICE CUSHION COVER ,373,451.25
48189,DOORMAT FRIENDSHIP ,27,451.10999999999996
35004G,SET OF 3 GOLD FLYING DUCKS,125,450.75
84872A,TEATIME FUNKY FLOWER BACKPACK FOR 2,40,450.08
22647,CERAMIC LOVE HEART MONEY BANK,720,448.78
20803,SMALL PINK GLASS SUNDAE DISH,871,447.82
22517,CHILDS GARDEN RAKE PINK,199,447.63000000000005
20669,RED HEART LUGGAGE TAG,304,447.34
20770,ABSTRACT CIRCLE JOURNAL ,184,447.25
21365,MIRRORED WALL ART STARS,363,447.09000000000003
22640,SET OF 4 NAPKIN CHARMS 3 KEYS ,237,446.84
84920,PINK FLOWER FABRIC PONY,115,446.23
21415,CLAM SHELL SMALL ,219,446.02000000000004
21220,SET/4 BADGES DOGS,338,445.01
21656,RIDGED GLASS POSY VASE ,219,444.58
21580,RABBIT  DESIGN  COTTON TOTE BAG,181,444.07
20903,VINTAGE KEEPSAKE BOX TRAVELOGUE,82,441.89
22643,SET OF 4 NAPKIN CHARMS LEAVES   ,238,441.83
22598,CHRISTMAS MUSICAL ZINC TREE,984,441.09999999999997
35637A,IVORY STRING CURTAIN WITH POLE ,170,440.62
22390,PAPERWEIGHT CHILDHOOD MEMORIES,266,440.34
20619,TROPICAL PASSPORT COVER ,262,439.65
84600,NEW BAROQUE JEWELLERY BOX ,52,438.94
20768,GREEN FERN JOURNAL ,176,438.57
85169C,EAU DE NIL LOVE BIRD CANDLE,417,437.86
85111,SILVER GLITTER FLOWER VOTIVE HOLDER,1409,437.59
85130C,BEADED CRYSTAL HEART BLUE  LARGE,482,437.22
21828,EIGHT PIECE SNAKE  SET,330,435.79
22545,MINI JIGSAW BUNNIES,1141,435.25
84976,RECTANGULAR SHAPED MIRROR,498,435.09000000000003
82613C,"METAL SIGN,CUPCAKE SINGLE HOOK",517,434.98
23023,RIDGED BONNE JAM JAR T-LIGHT HOLDER,272,434.5199999999999
84360,TABLE LAMP WHITE SHADE WOOD BASE,78,434.12
35653,VINTAGE BEAD NOTEBOOK,150,433.19
85168B,BLACK BAROQUE CARRIAGE CLOCK,51,432.78999999999996
22389,PAPERWEIGHT SAVE THE PLANET,238,431.54999999999995
23058,CHRISTMAS HANGING SNOWFLAKE,490,430.86
22229,BUNNY WOODEN PAINTED WITH FLOWER ,566,430.76
21002,ROSE DU SUD DRAWSTRING BAG,125,428.66
85071C,"CHARLIE+LOLA""EXTREMELY BUSY"" SIGN",683,428.0
21758,VINTAGE SHELLS PRINT,50,427.46000000000004
23457,LARGE PARLOUR PICTURE FRAME,85,427.03000000000003
77101A,UNION FLAG WINDSOCK,387,426.94
20705,MRS ROBOT SOFT TOY,142,426.9
21088,SET/6 FRUIT SALAD PAPER CUPS,1666,426.0
23522,DOG AND BALL WALL ART,252,425.87999999999994
90200E,GREEN SWEETHEART BRACELET,103,423.41
90154,LAZER CUT NECKLACE W PASTEL BEADS,57,421.75
85136C,RED SHARK HELICOPTER,52,421.18
72799F,IVORY PILLAR CANDLE GOLD FLOCK,144,421.13000000000005
20762,GREEN FERN SKETCHBOOK ,106,420.08
84970l,SINGLE HEART ZINC T-LIGHT HOLDER,201,418.98
90114,SUMMER DAISIES BAG CHARM,167,417.96
85208,SET/12 FUNKY FELT FLOWER PEG IN BAG,223,416.91
22214,CANDLE PLATE LACE WHITE,193,416.59999999999997
84931B,BLUE SCOTTIE DOG W FLOWER PATTERN,174,416.42999999999995
20765,CHRYSANTHEMUM SKETCHBOOK ,102,416.05
21147,JINGLE BELLS TREE DECORATION,203,415.77
22108,PING! MICROWAVE PLATE,152,415.09000000000003
84616,SILVER ROCCOCO CHANDELIER,11,414.46999999999997
22405,MONEY BOX POCKET MONEY DESIGN,371,414.3
21884,CAKES AND BOWS GIFT  TAPE,1166,413.76
90161C,ANT COPPER LIME BOUDICCA BRACELET,83,412.74
15056p,EDWARDIAN PARASOL PINK,33,412.48
84658,WHITE STITCHED CUSHION COVER,57,412.23
84596E,SMALL LICORICE DES PINK BOWL,564,411.68
84806B,WHITE CANDYSTUFT ARTIFICIAL FLOWER,308,411.55999999999995
21817,GLITTER CHRISTMAS TREE,906,410.91
22447,PIN CUSHION BABUSHKA BLUE,137,410.81
22051,BLUE SCANDINAVIAN PAISLEY WRAP,975,409.5
85203,HANGING WOOD AND FELT BUTTERFLY ,895,408.99
20830,SILVER PHOTO FRAME,135,407.73
21129,SILVER FISHING GNOME ,50,405.62
21318,GLASS CHALICE BLUE SMALL ,677,405.07
16219,HOUSE SHAPE PENCIL SHARPENER,3000,404.84
35964,FOLKART CLIP ON STARS,783,404.08
23415,HOME SWEET HOME HOOK,323,403.92999999999995
22510,GINGHAM BABUSHKA DOORSTOP,210,402.74
22406,MONEY BOX KINGS CHOICE DESIGN,345,402.21
22134,MINI LADLE LOVE HEART RED ,865,401.18
23339,EGG FRYING PAN BLUE ,173,400.84000000000003
23576,SNACK TRAY RED VINTAGE DOILY,198,400.03999999999996
23429,RED RETRO KITCHEN WALL CLOCK,47,400.01
37476,CONDIMENT TRAY 4 BOWLS AND 4 SPOONS,37,399.02
21285,RETROSPOT CANDLE  MEDIUM,341,398.28000000000003
21131,GOLD STANDING GNOME,106,398.02
22287,"DECORATION , WOBBLY CHICKEN, METAL ",234,397.71999999999997
84821,DANISH ROSE DELUXE COASTER,923,396.95
18007,ESSENTIAL BALM 3.5g TIN IN ENVELOPE,5884,395.61
23484,HEART TRELLIS TRIPLE T-LIGHT HOLDER,129,395.11
20867,PINK ROSE FABRIC MIRROR,331,393.46999999999997
47421,ASSORTED COLOUR LIZARD SUCTION HOOK,994,393.0
23466,TUSCAN VILLA DOVECOTE BIRD FEEDER,42,390.78
23337,EGG FRYING PAN MINT ,180,388.75
90200B,BLACK SWEETHEART BRACELET,92,388.58
35095A,BLUE VICTORIAN FABRIC OVAL BOX,925,388.57
23150,IVORY SWEETHEART SOAP DISH,147,388.26000000000005
84974,S/2 ZINC HEART DESIGN PLANTERS,39,388.04999999999995
23039,T-LIGHT HOLDER SILVER HEART HANDLE,193,388.01
22256,FELT FARM ANIMAL CHICKEN,286,387.9
21579,LOLITA  DESIGN  COTTON TOTE BAG,166,387.22
23103,BELL HEART DECORATION,252,387.0
21879,HEARTS GIFT TAPE,1176,385.47
22345,PARTY PIZZA DISH BLUE POLKADOT,1099,383.75
21881,CUTE CATS TAPE,1102,383.11
22048,BIRTHDAY BANQUET GIFT WRAP,950,383.0
23116,VEGETABLE GARDEN CHOPPING BOARD,76,382.44
84919,BLUE CUSHION COVER WITH FLOWER,58,381.78000000000003
71053,WHITE MOROCCAN METAL LANTERN,69,381.54999999999995
22346,PARTY PIZZA DISH GREEN POLKADOT,1034,381.09
85179A,GREEN BITTY LIGHT CHAIN,193,380.79
21562,HAWAIIAN GRASS SKIRT ,324,380.36
21373,MIRRORED WALL ART SNOWFLAKES,500,380.04
16045,POPART WOODEN PENCILS ASST,8900,380.0
46776D,WOVEN SUNSET CUSHION COVER ,89,378.29
90161B,ANT COPPER TURQ BOUDICCA BRACELET,76,377.88
21243,PINK POLKADOT PLATE ,220,377.56
21051,RIBBONS PURSE ,192,377.2
90160C,TURQ+RED BOUDICCA LARGE BRACELET,54,377.04
47367B,PAIR PADDED HANGERS PINK CHECK,112,376.27000000000004
17012A,ORIGAMI VANILLA INCENSE/CANDLE SET ,323,375.93
84559A,3D SHEET OF DOG STICKERS,397,375.60999999999996
23396,LA JARDIN BOTANIQUE CUSHION COVER,87,375.53
23459,DOLLY CABINET 2 DRAWERS ,30,375.0
21635,MADRAS NOTEBOOK LARGE ,271,374.96000000000004
85232A,SET/3 POLKADOT STACKING TINS,75,374.7
23128,DOLLCRAFT BOY JEAN-PAUL ,82,373.9
23045,PAPER LANTERN 5 POINT STAR MOON ,88,373.48
21945,STRAWBERRIES  DESIGN FLANNEL ,358,373.34
84915,HAND TOWEL PINK FLOWER AND DAISY,217,372.33
22486,PLASMATRONIC LAMP,65,369.95
21689,SILVER VANILLA  FLOWER CANDLE POT,95,369.87
84563A,PINK & WHITE BREAKFAST TRAY,96,369.84000000000003
20782,CAMOUFLAGE EAR MUFF HEADPHONES,53,368.08
23575,SNACK TRAY PAISLEY PARK,179,367.34999999999997
16011,ANIMAL STICKERS,1749,367.29
22532,MAGIC DRAWING SLATE LEAP FROG ,1072,366.75
84663A,GRASS HOPPER WOODEN WALL CLOCK ,267,365.01
22265,EASTER DECORATION NATURAL CHICK,536,363.55
21286,RETROSPOT CANDLE  LARGE,273,362.12
21348,PINK SPOTS CHOCOLATE NESTING BOXES ,140,361.55999999999995
21000,ROSE DU SUD COSMETICS BAG,96,360.84
85049e,SCANDINAVIAN REDS RIBBONS,109,360.71
16008,SMALL FOLDING SCISSOR(POINTED EDGE),2892,360.71
23661,MILK MAIDS MUG ,199,360.59
20854,BLUE PATCH PURSE PINK HEART,228,359.91999999999996
21060,PARTY INVITES BALLOON GIRL,405,359.28999999999996
23579,SNACK TRAY I LOVE LONDON,169,358.75
82095,HEART BUTTONS JEWELLERY BOX,68,356.11
85169B,BLACK LOVE BIRD CANDLE,329,356.06
84569A,PACK 3 IRON ON DOG PATCHES,294,355.84
21724,PANDA AND BUNNIES STICKER SHEET,408,355.83
90209B,GREEN ENAMEL+GLASS HAIR COMB,184,355.64
85169D,PINK LOVE BIRD CANDLE,350,354.83
22100,SKULLS SQUARE TISSUE BOX,755,354.82
47310M,SMALL POP BOX FUNKY MONKEY,258,353.98
35095B,RED VICTORIAN FABRIC OVAL BOX,862,352.25
23420,PANTRY HOOK TEA STRAINER ,164,351.37
35954,SMALL FOLKART STAR CHRISTMAS DEC,1245,350.48
21555,CERAMIC STRAWBERRY TRINKET TRAY,137,350.46999999999997
21664,RIDGED GLASS STORAGE JAR CREAM LID,98,350.22
21723,ALPHABET HEARTS STICKER SHEET,397,350.08
21320,GLASS CHALICE GREEN  LARGE ,190,349.52000000000004
37482P,CUBIC MUG PINK POLKADOT,494,349.35
23421,PANTRY HOOK SPATULA,160,349.2
20934,SET/3 POT PLANT CANDLES,54,349.16
22529,MAGIC DRAWING SLATE GO TO THE FAIR ,851,349.03
84924A,WAKE UP COCKEREL CALENDAR SIGN ,81,348.59000000000003
23044,PAPER LANTERN 9 POINT HOLLY STAR S,83,348.59000000000003
21421,PORCELAIN ROSE LARGE ,299,348.43000000000006
21197,MULTICOLOUR  CONFETTI IN TUBE,263,348.30999999999995
21001,ROSE DU SUD WASHBAG ,73,348.19
21222,SET/4 BADGES BEETLES,265,348.19
23057,GEMSTONE CHANDELIER T-LIGHT HOLDER,78,347.70000000000005
20652,BLUE POLKADOT LUGGAGE TAG ,265,346.86
84563B,BLUE & WHITE BREAKFAST TRAY,94,346.3
21263,GREEN GOOSE FEATHER TREE 60CM,165,345.27
20700,GREEN CAT FLORAL CUSHION COVER ,73,345.17
47591B,SCOTTIES CHILDRENS APRON,209,344.78999999999996
21284,RETROSPOT CANDLE  SMALL,367,344.13
22104,MIRROR MOSAIC CANDLE PLATE,288,343.71
35957,SMALLFOLKART BAUBLE CHRISTMAS DEC,592,343.57
90149,SILVER FLOWR PINK SHELL NECKLACE,53,342.76000000000005
85129D,BEADED CRYSTAL HEART PINK SMALL,207,342.74
47559b,TEA TIME OVEN GLOVE,103,342.65
22268,DECORATION SITTING BUNNY,1441,342.13000000000005
20856,DENIM PATCH PURSE PINK BUTTERFLY,206,340.78999999999996
21221,SET/4 BADGES CUTE CREATURES,261,340.22
84826,ASSTD DESIGN 3D PAPER STICKERS,1102,338.38
22547,MINI JIGSAW DINOSAUR ,807,337.39
23127,DOLLCRAFT GIRL NICOLE,68,336.6
72122,COFFEE SCENT PILLAR CANDLE,324,335.78999999999996
21850,BLUE  DIAMANTE PEN IN GIFT BOX,93,335.13
71270,PHOTO CLIP LINE,236,334.98
85230B,CINNAMON SCENTED VOTIVE CANDLE,1288,333.2
22259,FELT FARM ANIMAL HEN,481,332.84
84638,SMALL KITCHEN FLOWER POTS PLAQUE,50,331.5
85213,MINI  ZINC GARDEN DECORATIONS ,828,329.7
21248,DOOR HANGER  MUM + DADS ROOM,204,329.27
90200A,PURPLE SWEETHEART BRACELET,78,328.44
82001s,VINYL RECORD FRAME SILVER,44,328.23999999999995
84926E,FLOWERS TILE COASTER,968,327.79999999999995
23236,DOILEY BISCUIT TIN,120,327.6
21167,WHITE SAGE INCENSE,1382,326.64
84708B,PINK JEWELLED PHOTO FRAME ,62,326.35
85204,HANGING WOOD AND FELT FLOWER,2049,325.24
23037,CANDLE HOLDER SILVER MADELINE,196,325.15999999999997
23478,WOODLAND LARGE PINK FELT HEART,285,324.40000000000003
23521,CAT AND BIRD WALL ART,270,323.64
85205B,PINK FELT EASTER RABBIT GARLAND,122,323.15
84509c,SET OF 4 POLKADOT PLACEMATS ,43,322.22
21403,BLUE EGG  SPOON,1857,322.18
16238,PARTY TIME PENCIL ERASERS,1396,321.67
22092,BLUE PAISLEY TISSUE BOX,670,321.40000000000003
84952B,BLACK LOVE BIRD T-LIGHT HOLDER,183,320.89
23205,CHARLOTTE BAG ALPHABET  DESIGN,400,320.5
21425,SKULLS STORAGE BOX LARGE,87,320.49
16236,KITTY PENCIL ERASERS,1438,320.09
21371,MIRRORED WALL ART POPPIES,287,319.71
90161D,ANT COPPER PINK BOUDICCA BRACELET,64,318.89000000000004
16259,PIECE OF CAMO STATIONERY SET,3272,317.92
23523,WALL ART TREASURE AHOY ,84,317.85
84884a,ANT WHITE WIRE HEART SPIRAL,38,317.71999999999997
84931A,PINK SCOTTIE DOG W FLOWER PATTERN,133,317.44
84849A,HELLO SAILOR BLUE SOAP HOLDER,164,317.3
46118,FUNKY MONKEY CUSHION COVER,232,317.16999999999996
22765,NEWSPAPER STAND,27,316.95000000000005
84631,FRUIT TREE AND BIRDS WALL PLAQUE,37,316.73
20936,FORKED CACTUS CANDLE,99,316.71000000000004
35915C,PEACH KNITTED HEN ,315,316.46
84876B,GREEN HEART COMPACT MIRROR,218,315.81
21026,SPACE OWL,255,315.75
90198A,VINTAGE ROSE BEAD BRACELET RASPBERR,75,315.73
22202,MILK PAN PINK POLKADOT,63,315.6
85170B,SET/6 BLACK BIRD T-LIGHT CANDLES,214,314.65
84584,PINK GINGHAM CAT WITH SCARF,144,314.51
22287,DECORATION WOBBLY CHICKEN,548,314.46
17084N,FAIRY DREAMS INCENSE ,1264,313.31
23695,DOILY THANK YOU CARD,741,313.24
85202,HANGING WOOD AND FELT HEART,672,313.13
85014b,RED RETROSPOT UMBRELLA,25,313.06
23130,MISELTOE HEART WREATH ,80,312.8
21375,LARGE CAMPHOR WOOD FIELD MUSHROOM ,41,312.77
84358,FLOOR LAMP SHADE WOOD BASE,33,312.7
20780,BLACK EAR MUFF HEADPHONES,47,312.7
21841,BABY MOUSE RED GINGHAM DRESS,73,310.25
21944,KITTENS DESIGN FLANNEL,337,310.19
47021G,SET/6 BEAD COASTERS GAUZE BAG GOLD,582,309.29999999999995
21442,GREEN BIRDHOUSE DECORATION,437,307.94
21811,CHRISTMAS HANGING HEART WITH BELL,231,307.59999999999997
21719,LOVELY BONBON STICKER SHEET,345,307.44
47594B,SCOTTIES DESIGN WASHBAG,166,306.75
23495,SET OF 3 PANTRY WOODEN SPOONS,225,306.66
22124,SET OF 2 TEA TOWELS PING MICROWAVE,149,306.16
23131,MISELTOE HEART WREATH WHITE,78,304.5
22043,CHRISTMAS CARD SCREEN PRINT ,1238,304.5
22040,BOTANICAL ROSE GIFT WRAP,725,304.5
22965,3 TRADITIONAL COOKIE CUTTERS  SET,162,304.20000000000005
90147,CHUNKY SILVER NECKLACE PASTEL FLOWE,30,304.11
22641,SET OF 4 NAPKIN CHARMS INSTRUMENT,139,303.72999999999996
84766,SILVER ROCOCO CANDLE STICK,131,303.45
21942,SKULLS DESIGN FLANNEL,275,302.81
72586,SET OF 6 HALLOWEEN GHOST T-LIGHTS,655,302.71
23430,BLUE RETRO KITCHEN WALL CLOCK,36,301.88
23522,WALL ART DOG AND BALL ,102,301.56
35912B,WHITE/PINK CHICK DECORATION,252,301.26
84661B,BLACK SQUARE TABLE CLOCK,115,300.24
84632,DECORATIVE HANGING SHELVING UNIT,5,299.75
21761,WOOD AND GLASS MEDICINE CABINET,10,299.5
23440,PAINT YOUR OWN EGGS IN CRATE,164,299.36
22409,MONEY BOX BISCUITS DESIGN,227,298.47
90184B,AMETHYST CHUNKY BEAD BRACELET W STR,33,297.94
22135,MINI LADLE LOVE HEART PINK,528,297.4
84596J,MIXED NUTS LIGHT GREEN BOWL,568,296.45
23126,DOLLCRAFT GIRL AMELIE KIT,66,294.7
20655,QUEEN OF SKIES LUGGAGE TAG,197,292.29
35911A,MULTICOLOUR RABBIT EGG WARMER,319,292.07
21441,BLUE BIRDHOUSE DECORATION,421,292.03
23567,EGG CUP HENRIETTA HEN PINK,210,290.33
20725,LUNCH BAG RED SPOTTY,200,290.0
16015,MEDIUM CHINESE STYLE SCISSOR,662,289.98
85024B,EAU DE NILE JEWELLED PHOTOFRAME,193,289.65
21503,TOYBOX  WRAP ,725,288.5
46776E,WOVEN CANDY CUSHION COVER ,67,288.43
23047,PAPER LANTERN 5 POINT SEQUIN STAR,50,287.5
20618,QUEEN OF THE SKIES PASSPORT COVER ,148,286.39
72800B, 4 PURPLE FLOCK DINNER CANDLES,142,285.7
21386,IVORY HANGING DECORATION  EGG,709,285.64
84997d,PINK 3 PIECE POLKADOT CUTLERY SET,34,285.46
37413,ICON MUG REVOLUTIONARY,703,284.49
71403,"PINK/WHITE ""KEEP CLEAN"" BULLET BIN",76,283.96000000000004
18094C,WHITE AND BLUE CERAMIC OIL BURNER,192,283.93
21666,RIDGED GLASS T-LIGHT HOLDER,412,283.51
16218,CARTOON  PENCIL SHARPENERS,3821,283.31
20777,CHRYSANTHEMUM NOTEBOOK,169,282.48999999999995
84341B,SMALL PINK MAGIC CHRISTMAS TREE,645,282.38
84872a,TEATIME FUNKY FLOWER BACKPACK FOR 2,26,282.15
23410,CURIO CABINET LINEN AND LACE ,35,281.95
79190B,RETRO PLASTIC POLKA TRAY,691,281.64
23481,PEARLISED IVORY HEART SMALL ,228,281.17
22049,WRAP CHRISTMAS SCREEN PRINT,1025,281.0
22257,FELT FARM ANIMAL SHEEP,373,280.42
84816,DANISH ROSE BEDSIDE CABINET,7,279.65000000000003
71101E,STANDING FAIRY POLE SUPPORT ,346,278.5
21725,SWEETIES  STICKERS,301,277.24
16169M,WRAP DAISY CARPET ,660,277.2
23413,DECORATIVE VINTAGE COFFEE  BOX,52,277.0
21293,MIRRORED DOVE WALL DECORATION,116,276.72
84926D,LA PALMIERA TILE COASTER,709,276.53
85049g,CHOCOLATE BOX RIBBONS ,113,276.42
23137,ZINC WIRE SWEETHEART LETTER TRAY,83,275.62
85188A,GREEN METAL SWINGING BUNNY,316,275.62
21250,SET OF SKULL WALL STICKERS,95,274.37
85186A,EASTER BUNNY GARLAND OF FLOWERS,567,273.64
84859A,SILVER DISCO HANDBAG,129,272.99
23141,TRIPLE WIRE HOOK PINK HEART,79,272.91
23203,JUMBO BAG VINTAGE DOILEY ,144,272.57
20734,SILVER MINI TAPE MEASURE ,158,271.21999999999997
20755,BLUE PAISLEY POCKET BOOK,306,271.16999999999996
85214,TUB 24 PINK FLOWER PEGS,164,271.03999999999996
23474,WOODLAND SMALL BLUE FELT HEART,312,270.96
20684,STRAWBERRY DREAM CHILDS UMBRELLA,80,270.56
21815,STAR  T-LIGHT HOLDER ,158,270.22999999999996
22512,DOORSTOP RACING CAR DESIGN,122,269.71
21785,RAIN PONCHO ,411,268.76
21332,MOROCCAN BEATEN METAL MIRROR,19,268.1
17013D,ORIGAMI ROSE INCENSE IN TUBE,535,267.82
17107D,"FLOWER FAIRY,5 SUMMER B'DRAW LINERS",105,267.75
85230E,STRAWBRY SCENTED VOTIVE CANDLE,1101,267.45
21265,PINK GOOSE FEATHER TREE 60CM,131,267.21
20771,CHRYSANTHEMUM  JOURNAL,102,267.13
84795b,SUNSET CHECK HAMMOCK,16,266.78
35001W,HAND OPEN SHAPE DECO.WHITE,91,266.53000000000003
20699,MOUSEY LONG LEGS SOFT TOY,97,266.03
23489,"GARLAND, VINTAGE BELLS",92,265.88
79030D,TUMBLER BAROQUE,524,265.8
23476,WOODLAND LARGE RED FELT HEART,205,264.72
90160D,PINK BOUDICCA LARGE BRACELET,38,264.7
84952A,CLEAR LOVE BIRD T-LIGHT HOLDER,92,264.46999999999997
85039C,S/4 BLACK MINI ROSE CANDLE IN BOWL,304,264.12
22889,NUMBER TILE VINTAGE FONT No ,169,263.8
18098c,PORCELAIN BUTTERFLY OIL BURNER,52,263.12
20897,VINTAGE NOTEBOOK PARIS DAYS,95,262.87
21445,12 PINK ROSE PEG PLACE SETTINGS,210,262.5
85124C,GREEN JUICY FRUIT PHOTO FRAME,94,261.89
23194,GYMKHANNA TREASURE BOOK BOX,120,261.84000000000003
84858C,PINK RIVIERA HANDBAG,186,261.68
85186C,BUNNY EGG GARLAND,508,260.77
20794,BLUE  TILE HOOK,90,259.84
72800C,4 PINK DINNER CANDLE SILVER FLOCK,130,259.71999999999997
21324,HANGING MEDINA LANTERN SMALL,81,259.67
21279,VINTAGE KITCHEN PRINT FRUITS,82,258.5
23032,DOORKNOB CRACKED GLAZE IVORY,174,258.29999999999995
79337,BLUE FLOCK GLASS CANDLEHOLDER,638,257.68
20997,ROSE DU SUD CUSHION COVER ,59,257.61
35915B,BLUE KNITTED HEN ,220,257.21999999999997
21458,2 PICTURE BOOK EGGS EASTER BUNNY,182,256.54
78124,MAGAZINE RACK GEBRA ASSORTED ,198,256.5
16012,FOOD/DRINK SPONGE STICKERS,1220,256.2
84952C,MIRROR LOVE BIRD T-LIGHT HOLDER,144,255.0
21269,ANTIQUE CREAM CUTLERY SHELF ,29,254.98000000000002
21547,CERAMIC BIRDHOUSE CRESTED TIT SMALL,79,253.53000000000003
48173c,DOORMAT BLACK FLOCK ,15,252.95000000000002
35967,FOLK ART METAL STAR T-LIGHT HOLDER,485,252.33
22052,VINTAGE CARAVAN GIFT WRAP,600,252.0
21882,SKULLS TAPE,704,251.17000000000002
22164,STRING OF STARS CARD HOLDER,78,250.22000000000003
21427,SKULLS STORAGE BOX SMALL,93,250.14000000000001
85071D,CHARLIE+LOLA MY ROOM DOOR SIGN,403,249.48999999999998
85124B,BLUE JUICY FRUIT PHOTO FRAME,87,248.76
22410,MONEY BOX HOUSEKEEPING DESIGN,237,247.42000000000002
23168,CLASSIC SUGAR DISPENSER,216,247.32
20659,ECONOMY LUGGAGE TAG,158,246.84
21379,CAMPHOR WOOD PORTOBELLO MUSHROOM,178,246.82999999999998
47422,ASSORTED MONKEY SUCTION CUP HOOK,616,245.76
90175A,WHITE GLASS CHUNKY CHARM BRACELET,27,245.63
22391,PAPERWEIGHT HOME SWEET HOME,158,245.57999999999998
21676,FLOWERS  STICKERS,257,245.35999999999999
20819,SILVER TEDDY BEAR,64,244.72
22869,NUMBER TILE COTTAGE GARDEN 1,95,244.19
20616,CHERRY BLOSSOM PASSPORT COVER,194,243.53
85095,THREE CANVAS LUGGAGE TAGS,150,243.49
85230G,ORANGE VOTIVE CANDLE,984,243.11999999999998
23475,WOODLAND SMALL PINK FELT HEART,286,242.17999999999998
85094,CANDY SPOT EGG WARMER RABBIT,640,242.13
84678,CLASSICAL ROSE SMALL VASE,139,241.98999999999998
84592,CROCHET ROSE PURSE WITH SUEDE BACK,76,241.24000000000004
22870,NUMBER TILE COTTAGE GARDEN 2,93,240.29
22954,HEN PARTY CORDON BARRIER TAPE,196,240.13
23143,ZINC WIRE KITCHEN ORGANISER,30,239.97
21028,NINJA RABBIT BLACK,187,239.24
23324,RUSTIC STRAWBERRY JAMPOT LARGE ,120,238.56
23028,DOORKNOB CRACKED GLAZE BLUE,162,238.49999999999997
22137,BATHROOM SET LOVE HEART DESIGN,82,237.98000000000002
21644,ASSORTED TUTTI FRUTTI HEART BOX,190,237.5
90143,SILVER BRACELET W PASTEL FLOWER,31,237.18
22812,PACK 3 BOXES CHRISTMAS PANETTONE,70,236.78
72131,COLUMBIAN CANDLE RECTANGLE,136,236.39999999999998
21360,JOY LARGE WOOD LETTERS,39,236.17
23580,SNACK TRAY HAPPY FOREST  ,116,234.92
16216,LETTER SHAPE PENCIL SHARPENER,3333,234.0
20775,DAISY NOTEBOOK ,134,233.54
21025,SPACE FROG,174,233.52
23036,T-LIGHT HOLDER SILVER PETIT FOUR ,184,232.42000000000002
90201B,BLACK ENAMEL FLOWER RING,79,232.25000000000003
85099f,JUMBO BAG STRAWBERRY,46,232.05999999999997
23447,PINK BUNNY EASTER EGG BASKET,158,231.89999999999998
21818,GLITTER CHRISTMAS HEART ,268,231.82
84712B,PINK JEWELLED PHOTO FRAME,30,231.56
23015,CORDIAL GLASS JUG,27,231.13
20696,FLORAL SOFT CAR TOY,54,230.81
84857C,PINK MONTE CARLO HANDBAG,97,230.38
23446,BLUE BUNNY EASTER EGG BASKET,157,230.24999999999997
21161,KEEP OUT BOYS DOOR HANGER ,143,229.92
21973,SET OF 36 MUSHROOM PAPER DOILIES,158,229.1
85200,BUNNY EGG BOX,183,228.75
90010E,AMBER GLASS/SILVER BRACELET,25,227.89
72800D,4 BLUE DINNER CANDLES SILVER FLOCK,87,226.67
23003,TRAVEL CARD WALLET VINTAGE ROSE ,542,226.2
90201D,GREEN ENAMEL FLOWER RING,77,225.84
21157,RED RETROSPOT WASHBAG,78,225.5
84422,PINK/BLUE DISC/MIRROR STRING,518,225.45
85014a,BLACK/BLUE POLKADOT UMBRELLA,18,225.32000000000002
22632,HAND WARMER RED POLKA DOT,120,225.00000000000003
90206C,CRYSTAL DIAMANTE STAR BROOCH,45,224.73000000000002
90158,ST TROPEZ NECKLACE,45,224.12
23149,ANTIQUE IVORY WIRE BOWL SMALL,88,224.06000000000003
21657,MILK BOTTLE WITH GLASS STOPPER ,30,223.46
84218,BOX/12 CHICK & EGG IN BASKET,123,223.10999999999999
47469,ASSORTED SHAPES PHOTO CLIP SILVER ,445,223.01
85040B,SET/4 BLUE FLOWER CANDLES IN BOWL,133,222.86999999999998
21647,ASSORTED TUTTI FRUTTI LARGE PURSE,106,222.60000000000002
84711A,SILVER OVAL SHAPE TRINKET BOX,25,221.79999999999998
21456,2 PICTURE BOOK EGGS EASTER CHICKS,170,220.97
22031,BOTANICAL LAVENDER BIRTHDAY CARD,492,220.55
22395,PAPERWEIGHT VINTAGE PAISLEY,152,220.04
85019C,CURIOUS  IMAGES NOTEBOOK SET,170,219.72
20868,SILVER FABRIC MIRROR,458,219.35000000000002
90058B,CRYSTAL STUD EARRINGS ASSORTED COL ,576,218.88
75178,ASSTD COL BUTTERFLY/CRYSTAL W/CHIME,459,218.87
35914,PINK CHICK EGG WARMER + EGG CUP,195,218.81
21378,SMALL TALL CAMPHOR WOOD TOADSTOOL,142,217.89
20847,ZINC HEART LATTICE CHARGER LARGE,52,217.57999999999998
20769,DAISY JOURNAL ,80,217.55999999999997
84876D,BLUE HEART COMPACT MIRROR,128,217.5
21132,SILVER STANDING GNOME   ,44,217.35999999999999
47310M,"SMALL POP BOX,FUNKY MONKEY",152,216.47
23360,SET 8 CANDLES VINTAGE DOILEY,122,216.29999999999998
90160A,PURPLE BOUDICCA LARGE BRACELET,31,216.29000000000002
21364,PEACE SMALL WOOD LETTERS,29,216.21
84247E,PACK OF 12 CHRISTMAS FUN CARDS,83,215.94
21377,SMALL CAMPHOR WOOD FIELD  MUSHROOM,121,215.67999999999998
22394,PAPERWEIGHT KINGS CHOICE ,162,215.38
84051,ASS COLOUR GLOWING TIARAS,281,215.21
90120C,GREEN MURANO TWIST BRACELET,51,215.20000000000002
84559B,3D SHEET OF CAT STICKERS,233,213.89
21520,BOOZE & WOMEN GREETING CARD ,502,213.35
21316,SMALL CHUNKY GLASS ROMAN  BOWL,158,211.78000000000003
22882,NUMBER TILE VINTAGE FONT 3,107,211.75
90200C,BLUE SWEETHEART BRACELET,50,211.43
84510C,SET OF 4 POLKADOT COASTERS,132,211.32999999999998
72127,COLUMBIAN CANDLE ROUND ,169,210.61
84877B,GREEN ROUND COMPACT MIRROR,144,210.56
84707B,PINK JEWELLED MIRROR TRINKET TRAY,34,210.54999999999998
84926A,WAKE UP COCKEREL TILE COASTER,604,210.51999999999998
90175D,TIGRIS EYE CHUNKY CHARM BRACELET,23,210.04
22896,PEG BAG APPLE DESIGN,100,210.0
90160B,RED BOUDICCA LARGE BRACELET,30,209.73000000000002
20622,VIPPASSPORT COVER ,142,209.66
21750,LARGE SKULL WINDMILL,90,207.51000000000002
20781,GOLD EAR MUFF HEADPHONES,34,206.77
16048,TEATIME ROUND PENCIL SHARPENER ,1460,205.29999999999998
90119,METALIC LEAVES BAG CHARMS,83,205.06
20763,DAISY SKETCHBOOK ,73,205.04
79051A,SMOKEY GREY COLOUR D.O.F. GLASS,587,204.79
21726,MULTI HEARTS  STICKERS,237,204.69
84875B,GREEN SQUARE COMPACT MIRROR,131,203.51
85230A,OPIUM SCENTED VOTIVE CANDLE,840,203.27999999999997
22878,NUMBER TILE COTTAGE GARDEN No,74,202.09
22541,MINI JIGSAW LEAP FROG,503,201.95
85179C,PINK BITTY LIGHT CHAIN,106,201.31
84968e,SET OF 16 VINTAGE BLACK CUTLERY,8,200.21
22038,BOTANICAL LAVENDER GIFT WRAP ,475,199.5
21367,MIRRORED WALL ART GENTS,171,199.48999999999998
90192,JADE DROP EARRINGS W FILIGREE,40,199.20000000000002
21651,HANGING GLASS ETCHED TEALIGHT,127,198.57
22881,NUMBER TILE VINTAGE FONT 2,102,197.56
84828,JUNGLE POPSICLES ICE LOLLY HOLDERS,139,197.49
47578A,ENGLISH ROSE SMALL SCENTED FLOWER,213,197.43
90019A,SILVER M.O.P ORBIT BRACELET,38,197.09
22880,NUMBER TILE VINTAGE FONT 1,97,196.69
22044,CHRISTMAS CARD STACK OF PRESENTS,816,196.44
20617,FIRST CLASS PASSPORT COVER ,93,194.94
23697,A PRETTY THANK YOU CARD,456,194.58
22884,NUMBER TILE VINTAGE FONT 5,99,194.04999999999998
20654,FIRST CLASS LUGGAGE TAG ,152,193.59
22289,HANGING METAL CHICKEN DECORATION,148,193.52
21275,ZINC TOP  2 DOOR WOODEN SHELF ,8,193.32999999999998
90082A,DIAMANTE BOW BROOCH GREEN COLOUR,30,193.2
21376,LARGE  TALL CAMPHOR WOOD TOADSTOOL ,33,192.81
84910A,PINK PAISLEY CUSHION COVER ,26,192.14
90030B,RED KUKUI COCONUT SEED NECKLACE,122,190.73000000000002
90201A,PURPLE ENAMEL FLOWER RING,65,190.71
90184C,BLACK CHUNKY BEAD BRACELET W STRAP,21,190.51999999999998
47471,RAINBOW PEGS PHOTO CLIP STRING,290,189.88
21418,STARFISH SOAP DISH,74,189.75
21196,ROUND WHITE CONFETTI IN TUBE,108,189.67999999999998
23229,DONKEY TAIL GAME ,54,189.54000000000002
22883,NUMBER TILE VINTAGE FONT 4,99,189.53
90018A,SILVER M.O.P ORBIT DROP EARRINGS,45,189.08
21807,WHITE CHRISTMAS STAR DECORATION,438,189.0
85020,ROUND PINK HEART MIRROR,85,188.81
84804B,BLUE DELPHINIUM ARTIFICIAL FLOWER,99,188.37000000000003
84926F,PSYCHEDELIC TILE COASTER,406,188.26
21027,NINJA RABBIT PINK,167,187.79
20694,FLORAL PINK MONSTER,43,187.54
84711B,PINK OVAL SHAPE TRINKET BOX,20,186.64
84535A,ENGLISH ROSE NOTEBOOK A6 SIZE,399,186.56
21402,RED  EGG  SPOON,1369,185.51999999999998
21306,SET/4 DAISY MIRROR MAGNETS,475,185.42
23436,GIFT BAG LARGE VINTAGE CHRISTMAS,148,185.0
72801d,4 SKY BLUE DINNER CANDLES,75,184.7
23416,CHAMBRE HOOK,132,184.67999999999998
90016B,GOLD/M.O.P PENDANT ORBIT NECKLACE,22,184.66
85055,FRENCH ENAMEL UTENSIL HOLDER,45,183.71
84509E,SET OF 4 CAROUSEL PLACEMATS ,91,183.45
21911,GARDEN METAL SIGN ,102,183.40999999999997
84429A,MEDIUM PINK BUDDHA HEAD ,54,182.50000000000003
79030G,"TUMBLER, NEW ENGLAND",142,182.29999999999998
47594A,CAROUSEL DESIGN WASHBAG,99,182.29
71143,SILVER BOOK MARK WITH BEADS,161,182.25
22032,BOTANICAL LILY GREETING CARD,427,181.98
84927F,PSYCHEDELIC TILE HOOK,294,181.0
84907,PINK YELLOW PATCH CUSHION COVER,29,180.93
85215,ASSORTED CHEESE FRIDGE MAGNETS,223,180.71
72801C,4 ROSE PINK DINNER CANDLES,145,180.65
84804A,CREAM DELPHINIUM ARTIFICIAL FLOWER,70,180.58
84859C,PINK DISCO HANDBAG,84,180.51999999999998
22157,ANGEL DECORATION WITH LACE PADDED,212,180.2
21826,EIGHT PIECE DINOSAUR SET,121,180.18
21721,CANDY SHOP  STICKER SHEET,195,179.45999999999998
40003,WHITE BAMBOO RIBS LAMPSHADE,155,179.23
21847,GREEN  DIAMANTE PEN IN GIFT BOX,76,178.89
85131C,BEADED CRYSTAL HEART BLUE ON STICK,193,178.85
16258A,SWIRLY CIRCULAR RUBBERS IN BAG,471,178.54999999999998
85123A,CREAM HANGING HEART T-LIGHT HOLDER,61,178.51000000000002
23126,DOLLCRAFT GIRL AMELIE,36,178.2
79190A,RETRO PLASTIC 70'S TRAY,381,178.1
22872,NUMBER TILE COTTAGE GARDEN 4,72,177.46
gift_0001_30,Dotcomgiftshop Gift Voucher £30.00,7,175.53
90197B,BLACK GLASS BRACELET W HEART CHARMS,35,174.73000000000002
84691,PACK 20 DOLLY PEGS,242,174.5
21319,GLASS CHALICE GREEN  SMALL ,160,174.13
84685,BEACH HUT KEY CABINET,33,173.58
85211,S/4 GROOVY CAT MAGNETS,147,173.57999999999998
21311,SET/4 BIRD MIRROR MAGNETS ,432,173.5
84905,PINK BUTTERFLY CUSHION COVER ,35,173.48
44235,ASS COL CIRCLE MOBILE ,474,173.15999999999997
16168M,FUNKY MONKEY GIFT BAG MEDIUM,371,173.12
21190,PINK HEARTS PAPER GARLAND,118,172.70000000000002
82011C,BATHROOM SCALES FOOTPRINTS IN SAND,51,172.05
84963A,PINK PAINTED KASHMIRI CHAIR,4,171.8
47481,50CM METAL STRING WITH  7 CLIPS,225,171.79
62086A,PINK RETRO BIG FLOWER BAG,88,171.6
85045,GREEN CHRISTMAS TREE STRING 20LIGHT,38,171.3
85146,JARDIN ETCHED GLASS SMALL BELL JAR,45,171.11
22885,NUMBER TILE VINTAGE FONT 6 ,95,170.82999999999998
21763,VINTAGE WOODEN BAR STOOL,6,169.75
84800M,MEDIUM WHITE/PINK ROSE ART FLOWER,124,169.24
85129B,BEADED CRYSTAL HEART GREEN SMALL,119,168.59
21333,CLASSIC WHITE FRAME,56,168.16000000000003
90145,SILVER HOOP EARRINGS WITH FLOWER,28,168.0
84661A,WHITE SQUARE TABLE CLOCK,104,167.79
90201C,RED ENAMEL FLOWER RING,57,167.72000000000003
gift_0001_50,Dotcomgiftshop Gift Voucher £50.00,4,167.56
78033,FLAG OF ST GEORGE CHAIR,35,167.45
90010A,MIDNIGHT BLUE GLASS/SILVER BRACELET,18,167.3
gift_0001_20,Dotcomgiftshop Gift Voucher £20.00,10,167.05
21457,2 PICTURE BOOK EGGS EASTER DUCKS,124,165.89
21280,VINTAGE KITCHEN PRINT VEGETABLES,65,165.75
21331,MOROCCAN BEATEN METAL DISH LARGE,12,165.74
72225C,LAVENDER SCENT CAKE CANDLE,624,165.6
90013A,MIDNIGHT BLUE VINTAGE EARRINGS,44,165.32
23694,PAISLEY PARK CARD,376,165.07999999999998
22538,MINI JIGSAW GO TO THE FAIR,402,164.42000000000002
21698,MOCK LOBSTER FRIDGE MAGNET,296,164.17
90120B,BLUE MURANO TWIST BRACELET,39,164.12
90191,SILVER LARIAT 40CM,26,163.82
85145,JARDIN ETCHED GLASS LARGE BELL JAR,37,163.75
22263,FELT EGG COSY LADYBIRD ,277,163.63
22871,NUMBER TILE COTTAGE GARDEN 3 ,67,163.35
35810B,ENAMEL BLUE RIM COFFEE CONTAINER,139,163.29999999999998
22042,CHRISTMAS CARD SINGING ANGEL,387,163.29
16207A,PINK STRAWBERRY HANDBAG ,60,163.1
90014A,SILVER/MOP ORBIT NECKLACE,16,162.79
22408,MONEY BOX CONFECTIONERY DESIGN,145,162.44
21100,CHARLIE AND LOLA CHARLOTTE BAG,65,162.20999999999998
84683,CLASSICAL ROSE CANDLESTAND,194,162.20000000000002
85114a,BLACK ENCHANTED FOREST PLACEMAT,49,161.70000000000002
21369,MIRRORED WALL ART SPLODGES,101,161.49
23305,SET 4 PICNIC CUTLERY BLUEBERRY,82,159.9
21030,SPACE CADET RED,131,159.7
84993A,75 GREEN PETIT FOUR CASES,343,159.69
23545,WRAP RED DOILEY,380,159.6
90082B,DIAMANTE BOW BROOCH RED COLOUR,25,158.75
84247G,"DECOUPAGE,GREETING CARD,",357,158.63
84997c,BLUE 3 PIECE POLKADOT CUTLERY SET,19,158.23
90013C,GREEN VINTAGE EARRINGS ,39,158.08
17038,PORCELAIN BUDAH INCENSE HOLDER,1525,158.06
84507C,BLUE CIRCLES DESIGN MONKEY DOLL,59,157.88
23417,BATHROOM HOOK,146,157.5
16156L,WRAP CAROUSEL,375,157.5
90134,OLD ROSE COMBO BEAD NECKLACE,54,157.5
84882,GREEN WIRE STANDING CANDLE HOLDER,38,157.34
35649,VINTAGE BEAD COSMETIC BAG ,57,156.85
23468,TUSCAN VILLA BIRD TABLE ,19,156.75
84673B,BLUE FLY SWAT,179,156.63
84508C,BLUE CIRCLES DESIGN TEDDY,56,154.95
23496,PANTRY KITCHEN THERMOMETER ,112,154.52
44234,ASSORTED CIRCULAR MOBILE,691,154.35
23196,RETRO LEAVES MAGNETIC NOTEPAD,105,154.08999999999997
21614,SET OF 12 ROSE BOTANICAL T-LIGHTS,51,153.29000000000002
84827,ASS DES PHONE SPONGE CRAFT STICKER,509,153.09
22353,LUNCH BOX WITH CUTLERY FAIRY CAKES ,60,153.0
90014B,GOLD M PEARL  ORBIT NECKLACE,15,152.84
21145,ANTIQUE GLASS PLACE SETTING,122,152.5
90198B,VINTAGE ROSE BEAD BRACELET BLACK,36,152.4
23484,HEART TRELLISTRIPLE T-LIGHT HOLDER,56,152.24
72128,COLUMBIAN CANDLE ROUND,193,152.04999999999998
84595E,LARGE TORTILLA DESIGN RED BOWL,77,151.39
90209A,PURPLE ENAMEL+GLASS HAIR COMB,78,151.2
21401,BLUE PUDDING SPOON,1052,151.19
85135A,YELLOW DRAGONFLY HELICOPTER,19,151.05
22415,WHITE TISSUE REAM,19,151.05
84877D,BLUE ROUND COMPACT MIRROR,96,150.93
22874,NUMBER TILE COTTAGE GARDEN 6,65,150.81
85027L,FRENCH CHATEAU LARGE PLATTER ,65,150.75
DCGSSBOY,BOYS PARTY BAG,47,150.54999999999998
17107D,FLOWER FAIRY 5 DRAWER LINERS,59,150.45
84963B,BLUE PAINTED KASHMIRI CHAIR,3,149.85000000000002
22764,"RUSTIC WOODEN CABINET, GLASS DOORS",4,149.82
90013B,BLACK VINTAGE EARRINGS,36,149.41000000000003
23256,KIDS CUTLERY SPACEBOY ,36,149.4
23254,KIDS CUTLERY DOLLY GIRL ,36,149.4
46000R,POLYESTER FILLER PAD 45x30cm,103,149.35
22875,NUMBER TILE COTTAGE GARDEN 7,63,149.09
90185D,CRYSTAL DIAMANTE EXPANDABLE RING,35,148.63
23465,TUSCAN VILLA BIRD FEEDER,17,148.63
84576,BLUE CAT BISCUIT BARREL PINK HEART,66,148.32
21486,PINK HEART DOTS HOT WATER BOTTLE,36,147.88
84688,BEACH HUT DESIGN BLACKBOARD,28,147.82
82011B,BATHROOM SCALES RUBBER DUCKS,43,146.85
22886,NUMBER TILE VINTAGE FONT 7,87,146.43
84865,NEW BAROQUE BLACK PHOTO ALBUM,27,146.21
84870C,GREEN GEISHA GIRL ,46,146.05
23292,SPACE BOY CHILDRENS CUP,131,145.76
90116,FRUIT SALAD BAG CHARM,64,145.52
22873,NUMBER TILE COTTAGE GARDEN 5,60,145.5
47343A,FUSCHIA FLOWER PURSE WITH BEADS,159,145.17
84629,WHITE 3 FRAME BIRDS AND TREE ,19,145.05
22868,NUMBER TILE COTTAGE GARDEN 0 ,63,144.65
21738,COSY SLIPPER SHOES SMALL  RED ,46,144.58
DCGSSGIRL,GIRLS PARTY BAG,47,144.43
21082,SET/20 FRUIT SALAD PAPER NAPKINS ,88,143.44
21368,MIRRORED WALL ART LADIES,163,143.28
20837,FRENCH FLORAL CUSHION COVER ,141,142.47
84870B,BLUE GEISHA GIRL ,43,142.32999999999998
37479P,CUBIC MUG FLOCK PINK ON BROWN,163,142.23
22033,BOTANICAL ROSE GREETING CARD,337,141.95
21117,BLOND DOLL DOORSTOP,109,141.75
20774,GREEN FERN NOTEBOOK,86,141.23999999999998
22769,CHALKBOARD KITCHEN ORGANISER,1,141.23000000000002
20661,BLUE POLKADOT PURSE ,44,141.15
84796a,PINK HAWAIIAN PICNIC HAMPER FOR 2,17,141.10999999999999
90164B,WHITE  ROSEBUD PEARL BRACELET,38,140.98
84744,S/6 SEW ON CROCHET FLOWERS,110,140.02
22125,UNION JACK HOT WATER BOTTLE ,13,139.86
23306,SET OF 36 PANTRY PAPER DOILIES,67,139.78
23091,METAL HERB GERDEN CONTAINER,24,139.68
23463,VINTAGE ZINC WATERING CAN,13,139.39999999999998
22876,NUMBER TILE COTTAGE GARDEN 8,61,138.81
75011,BLUE DAISY MOBILE,172,138.76
84192,ASSORTED COLOUR METAL CAT ,111,138.75
35922,EASTER BUNNY WREATH,28,138.6
23304,SET 4 PICNIC CUTLERY CHERRY ,71,138.45
90181B,AMETHYST GLASS/SHELL/PEARL NECKLACE,15,137.63
22602,CHRISTMAS RETROSPOT HEART WOOD,139,137.59
20757,RED DAISY POCKET BOOK ,158,136.64
21637,ASSORTED SANSKRIT MINI NOTEBOOK,109,136.25
22877,NUMBER TILE COTTAGE GARDEN 9,62,136.16
21736,GOLD SCROLL GLASS T-LIGHT HOLDER,77,136.05
20758,ABSTRACT CIRCLES POCKET BOOK,159,135.15
84660c,PINK STITCHED WALL CLOCK,18,134.92
85071A,BLUE CHARLIE+LOLA PERSONAL DOORSIGN,889,134.83000000000004
21459,YELLOW EASTER EGG HUNT START POST,68,134.78
90073,VINTAGE ENAMEL & CRYSTAL EARRINGS,27,134.70000000000002
90115,SUMMER BUTTERFLIES BAG CHARM,54,134.53
21943,CAKES AND RABBITS DESIGN FLANNEL ,119,134.48999999999998
90028,NEW BAROQUE LARGE NECKLACE BLK/WHIT,16,134.16
46000U,POLYESTER FILLER PAD 30CMx30CM,107,133.75
72130,COLUMBIAN CANDLE ROUND,219,133.34
62096A,PINK/YELLOW FLOWERS HANDBAG,106,132.5
21518,BANK ACCOUNT  GREETING  CARD ,318,132.44
90210D,PURPLE ACRYLIC FACETED BANGLE,107,132.05
23081,GREEN METAL BOX TOP SECRET,16,132.0
23066,SMALL JEWELLERY STAND,16,132.0
35921,EASTER BUNNY HANGING GARLAND,67,131.98
85039a,SET/4 RED MINI ROSE CANDLE IN BOWL,40,131.81
20836,FRENCH PAISLEY CUSHION COVER,158,131.14
90164A,PINK ROSEBUD PEARL BRACELET,27,130.67
90210C,RED   ACRYLIC FACETED BANGLE,99,130.51000000000002
84510a,SET OF 4 ENGLISH ROSE COASTERS,53,130.48
37467,PIG MUG IN TWO COLOUR DESIGNS,159,130.26999999999998
21344,MOROCCAN BEATEN METAL DISH,12,130.24
90000D,COPPER/OLIVE GREEN FLOWER NECKLACE,21,129.85
21281,VINTAGE KITCHEN PRINT SEAFOOD,43,129.63
20823,GOLD WINE GOBLET,164,129.56
47590b,PINK HAPPY BIRTHDAY BUNTING,12,129.48
72799C,PINK PILLAR CANDLE SILVER FLOCK,81,129.47
21400,RED PUDDING SPOON,881,128.63
21349,IVY HEART WREATH,14,128.6
20826,SILVER APERITIF GLASS,276,128.4
35638B,PINK/BLUE STRING CURTAIN ,57,128.32999999999998
85118,HEART T-LIGHT HOLDER,133,128.27
79191B,RETRO PLASTIC POLKA TRAY,147,128.1
16054,POPART RECT PENCIL SHARPENER ASST,1058,127.56
84508B,STRIPES DESIGN TEDDY,50,127.49999999999999
90180A,BLACK+WHITE NECKLACE W TASSEL,17,127.24
85130A,BEADED PEARL HEART WHITE LARGE,77,127.04999999999998
79190D,RETRO PLASTIC DAISY TRAY,265,126.97999999999999
22887,NUMBER TILE VINTAGE FONT 8,78,126.78
23303,SET 4 PICNIC CUTLERY FONDANT,65,126.75
23020,GLASS SONGBIRD STORAGE JAR,11,126.7
85067,CREAM SWEETHEART WALL CABINET,7,126.64999999999999
84846A,SCENTED CANDLE IN DIGITALIS TIN,56,126.04000000000002
23578,SNACK TRAY RED GINGHAM,60,125.72
84968a,SET OF 16 VINTAGE ROSE CUTLERY,5,125.32999999999998
84799,SPRIG LAVENDER ARTIFICIAL FLOWER,164,125.32
23065,LARGE JEWELLERY STAND,10,125.0
22888,NUMBER TILE VINTAGE FONT 9 ,76,124.97999999999999
23477,WOODLAND LARGE BLUE FELT HEART,92,123.47
37343,POLKADOT MUG PINK ,72,123.29999999999998
23454,SET OF 3 MINI HANGING PORTRAITS,32,123.2
23457,LARGE PARLOUR FRAME,27,122.85
90195A,PURPLE GEMSTONE BRACELET,19,122.84
85086A,CANDY SPOT HEART DECORATION,146,122.08
90129B,TURQUOISE GLASS TASSLE BAG CHARM ,57,121.38000000000001
37333,"RETRO ""TEA FOR ONE"" ",21,120.99
85185B,PINK HORSE SOCK PUPPET KIT,41,120.95000000000002
20845,ZINC HEART LATTICE 2 WALL PLANTER,19,120.64999999999999
90170,DAISY HAIR BAND,73,120.52999999999999
21420,OYSTER TRINKET BOX,53,120.41
90173,PAIR BUTTERFLY HAIR CLIPS,32,120.34
23467,VINTAGE ZINC PLANTER  ,32,120.08000000000001
35972,DAISY FOLKART HEART DECORATION,96,120.0
23438,GIFT BAG LARGE SPOT ,96,120.0
90161A,ANT COPPER RED BOUDICCA BRACELET,24,119.91000000000001
90124B,BLUE MURANO TWIST NECKLACE,12,119.89
23209,LUNCH BAG VINTAGE DOILEY ,71,119.63
90122C,TURQUOISE CRYSTAL+GLASS BRACELET,24,119.23
10080,GROOVY CACTUS INFLATABLE,303,119.08999999999999
84709B,PINK OVAL JEWELLED MIRROR,20,119.0
23359,SET OF 12 T-LIGHTS VINTAGE DOILEY,61,118.94999999999999
23280,FOLDING MIRROR HOT PINK ,156,118.91999999999999
85114b,IVORY ENCHANTED FOREST PLACEMAT,36,118.86000000000001
21095,SET/6 POSIES PAPER PLATES,125,118.72999999999999
84507B,STRIPES DESIGN MONKEY DOLL,39,118.72999999999999
84569B,PACK 3 FIRE ENGINE/CAR PATCHES,85,118.4
84228,HEN HOUSE W CHICK STANDING,282,117.78999999999999
21032,SPACE CADET WHITE,97,117.78
90184A,AMBER CHUNKY BEAD BRACELET W STRAP,13,117.73
84800S,SMALL WHITE/PINK ROSE ART FLOWER,105,117.57000000000001
90208,PAIR OF PINK FLOWER CLUSTER SLIDE,47,117.4
84741C,CITRUS GARLAND FELT FLOWERS ,60,117.0
23244,STORAGE TIN VINTAGE LEAF,60,117.0
72780,BLACK SILOUETTE CANDLE PLATE,137,116.44999999999999
72812,LARGE ZINC GLASS CANDLEHOLDER,34,116.06
51020A,SUMMER FUN DESIGN SHOWER CAP,323,115.74999999999999
16052,TEATIME PUSH DOWN RUBBER,479,115.3
23185,FRENCH STYLE STORAGE JAR JAM,316,114.55999999999999
23151,ZINC SWEETHEART SOAP DISH,61,114.33000000000001
23535,WALL ART BICYCLE SAFTEY ,21,114.15
90130B,TURQ STONE/CRYSTAL EARRINGS,39,113.97
90199C,5 STRAND GLASS NECKLACE CRYSTAL,18,113.94
47518F,ICON PLACEMAT POP ART ELVIS,827,113.64
72801D,4 SKY BLUE DINNER CANDLES,75,113.21
84457,SET/3 RABBITS FLOWER SKIPPPING ROPE,126,112.55999999999999
90096,NECKLACE+BRACELET SET BLUE BLOSSOM,45,112.21
47351B,BLUE  VOILE LAMPSHADE,38,112.10000000000002
21678,PAISLEY PATTERN  STICKERS,125,111.86
21814,HEART T-LIGHT HOLDER ,74,111.77
90214A,"LETTER ""A"" BLING KEY RING",130,111.66
84809A,WHITE CHRYSANTHEMUMS ART FLOWER,53,111.30000000000001
90036E,"FLOWER GLASS GARLD NECKL36""AMETHYST",14,110.95
47503H,ASS FLORAL PRINT SPIRIT LEVEL ,100,110.86
90125D,PURPLE BERTIE GLASS BEAD BAG CHARM,95,110.03
20731,POSY CANDY BAG,92,109.96
85167B,BLACK GRAND BAROQUE PHOTO FRAME,50,109.94
84925F,PSYCHEDELIC WALL THERMOMETER,79,109.92999999999999
90124C,GREEN MURANO TWIST NECKLACE,11,109.53999999999999
90058A,CRYSTAL STUD EARRINGS CLEAR DISPLAY,288,109.44
85096,HILDA CANDY SPOT RABBIT,25,109.23
20894,HANGING BAUBLE T-LIGHT HOLDER LARGE,33,108.71000000000001
23041,PAPER LANTERN 6 POINT SNOW STAR,26,107.9
21372,MIRRORED WALL ART TABLE LAMP,75,107.75
35916C,PINK FELT HANGING HEART W FLOWER,106,107.72
17090A,LAVENDER INCENSE 40 CONES IN TIN,109,107.44999999999999
85129C,BEADED CRYSTAL HEART BLUE SMALL,80,107.31
23626,SET 10 CARDS DINKY TREE 17076,43,107.07000000000001
23455,SMALL PARLOUR FRAME,42,106.98000000000002
90125A,PINK BERTIE GLASS BEAD BAG CHARM,115,106.24
35819B,"ACRYLIC HANGING JEWEL,BLUE",268,106.05
20657,TROPICAL LUGGAGE TAG,73,105.91
35818P,"ACRYLIC JEWEL ICICLE, PINK",263,105.83
90016A,SILVER/M.O.P PENDANT ORBIT NECKLACE,17,105.71000000000001
90185A,AMBER DIAMANTE EXPANDABLE RING,25,105.53
85040a,S/4 PINK FLOWER CANDLES IN BOWL,32,105.28
21904,HOUSE WRECKING METAL SIGN ,50,105.0
35920,FOUR RABBIT EASTER DECORATIONS,72,104.84
84661C,PINK SQUARE TABLE CLOCK,71,104.84
90003C,MIDNIGHT BLUE PAIR HEART HAIR SLIDE,28,104.84
90070,RUBY GLASS CLUSTER BRACELET,17,104.79
90122A,PINK CRYSTAL+GLASS BRACELET,21,104.53
17084P,DRAGONS BLOOD INCENSE,423,104.44
20796,SMALL BLUE PROVENCAL CERAMIC BALL,62,103.93999999999998
79144B,PAINTED LIGHTBULB STAR+ MOON,180,103.22999999999999
90032,IVORY SHELL HEART NECKLACE,21,103.13
22879,NUMBER TILE VINTAGE FONT 0,70,102.46
90196A,PURPLE GEMSTONE NECKLACE 45CM,8,102.0
90063A,WHITE VINT ART DECO CRYSTAL NECKLAC,12,102.0
21109,"LARGE CAKE TOWEL, CHOCOLATE SPOTS",11,101.53
20701,PINK CAT FLORAL CUSHION COVER ,25,100.97
35637C,PINK STRING CURTAIN WITH POLE,30,100.86
16033,MINI HIGHLIGHTER PENS,840,100.79999999999998
35911B,PINK/FLOWER RABBIT EGG WARMER ,119,100.76
gift_0001_40,Dotcomgiftshop Gift Voucher £40.00,3,100.69999999999999
21370,MIRRORED WALL ART FOXY,16,100.66000000000001
20795,LARGE BLUE PROVENCAL CERAMIC BALL,43,100.45
84247E,PACK/12 XMAS FUN CARD,34,100.30000000000001
90010B,BLACK/WHITE GLASS/SILVER BRACELET,11,100.08999999999999
90081C,LILY BROOCH OLIVE COLOUR,20,99.60000000000001
23611,SET 10 CARDS RED RIDING HOOD 17214,40,99.60000000000001
90183A,AMBER DROP EARRINGS W LONG BEADS,34,99.54
23464,VINTAGE ZINC WATERING CAN SMALL,18,99.2
23465,TUSCAN VILLA FEEDING STATION,12,99.0
23466,TUSCAN VILLA DOVECOTE,12,99.0
23191,BUNDLE OF 3 RETRO EXERCISE BOOKS,60,98.99999999999999
17091A,LAVENDER INCENSE IN TIN,171,98.91
84510c,SET OF 4 POLKADOT COASTERS,40,98.7
84898F,YELLOW FLOWERS FELT HANDBAG KIT,46,98.63000000000001
85232B,SET OF 3 BABUSHKA STACKING TINS,19,98.25
79144C,PAINTED LIGHTBULB RAINBOW DESIGN,152,98.11999999999999
84723,CHERRY BLOSSOM CANVAS ART PICTURE,41,97.95
90003D,CRYSTAL PAIR HEART HAIR SLIDES,26,97.26
47369B,BLUE GREEN EMBROIDERY COSMETIC BAG,35,97.13
84806A,PINK CANDYSTUFT ARTIFICIAL FLOWER,137,96.88999999999999
84801A,PINK HYDRANGEA ART FLOWER,46,96.60000000000001
90019B,GOLD M.O.P ORBIT BRACELET,18,96.52000000000001
72801c,4 ROSE PINK DINNER CANDLES,39,95.94
90146,FINE SILVER NECKLACE W PASTEL FLOWE,17,95.35000000000001
90036D,"FLOWER GLASS GARLAND NECKL.36""BLACK",12,95.35000000000001
90178A,AMBER CHUNKY GLASS+BEAD NECKLACE,8,95.25
20653,CHERRY BLOSSOM LUGGAGE TAG,73,95.17999999999999
84527,FLAMES SUNGLASSES PINK LENSES,52,95.1
84666,SQUARE CHERRY BLOSSOM CABINET,24,94.80000000000001
21722,SWEET PUDDING STICKER SHEET,97,94.67999999999999
22039,BOTANICAL LILY GIFT WRAP,225,94.5
90133,TEAL/FUSCHIA COL BEAD NECKLACE,19,94.43
20622,VIP PASSPORT COVER ,43,94.04
23402,HOME SWEEET HOME 3 PEG HANGER ,25,93.75
47369A,PINK GREEN EMBROIDERY COSMETIC BAG,33,93.19
20773,BLUE PAISLEY NOTEBOOK,56,92.39999999999999
82613A,"METAL SIGN,CUPCAKE SINGLE HOOK",71,92.38
90018B,GOLD M.O.P ORBIT DROP EARRINGS,22,92.28
35933,PINK STOCKING CHRISTMAS DECORATION,226,92.21000000000001
85132a,CHARLIE + LOLA BISCUITS TINS,8,92.19999999999999
82615,PINK MARSHMALLOW SCARF KNITTING KIT,36,91.8
90030C,BROWN KUKUI COCONUT SEED NECKLACE,77,91.7
90175B,PINK GLASS CHUNKY CHARM BRACELET,10,91.68
23075,DOUBLE CERAMIC PARLOUR HOOK,22,91.30000000000001
20662,FIRST CLASS HOLIDAY PURSE ,31,90.42
85230F,JASMINE VOTIVE CANDLE,338,90.33999999999999
90163A,PINK ROSEBUD & PEARL NECKLACE,12,90.32
23574,PACKING CHARGE,12,90.0
72051S,BAG OF SILVER STONES,130,89.52999999999999
84461,12 PINK HEN+CHICKS IN BASKET,35,89.25
20892,SET/3 TALL GLASS CANDLE HOLDER PINK,4,89.22
90123A,PINK HEART OF GLASS BRACELET,15,89.12
90148,LONG SILVER NECKLACE PASTEL FLOWER,7,88.98
35833P,4 PINK FLOCK CHRISTMAS BALLS,49,88.47
84984A,GREEN PEONY CUSHION COVER,19,88.35000000000001
84306,S/3 PINK SQUARE PLANTERS ROSES,10,88.22
90166,PINK & WHITE ROSEBUD RING,21,88.04
90129F,RED GLASS TASSLE BAG CHARM,40,88.03
20898,VINTAGE NOTEBOOK TRAVELOGUE,32,88.03
84989a,75 GREEN FAIRY CAKE CASES,42,87.51
20869,GOLD FABRIC MIRROR,180,86.76
23614,SET 10 CARDS 12 DAYS WRAP  17058,26,86.58000000000001
84531B,BLUE KNITTED EGG COSY,155,85.61
79403,FROSTED WHITE BASE ,95,85.52
75172,PAINTED SEA SHELL METAL WINDCHIME,93,85.31
79051A,SMOKEY GREY COLOUR GLASS,236,84.75999999999999
23456,MEDIUM PARLOUR FRAME ,22,84.1
79030D,"TUMBLER, BAROQUE",56,84.03999999999999
16169K,WRAP FOLK ART,200,84.0
90204,PAIR OF ENAMEL BUTTERFLY HAIRCLIP,25,83.46
90072,RUBY DROP CHANDELIER EARRINGS,21,83.42
22016,Dotcomgiftshop Gift Voucher £100.00,1,83.33
90123C,GREEN HEART OF GLASS BRACELET,14,83.29
23442,12 HANGING EGGS HAND PAINTED,40,83.2
90129A,PINK GLASS TASSLE BAG CHARM ,45,82.97999999999999
90101,WHITE FRANGIPANI NECKLACE,33,82.77
21690,SILVER  CANDLEPOT JARDIN ,22,82.5
35968,FOLK ART METAL HEART T-LIGHT HOLDER,163,82.1
35638A,PINK AND BLACK STRING CURTAIN,38,82.1
16049,TEATIME GEL PENS ASST,504,82.08
20664,TROPICAL HOLIDAY PURSE ,32,81.66
85023B,EAU DE NILE JEWELLED PHOTOFRAME,32,81.59999999999998
20941,FROG CANDLE,62,81.28
71496A,A4 WALL TIDY BLUE OFFICE,127,80.96000000000001
21038,SET/4 MODERN VINTAGE COTTON NAPKINS,75,80.85000000000001
21226,POCKET MIRROR WOODLAND,93,80.55
90175C,BLUE GLASS CHUNKY CHARM BRACELET,9,80.55
84249A,"GREETING CARD,SQUARE, DOUGHNUTS",174,80.46
23370,SET 36 COLOUR PENCILS DOILEY,64,80.0
90129C,GREEN GLASS TASSLE BAG CHARM,35,79.76
90124A,PINK MURANO TWIST NECKLACE,8,79.66
84984B,RED PEONY CUSHION COVER ,17,79.05000000000001
21278,VINTAGE KITCHEN PRINT PUDDINGS,31,79.05
72811,SMALL ZINC/GLASS CANDLEHOLDER,53,78.92999999999999
90039D,FIRE POLISHED GLASS BRACELET GREEN,21,78.69
84906,PINK B'FLY C/COVER W BOBBLES,12,78.17
37479B,CUBIC MUG FLOCK BLUE ON BROWN,131,78.09
90000A,RASPBERRY ANT COPPER FLOWER NECKLAC,13,77.91
90086,CRYSTAL FROG PHONE CHARM,102,77.78999999999999
23497,CLASSIC CROME BICYCLE BELL ,60,77.4
90129E,PURPLE GLASS TASSLE BAG CHARM,42,77.03999999999999
90162B,ANT SILVER LIME GREEN BOUDICCA RING,26,76.70000000000002
84531A,PINK KNITTED EGG COSY,147,76.69
46000P,POLYESTER FILLER PAD 65CMx65CM,18,76.5
90099,NECKLACE+BRACELET SET BLUE HIBISCUS,27,76.38
90063B,BLACK VINT ART DEC CRYSTAL NECKLACE,9,76.32
84881,BLUE WIRE SPIRAL CANDLE HOLDER,11,76.22
16207B,PINK HEART RED HANDBAG,29,76.14
84927E,FLOWERS TILE HOOK,57,75.96000000000001
21946,PARTY TIME DESIGN FLANNEL,86,75.35
90022,EDWARDIAN DROP EARRINGS JET BLACK,20,75.2
21413,PERIWINKLE T-LIGHT HOLDER,48,75.02
84847,FLORAL BATHROOM SET,20,75.0
23061,VINTAGE ENGRAVED HEART,60,75.0
gift_0001_10,Dotcomgiftshop Gift Voucher £10.00,9,74.97
84968d,SET OF 16 VINTAGE RED CUTLERY,3,74.88
23068,ALUMINIUM HEART,30,74.7
23044,PAPER LANTERN 9 POINT HOLLY STAR 23,18,74.7
84251G,"GREETING CARD, OVERCROWDED POOL.",270,74.7
85132b,CHARLIE AND LOLA TABLE TINS,9,74.60999999999999
85198,ASSORTED FARMYARD ANIMALS IN BUCKET,90,74.58
21087,SET/6 POSIES PAPER CUPS,141,74.57000000000001
22285,"DECORATION HEN ON NEST, HANGING",42,74.42999999999999
90081A,LILY BROOCH AMETHYST COLOUR,15,74.25
90214C,"LETTER ""C"" BLING KEY RING",91,72.77
90103,PURPLE FRANGIPANI NECKLACE,29,72.66
84231,EASTER BUNNY WITH BASKET ON BACK,108,72.63
20960,WATERMELON BATH SPONGE,29,72.49
20901,VINTAGE KEEPSAKE BOX PINK FLOWER,17,72.43
90030A,SPOTTED WHITE NATURAL SEED NECKLACE,72,72.0
90108,BLUE BLOSSOM HAIR CLIP,60,71.46000000000001
85197,SET OF 12 MINI BUNNIES IN A BUCKET,34,71.4
90036C,"FLOWER GLASS GARLAND NECKL.36""BLUE",9,71.4
17014A,ORIGAMI VANILLA INCENSE CONES,155,71.19
90003E,GREEN PAIR HEART HAIR SLIDES,19,71.11
23413,DECROTIVEVINTAGE COFFEE GRINDER BOX,12,71.08
20933,YELLOW POT PLANT CANDLE,23,71.05
90214S,"LETTER ""S"" BLING KEY RING",94,71.0
90211A,DIAMOND LAS VEGAS NECKLACE 45CM,12,70.97
47589,CONGRATULATIONS BUNTING,13,70.85000000000001
51020B,STRIPY DESIGN SHOWER CAP,196,70.27999999999999
85026B,EAU DE NILE JEWELLED T-LIGHT HOLDER,79,70.27
90051,CRACKED GLAZE NECKLACE RED,10,70.16
84927A,WAKE UP COCKEREL TILE HOOK,49,70.06
16161G,WRAP BAD HAIR DAY,700,70.0
16020C,CLEAR STATIONERY BOX SET ,84,69.89999999999999
90125C,TURQUOISE BERTIE GLASS BEAD CHARM,77,69.85
46126A,ELVIS WALLHANGING / CURTAIN,52,69.84
22950,SET OF 36 VINTAGE CHRISTMAS DOILIES,37,69.82
90199A,5 STRAND GLASS NECKLACE BLACK,11,69.63
84549,CROCHET WHITE RABBIT KEYRING ,38,69.38
81952V,ROUND PURPLE CLOCK WITH SUCKER,365,69.35
20798,CLEAR MILKSHAKE GLASS,32,69.00000000000001
23040,PAPER LANTERN 9 POINT SNOW STAR,12,69.0
90019C,SILVER BLACK ORBIT BRACELET,13,68.73
85188B,PINK METAL SWINGING BUNNY,78,68.69999999999999
84251B,"GREETING CARD, STICKY GORDON",233,68.5
90151,SILVER/NATURAL SHELL NECKLACE,8,68.0
22597,CHRISTMAS MUSICAL ZINC HEART ,58,67.89999999999999
90194,SILVER LARIAT BLACK STONE EARRINGS,16,67.87
90000B,MIDNIGHT BLUE COPPER FLOWER NECKLAC,11,67.83
90155,RESIN NECKLACE W PASTEL BEADS,9,67.62
84874B,BLUE TRAVEL FIRST AID KIT,41,67.50999999999999
82011A,"BATHROOM SCALES, TROPICAL BEACH",18,67.5
85049B,LUSH GREENS RIBBONS,54,67.5
35916A,YELLOW FELT HANGING HEART W FLOWER,87,67.39
90144,SILVER DROP EARRINGS WITH FLOWER,18,67.36
22949,SET OF 36 DOLLY GIRL PAPER DOILIES,43,66.75999999999999
22416,SET OF 36 SPACEBOY PAPER DOILIES,45,66.72
90040B,MURANO STYLE GLASS BRACELET BLACK,18,66.7
35819P,"ACRYLIC HANGING JEWEL,PINK",95,66.55
84686,BEACH HUT MIRROR,49,66.39
17011F,ORIGAMI SANDLEWOOD INCENSE+FLOWER,81,66.36000000000001
37444A,YELLOW BREAKFAST CUP AND SAUCER,53,66.35000000000001
72807a,SET/3 ROSE CANDLE IN JEWELLED BOX,8,66.32
20663,QUEEN OF THE SKIES HOLIDAY PURSE ,25,66.26
85008,SET OF 3 CONEY ISLAND OVAL BOXES,13,66.12
20835,FRENCH LATTICE CUSHION COVER ,67,65.8
20980,36 PENCILS TUBE POSY,70,65.66
90214L,"LETTER ""L"" BLING KEY RING",94,65.03999999999999
84247N,PACK/12 BLUE FOLKART CARDS,22,64.9
90174,BUTTERFLY HAIR BAND,26,64.82
84859B,BLUE DISCO HANDBAG,31,64.81
90059A,DIAMANTE HAIR GRIP PACK/2 CRYSTAL,39,64.63
90186B,CRYSTAL HOOP EARRING FLORAL LEAF,22,64.58
23235,BISCUIT TIN VINTAGE LEAF,24,64.56
21031,SPACE CADET BLACK,52,64.24
90036F,"FLOWER GLASS GARLD NECKL36""TURQUOIS",8,64.08
90181A,AMBER GLASS/SHELL/PEARL NECKLACE,7,64.04
23253,16 PC CUTLERY SET PANTRY DESIGN,4,63.8
21692,SILVER LATTICE VANILLA CANDLE POT,17,63.75
84875D,BLUE SQUARE COMPACT MIRROR,51,63.75
84673A,PINK FLY SWAT,92,63.720000000000006
72133,COLUMBIAN CANDLE RECTANGLE,45,63.51
90196B,BLACK GEMSTONE NECKLACE 45CM,5,63.480000000000004
35815P,"ACRYLIC JEWEL SNOWFLAKE, PINK",162,63.28000000000001
62094B,TURQ ICE CREAM BUM BAG ,19,63.209999999999994
90141A,GREEN PENDANT TRIPLE SHELL NECKLACE,12,63.11
22145,CHRISTMAS CRAFT HEART STOCKING ,30,63.0
17012E,ORIGAMI OPIUM INCENSE/CANDLE SET ,44,62.64
40046A,RED DAISY PAPER LAMPSHADE,50,62.5
22407,MONEY BOX FIRST ADE DESIGN,50,62.5
84760S,SMALL HANGING GLASS+ZINC LANTERN,43,62.349999999999994
72351a,SET/6 TURQUOISE BUTTERFLY T-LIGHTS,15,62.269999999999996
84247L,FAWN AND MUSHROOM GREETING CARD,128,62.06
20848,ZINC HEART LATTICE CHARGER SMALL,21,61.95
90210B,CLEAR ACRYLIC FACETED BANGLE,41,61.56
85160B,BLACK BIRD GARDEN DESIGN MUG,104,61.459999999999994
90087,CRYSTAL SEA HORSE PHONE CHARM,107,61.459999999999994
16151A,FLOWERS HANDBAG blue and orange,49,61.25
23541,"WALL ART ,PUDDINGS ",8,61.2
90183B,AMETHYST DROP EARRINGS W LONG BEADS,21,61.08
71495B,CD WALL TIDY RED FLOWERS,163,61.05
90214K,"LETTER ""K"" BLING KEY RING",78,60.699999999999996
84984D,ORIENTAL RED CUSHION COVER ,13,60.45
84805A,CREAM CLIMBING HYDRANGA ART FLOWER,32,60.0
90031,BILI NUT AND WOOD NECKLACE,50,59.89
90206A,GOLD DIAMANTE STAR BROOCH,12,59.800000000000004
22849,"BREAD BIN, DINER STYLE, MINT",4,59.8
22847,"BREAD BIN, DINER STYLE, IVORY",4,59.8
23629,SET 10 CARDS DRESSING UP 17077,24,59.760000000000005
84452,METAL RABBIT LADDER EASTER ,70,59.5
84840,SWEETHEART CARRY-ALL BASKET,4,59.44
23537,I LOVE LONDON WALL ART,12,59.400000000000006
21910,WAY OUT METAL SIGN ,36,59.39999999999999
23325,RUSTIC STRAWBERRY JAMPOT SMALL,36,59.39999999999999
90118,PINK DAISY BAG CHARM,24,59.339999999999996
79071B,ENGLISH ROSE METAL WASTE BIN,20,59.0
90185B,AMETHYST DIAMANTE EXPANDABLE RING,14,58.77
20760,GARDEN PATH POCKET BOOK,69,58.65
90098,NECKLACE+BRACELET PINK BUTTERFLY,23,58.64999999999999
72134,COLUMBIAN  CUBE CANDLE ,105,58.62
90177C,DROP DIAMANTE EARRINGS CRYSTAL,20,58.53
90190C,SILVER/AMETHYST DROP EARRINGS LEAF,20,58.43
84877A,PINK ROUND COMPACT MIRROR,40,58.16
90082D,DIAMANTE BOW BROOCH BLACK COLOUR,9,58.03
72802a,ROSE SCENT CANDLE IN JEWELLED BOX,7,58.029999999999994
71406C,BLACK ORANGE SQUEEZER,138,57.96
90210A,GREY ACRYLIC FACETED BANGLE,34,57.55
84597C,RETRO PINK BALL ASHTRAY ,46,57.5
84466,TOP SECRET PEN SET,46,57.5
72801G,4 BURGUNDY WINE DINNER CANDLES,45,57.46
85006,SET 4 NURSERY DES ROUND BOXES,55,57.25
90214J,"LETTER ""J"" BLING KEY RING",71,57.21
21460,GREEN EASTER EGG HUNT START POST,28,56.779999999999994
90199B,5 STRAND GLASS NECKLACE AMETHYST,9,56.59
44236,PINK/PURPLE CIRCLE CURTAIN,52,56.52
47341B,BLUE TABLE RUN FLOWER,45,56.25
90038A,GLASS AND PAINTED BEADS BRACELET TO,15,56.15
90177D,DROP DIAMANTE EARRINGS PURPLE,19,55.83
84679,CLASSICAL ROSE TABLE LAMP,6,55.7
21777,RECIPE BOX WITH METAL HEART,7,55.65
16046,TEATIME PEN CASE & PENS,65,55.25
90023,FILIGREE DIAMANTE EARRINGS,13,55.02
90014A,SILVER M.O.P. ORBIT NECKLACE,11,54.800000000000004
90071,RUBY GLASS CLUSTER EARRINGS,44,54.62
84750B,BLACK SMALL GLASS CAKE STAND,60,54.6
72132,COLUMBIAN CUBE CANDLE,28,54.599999999999994
21336,GOLD WASHBAG,27,54.57
90040C,MURANO STYLE GLASS BRACELET GOLD,15,54.42
20759,CHRYSANTHEMUM POCKET BOOK ,64,54.4
90040A,MURANO STYLE GLASS BRACELET RED,14,54.290000000000006
23389,SPACEBOY MINI RUCKSACK,13,53.95
84251C,"GREETING CARD, TWO SISTERS.",127,53.88
90012A,MIDNIGHT BLUE DROP CRYSTAL NECKLACE,11,53.760000000000005
90035A,"PEARL & SHELL 42""NECKL. GREEN",5,53.62
20851,ZINC HEART LATTICE TRAY OVAL ,9,53.550000000000004
47586A,PINK FAIRY CAKE CUSHION COVER,21,53.55
20756,GREEN FERN POCKET BOOK,63,53.55
90123B,TURQUOISE HEART OF GLASS BRACELET,9,53.42
90214E,"LETTER ""E"" BLING KEY RING",72,53.199999999999996
90163B,WHITE ROSEBUD & PEARL NECKLACE,7,52.72
84805B,BLUE CLIMBING HYDRANGA ART FLOWER,38,52.5
84842,HELLO SAILOR BATHROOM SET,14,52.5
90138,WHITE/PINK MINI CRYSTALS NECKLACE,10,52.42
90141C,TURQ PENDANT TRIPLE SHELL NECKLACE,10,52.31
35265,COLOURFUL FLOWER FRUIT BOWL,17,52.2
23035,DOORKNOB CERAMIC IVORY,36,52.199999999999996
23196,RETO LEAVES MAGNETIC SHOPPING LIST,36,52.199999999999996
84985A,SET OF 72 GREEN PAPER DOILIES,36,52.199999999999996
85028S,FRENCH CHATEAU SMALL FRUITBOWL,24,51.599999999999994
90205A,LARGE MINT DIAMANTE HAIRSLIDE,31,51.51
84597B,RETRO BROWN BALL ASHTRAY ,41,51.25
20910,VINTAGE PHOTO ALBUM PARIS DAYS,8,50.8
84534B,FAIRY CAKE NOTEBOOK A5 SIZE,53,50.72
35916B,BLUE FELT HANGING HEART WITH FLOWER,75,50.57
17007B,S/3 POT POURI CUSHIONS BLUE COLOURS,24,50.400000000000006
47348A,FUSCHIA VOILE POINTY SHOE DEC,97,50.31
44242B,PINK FEATHERS CURTAIN,52,50.28
90024B,NEW BAROQUE B'FLY NECKLACE RED,6,50.28
90214D,"LETTER ""D"" BLING KEY RING",68,49.9
90214M,"LETTER ""M"" BLING KEY RING",60,49.82
90180B,PURPLE AMETHYST NECKLACE W TASSEL,5,49.81
23603,SET 10 CARD KRAFT REINDEER 17084,20,49.800000000000004
23197,VEGETABLE MAGNETIC  SHOPPING LIST,36,49.8
90079,VINTAGE ENAMEL & CRYSTAL NECKLACE,10,49.760000000000005
20667,CHERRY BLOSSOM PURSE,20,49.69
90142D,MOP PENDANT SHELL NECKLACE,10,49.64
90157,RIVIERA NECKLACE,10,49.59
23015,CORDIAL JUG,6,49.5
21089,SET/6 GREEN SPRING PAPER CUPS,233,48.99
90038B,GLASS AND PAINTED BEADS BRACELET OL,13,48.77
84497,BUTTONS AND STRIPES NOTEBOOK ,13,48.75
90002D,FLOWER BURST SILVER RING CRYSTAL,13,48.71
20697,LITTLE GREEN MONSTER SOFT TOY,19,48.449999999999996
21720,CAKE SHOP  STICKER SHEET,57,48.449999999999996
DCGS0076,SUNJAR LED NIGHT NIGHT LIGHT,3,48.39
84559a,3D SHEET OF DOG STICKERS,29,48.379999999999995
84510E,SET OF 4 GREEN CAROUSEL COASTERS,34,48.29
90205C,LARGE CRYSTAL DIAMANTE HAIRSLIDE,29,48.209999999999994
84402B,PURPLE DRESS JEWELLERY STAND,61,48.19
90125B,AQUA BERTIE GLASS BEAD BAG CHARM,30,48.06
21816,CHRISTMAS TREE T-LIGHT HOLDER,33,47.849999999999994
90036A,FLOWER GARLAND NECKLACE RED,6,47.7
84927D,LA PALMIERA TILE HOOK,45,47.660000000000004
23539,"WALL ART , LOVES' SECRET ",8,47.6
90165B,WHITE ROSEBUD  PEARL EARRINGS,19,47.43
90065A,WHITE VINTAGE CRYSTAL BRACELET,7,47.25
17084J,LOVE POTION MASALA INCENSE,225,47.25
84715,SET OF 6 ICE CREAM SKITTLES,16,47.2
84706F,RED PEONY TABLE CLOCK,16,47.2
90190A,SILVER/CRYSTAL DROP EARRINGS W LEAF,16,46.76
90202D,PINK ENAMEL FLOWER HAIR TIE,16,46.76
90202A,PURPLE ENAMEL FLOWER HAIR TIE,16,46.58
21392,RED POLKADOT PUDDING BOWL,34,46.39
23107,WHITE WIRE PLANT POT HOLDER,16,46.24
84801B,WHITE HYDRANGEA ART FLOWER,22,46.2
90018C,SILVER BLACK ORBIT DROP EARRINGS,11,46.150000000000006
23047,PAPER LANTERN 5 POINT STUDDED STAR,8,46.0
85031A,ROMANTIC IMAGES SCRAP BOOK SET,16,45.9
90012B,BLACK DROP CRYSTAL NECKLACE,13,45.35000000000001
90176D,DIAMANTE NECKLACE PURPLE,6,45.0
23625,SET 6 CARDS SPARKLY REINDEER 17262,9,44.910000000000004
90141B,IVORY PENDANT TRIPLE SHELL NECKLACE,9,44.86
85185D,FROG SOCK PUPPET,15,44.25000000000001
84086B,YELLOW/BLUE RETRO RADIO,15,44.25
20670,VIP HOLIDAY PURSE,14,44.04
47344B,BLUE FLOWER DES PURSE,44,43.66
79063C,"RETRO PILL BOX KEY CHAIN,THE KING",235,43.65
90056,CHUNKY CRACKED GLAZE NECKLACE IVORY,4,43.510000000000005
20698,LITTLE PINK MONSTER SOFT TOY,17,43.349999999999994
23038,T-LIGHT HOLDER SILVER SAUCER,44,42.919999999999995
84539,KNITTED RABBIT DOLL ,26,42.9
84906,PINK BUTTERFLY CUSHION COVER,22,42.9
84857B,BLUE MONTE CARLO HANDBAG,22,42.9
22987,WRAP SUMMER ROSE DESIGN,102,42.84
20818,GOLD TEDDY BEAR,15,42.7
16254,TRANSPARENT ACRYLIC TAPE DISPENSER,40,42.58
84922,PINK BUTTERFLY WASHBAG,9,42.29
37444C,PINK BREAKFAST CUP AND SAUCER ,21,42.27
90029,NEW BAROQUE SMALL NECKLACE BLACK,5,42.14
90024F,NEW BAROQUE B'FLY NECKLACE CRYSTAL,5,42.13
90185C,BLACK DIAMANTE EXPANDABLE RING,10,42.09
47570b,TEA TIME TABLE CLOTH,2,42.019999999999996
16156L,"WRAP, CAROUSEL",100,42.0
23231,WRAP  VINTAGE DOILEY ,100,42.0
17084A,TRANQUILITY MASALA INCENSE,200,42.0
90050,CRACKED GLAZE NECKLACE IVORY,6,41.82
90120D,WHITE MURANO TWIST BRACELET,10,41.790000000000006
20666,ECONOMY HOLIDAY PURSE,30,41.53
23045,PAPER LANTERN 5 POINT STAR MOON 30,10,41.5
15030,FAN BLACK FRAME ,143,41.47
84997a,GREEN 3 PIECE POLKADOT CUTLERY SET,5,41.449999999999996
72807c,SET/3 VANILLA SCENTED CANDLE IN BOX,5,41.449999999999996
90211B,JET BLACK LAS VEGAS NECKLACE 45CM,7,41.36
90003B,ROSE COLOUR PAIR HEART HAIR SLIDES,11,41.31
90039B,FIRE POLISHED GLASS BRACELET MONTAN,11,41.31
90162C,ANT SILVER FUSCHIA BOUDICCA RING,14,41.300000000000004
90064B,BLACK VINTAGE  CRYSTAL EARRINGS,11,41.25
84921,CREAM AND PINK FLOWERS PONY ,11,41.25
75013B,"STRING OF 8 BUTTERFLIES,PINK",25,41.24999999999999
23448,CREAM BUNNY EASTER EGG BASKET,25,41.24999999999999
90067A,PINK VINTAGE VICTORIAN EARRINGS,14,41.150000000000006
90177B,DROP DIAMANTE EARRINGS BLACK DIAMON,14,41.010000000000005
90202C,GREEN ENAMEL FLOWER HAIR TIE,14,41.01
90130C,GREEN STONE/CRYSTAL EARRINGS,14,40.95
23148,MINITURE ANTIQUE ROSE HOOK IVORY,48,40.8
71495A,CD WALL TIDY BLUE OFFICE,103,40.379999999999995
10120,DOGGY RUBBER,192,40.32
90214G,"LETTER ""G"" BLING KEY RING",60,40.199999999999996
85092,CANDY SPOT TEA COSY,27,40.05
90187B,GREEN DROP EARRINGS W BEAD CLUSTER,12,40.03
90165A,PINK ROSEBUD PEARL EARRINGS,16,39.98
72369A,PINK CLEAR GLASS CANDLE PLATE,30,39.92
23462,ROCOCO WALL MIROR,2,39.9
90135,ORANGE/WHT/FUSCHIA STONES NECKLACE,8,39.660000000000004
84725,FREESTYLE CANVAS ART PICTURE,41,39.65
22972,CHILDRENS SPACEBOY MUG,24,39.599999999999994
84596f,SMALL MARSHMALLOWS PINK BOWL,16,39.36
21307,SET/4 BUTTERFLY MIRROR MAGNETS,79,39.199999999999996
35910A,MULTICOLOUR EASTER RABBIT ,20,39.0
47341A,FUSCHIA TABLE RUN FLOWER ,27,38.75
90064A,WHITE VINTAGE CRYSTAL EARRINGS,10,38.7
21393,BLUE POLKADOT PUDDING BOWL,29,38.67
85089,CANDY SPOT BUNNY,13,38.35
84559b,3D SHEET OF CAT STICKERS,23,38.33
84746,PINK EASTER HENS+FLOWER,14,38.31
84925D,LA PALMIERA WALL THERMOMETER,15,38.25
84617,NEW BAROQUE BLACK BOXES,3,38.25
90190B,GOLD/AMBER DROP EARRINGS W LEAF,13,38.18
81952B,ROUND BLUE CLOCK WITH SUCKER,200,38.0
84033,FLAG OF ST GEORGE ,23,37.95
84809B,PINK CHRYSANTHEMUMS ART FLOWER,18,37.800000000000004
90075,MONTANA DIAMOND CLUSTER NECKLACE,4,37.66
90199D,5 STRAND GLASS NECKLACE AMBER,6,37.620000000000005
90212B,JET BLACK LAS VEGAS BRACELET ROUND,10,37.62
23043,PAPER LANTERN 9 POINT HOLLY STAR 40,6,37.5
72709,IVORY SCULPTED RND CANDLE ,44,37.4
35809a,ENAMEL PINK TEA CONTAINER,9,37.33
84509b,SET OF 4 FAIRY CAKE PLACEMATS,5,37.3
47420,ASSORTED COLOUR SUCTION CUP HOOK,196,37.24
90074,BLACK DIAMOND CLUSTER NECKLACE,4,37.239999999999995
22837,HOT WATER BOTTLE BABUSHKA LARGE,8,37.2
22407,MONEY BOX FIRST AID DESIGN,44,36.78
90085,CRYSTAL STILETTO PHONE CHARM,34,36.76
84522,PINK PARTY SUNGLASSES,20,36.76
90214H,"LETTER ""H"" BLING KEY RING",48,36.76
71510,SQUARE METAL CANDLEHOLDER BASE,52,36.519999999999996
84751B,BLACK MEDIUM GLASS CAKE STAND,16,36.32
84548,CROCHET BEAR RED/BLUE  KEYRING,22,36.3
17090D,VANILLA INCENSE 40 CONES IN TIN,29,36.25
84226,HEN HOUSE W FAMILY IN BARN & NEST,51,36.21
85216,ASSORTED CAKES FRIDGE MAGNETS,55,35.75
90094,NECKLACE+BRACELET SET FRUIT SALAD ,14,35.699999999999996
35913B,WHITE/PINK CHICK EASTER DECORATION,36,35.48
90179C,BLACK FINE BEAD NECKLACE W TASSEL,6,35.44
90179A,AMBER FINE BEAD NECKLACE W TASSEL,6,35.31
90123D,WHITE HEART OF GLASS BRACELET,6,35.31
90011B,BLACK CRYSTAL DROP EARRINGS,12,35.27
90060F,FIRE POLISHED GLASS NECKL GREEN,6,35.160000000000004
79063D,"RETRO PILL BOX , REVOLUTIONARY",189,35.14
90131,PINK/AMETHYST/GOLD NECKLACE,5,34.870000000000005
90168,2 DAISIES HAIR COMB,12,34.86
23196,LEAVES MAGNETIC  SHOPPING LIST,24,34.8
90049,IVORY GOLD METAL BAG CHARM,5,34.77
20827,GOLD APERITIF GLASS,88,34.32
79406,FROSTED WHITE BASE ,144,34.12
84873A,FUNKY FLOWER PICNIC BAG FOR 4,2,33.9
90026C,GLASS BEAD HOOP NECKLACE GREEN,4,33.82
90024C,NEW BAROQUE B'FLY NECKLACE GREEN,4,33.81
90038C,GLASS AND BEADS BRACELET IVORY,9,33.69
81950B,FLOWER BLUE CLOCK WITH SUCKER,116,33.64
72783,BLACK SIL'T SQU CANDLE PLATE ,16,33.6
90129D,AMBER GLASS TASSLE BAG CHARM,14,33.440000000000005
84575A,PINK DOG CANNISTER,13,33.35
23390,DOLLY GIRL MINI RUCKSACK,8,33.2
37423,WHITE WITH BLACK CATS PLATE,78,33.18
72807b,SET/3 OCEAN SCENT CANDLE JEWEL BOX,4,33.16
90169,DAISY HAIR COMB,13,32.54
35610C,WHITE CHRISTMAS FLOCK DROPLET ,25,32.51
84247K,"FOLK ART GREETING CARD,pack/12",11,32.45
17109D,FLOWER FAIRY INCENSE BOUQUET,61,32.349999999999994
90186A,AMETHYST HOOP EARRING FLORAL LEAF,11,32.16
46138B,BLUE CHENILLE SHAGGY CUSHION COVER ,30,32.1
37468,HARDMAN MUG 3 ASSORTED,64,32.03
90202B,WHITE ENAMEL FLOWER HAIR TIE,11,31.949999999999996
84824,DANISH ROSE UMBRELLA STAND,2,31.9
90036B,"FLOWER GLASS GARLAND NECKL.36""GREEN",4,31.8
90059D,DIAMANTE HAIR GRIP PACK/2 PERIDOT,19,31.549999999999997
90059E,DIAMANTE HAIR GRIP PACK/2 RUBY,19,31.47
23632,SET 10 CARDS CHEERFUL ROBIN 17065,15,31.200000000000003
23366,SET 12 COLOUR PENCILS DOILEY,48,31.200000000000003
44228,CANNABIS LEAF BEAD CURTAIN,36,30.599999999999998
22937,BAKING MOULD CUPCAKE CHOCOLATE,12,30.599999999999998
85018D,YULETIDE IMAGES S/6 PAPER BOXES,12,30.599999999999998
22937,BAKING MOULD CHOCOLATE CUP CAKES,12,30.599999999999998
37471,MULTICOLOUR POLKADOT PLATE,29,30.43
90176B,DIAMANTE NECKLACE BLACK ,4,30.12
20878,SET/9 CHRISTMAS T-LIGHTS SCENTED ,24,30.0
22953,BIRTHDAY BANNER TAPE,24,30.0
23252,ENAMEL JUG PANTRY,8,30.0
23437,GIFT BAG LARGE 50'S CHRISTMAS,24,30.0
23396,BUTTERFLY CUSHION COVER,8,30.0
23250,ENAMEL BOWL PANTRY,24,30.0
35610B,BLACK CHRISTMAS FLOCK DROPLET ,24,30.0
90195B,BLACK GEMSTONE BRACELET,4,29.98
90176E,DIAMANTE NECKLACE GREEN,4,29.98
90039A,FIRE POLISHED GLASS BRACELET RED,8,29.96
21310,CAPIZ CHANDELIER,1,29.95
90122B,JADE CRYSTAL+GLASS BRACELET,6,29.93
90136,PALE PINK/AMETHYST STONE NECKLACE,3,29.849999999999998
90014C,SILVER/BLACK ORBIT NECKLACE,3,29.849999999999998
84660a,WHITE STITCHED WALL CLOCK,4,29.84
90159,COTE D'AZURE NECKLACE,6,29.790000000000003
90120A,PINK MURANO TWIST BRACELET,7,29.73
90001D,ANTIQUE OLIVE GREEN FLOWER EARRINGS,7,29.73
21757,LIGHTHOUSE PRINTED METAL SIGN,6,29.700000000000003
23530,"WALL ART,ONLY ONE PERSON ",6,29.700000000000003
21040,MODERN VINTAGE COTTON SHOPPING BAG,22,29.7
35816P,"ACRYLIC JEWEL ANGEL,PINK",78,29.64
90214I,"LETTER ""I"" BLING KEY RING",38,29.619999999999997
84706D,CHERRY BLOSSOM TABLE CLOCK ,8,29.599999999999998
17136A,BLUE STONES ON WIRE FOR CANDLE,352,29.59
90162D,ANT SILVER PURPLE BOUDICCA RING,10,29.500000000000004
84465,15 PINK FLUFFY CHICKS IN BOX,10,29.5
82605,OLD DOC RUSSEL METAL SIGN,14,29.400000000000002
84558a,3D DOG PICTURE PLAYING CARDS,5,29.310000000000002
85030,FRENCH CHATEAU OVAL PLATTER,15,29.25
90214N,"LETTER ""N"" BLING KEY RING",41,29.23
21011,GLITTER SNOW PEAR TREE DECORATION,20,28.999999999999996
84199,GLOW IN DARK DOLPHINS,138,28.98
46776f,WOVEN ROSE GARDEN CUSHION COVER ,7,28.91
90152A,SILVER/NAT SHELL NECKLACE W PENDANT,5,28.76
90093,CLEAR CRYSTAL STAR PHONE CHARM,52,28.569999999999997
90027D,GLASS BEAD HOOP EARRINGS AMETHYST,9,28.4
17165D,ASS COL LARGE SAND FROG P'WEIGHT,27,28.35
23380,PACK OF 12 DOILEY TISSUES,72,28.08
20857,BLUE ROSE PATCH PURSE PINK BUTTERFL,17,28.049999999999997
84798A,PINK FOXGLOVE ARTIIFCIAL FLOWER,11,28.049999999999997
90005A,JADE GREEN ENAMEL HAIR COMB,14,28.02
90214R,"LETTER ""R"" BLING KEY RING",41,28.009999999999998
84613A,PINK NEW BAROQUE FLOCK CANDLESTICK,6,27.900000000000002
79066k,RETRO MOD TRAY,17,27.77
79191D,RETRO PLASTIC DAISY TRAY,23,27.409999999999997
23637,SET 10 CARDS OUT OF ORDER 17216,11,27.39
23613,SET 10 XMAS CARDS & BADGES 17070,11,27.39
23702,High Resolution Image,4,27.0
44235,ASSORTED COLOURED CIRCLE MOBILE ,64,26.88
84993a,75 GREEN PETIT FOUR CASES,32,26.56
35598A,DUSTY PINK CHRISTMAS TREE 60CM,9,26.550000000000004
84675,FROG KING WATERING CAN,9,26.55
21836,GINGHAM OVEN GLOVE RED HEART ,5,26.490000000000002
90212C,PURPLE LAS VEGAS BRACELET ROUND,7,26.25
23636,SET 10 CARDS WISHING TREE 17116,9,26.19
85017C,ENVELOPE 50 CURIOUS IMAGES,49,26.17
90183C,BLACK DROP EARRINGS W LONG BEADS,9,26.15
35916B,BLUE FELT HANGING HEART W FLOWER,16,26.11
84968B,SET OF 16 VINTAGE IVORY CUTLERY,2,25.5
90026D,GLASS BEAD HOOP NECKLACE AMETHYST,3,25.5
72140E,BEST DAD CANDLE LETTERS,30,25.499999999999996
84968f,SET OF 16 VINTAGE SKY BLUE CUTLERY,1,25.49
35910B,PINK FLOWERS RABBIT EASTER,13,25.349999999999998
90026B,GLASS BEAD HOOP NECKLACE MONTANA,3,25.32
90037B,TINY CRYSTAL BRACELET GREEN,10,25.279999999999998
90013D,PURPLE VINTAGE EARRINGS,6,25.17
84596e,SMALL LICORICE DES PINK BOWL,10,25.099999999999998
90033,IVORY SHELL HEART EARRINGS,10,25.07
23104,IVORY PANTRY HANGING LAMP ,2,25.0
22135,LADLE LOVE HEART PINK,39,24.98
23214,BELL HEART ANTIQUE GOLD,12,24.96
90016C,SILVER/BLACK PENDANT ORBIT NECKLACE,3,24.96
23240,SET OF 4 KNICK KNACK TINS  DOILEY ,6,24.900000000000002
23620,SET 10 CARDS PERFECT POST 17090,10,24.900000000000002
15060b,FAIRY CAKE DESIGN UMBRELLA,3,24.869999999999997
85132c,CHARLIE AND LOLA FIGURES TINS,3,24.869999999999997
85034a,3 GARDENIA MORRIS BOXED CANDLES,3,24.869999999999997
85115B,S/4 BLACK DISCO PARTITION PANEL,3,24.869999999999997
90043,COPPER AND BRASS BAG CHARM,4,24.810000000000002
90059F,DIAMANTE HAIR GRIP PACK/2 LT ROSE,15,24.79
90214B,"LETTER ""B"" BLING KEY RING",37,24.77
90141E,ORANGE PENDANT TRIPLE SHELL NECKLAC,5,24.75
84854,GIRLY PINK TOOL SET,5,24.75
20821,GOLDIE LOOKING MIRROR,5,24.75
20778,GARDEN PATH NOTEBOOK ,15,24.75
20820,SILVER LOOKING MIRROR,5,24.75
84993B,75 BLACK PETIT FOUR CASES,58,24.36
47503J,SET/3 FLORAL GARDEN TOOLS IN BAG,3,23.85
84562A,PINK/WHITE RIBBED MELAMINE JUG,3,23.85
21357,TOAST ITS - DINOSAUR,19,23.75
84803B,WHITE ALLIUM  ARTIFICIAL FLOWER,14,23.66
35909B,PINK FLOWERS RABBIT EASTER,8,23.6
35909A,RABBIT EASTER DECORATION,8,23.6
90083,CRYSTAL CZECH CROSS PHONE CHARM,25,23.47
23244,CANNISTER VINTAGE LEAF DESIGN,12,23.4
22246,"GARLAND, MAGIC GARDEN 1.8M",12,23.4
90177E,DROP DIAMANTE EARRINGS GREEN,8,23.38
90176C,DIAMANTE NECKLACE,3,23.32
23623,SET 10 CARD CHRISTMAS WELCOME 17112,8,23.28
90182C,BLACK 3 BEAD DROP EARRINGS,8,23.259999999999998
90177A,CLASSIC DIAMANTE EARRINGS JET,8,23.2
90182A,AMBER 3 BEAD DROP EARRINGS,8,23.2
90104,PURPLE FRANGIPANI HAIRCLIP,28,23.16
23236,STORAGE TIN VINTAGE DOILEY ,7,23.13
23106,ZINC PLANT POT HOLDER,8,23.12
85195,HANGING HEART BASKET,11,23.1
85206B,PINK FELT EASTER EGG BASKET,14,23.099999999999998
22351,DOTCOMGIFTSHOP TEA TOWEL,13,23.089999999999996
90214Y,"LETTER ""Y"" BLING KEY RING",66,22.839999999999996
23145,ZINC T-LIGHT HOLDER STARS LARGE,24,22.799999999999997
90188,DROP EARRINGS W FLOWER & LEAF,9,22.58
90054,CRACKED GLAZE EARRINGS RED,9,22.58
90039C,FIRE POLISHED GLASS BRACELET BLACK,6,22.48
23645,SET 10 CHRISTMAS CARDS HOHOHO 16956,9,22.410000000000004
23640,SET 10 CARDS SCOTTIE DOG 17211,9,22.410000000000004
21018,BIRD BOX CHRISTMAS TREE DECORATION,24,22.06
90076,MONTANA DIAMOND CLUSTER EARRINGS,8,21.57
90035C,"PEARL & SHELL 42""NECKL. IVORY",2,21.5
84387A,BIRD ON BRANCH CANVAS SCREEN,11,21.45
84551,CROCHET DOG KEYRING,13,21.449999999999996
20695,FLORAL BLUE MONSTER,5,21.25
90001B,ANTIQUE MID BLUE FLOWER EARRINGS,5,21.15
90001C,ANTIQUE OPAL WHITE FLOWER EARRINGS,5,21.130000000000003
90125E,AMBER BERTIE GLASS BEAD BAG CHARM,11,21.05
23691,KEEP CALM BIRTHDAY WRAP,50,21.0
16169P,WRAP GREEN RUSSIAN FOLKART ,50,21.0
23692,WRAP A PRETTY THANK YOU,50,21.0
90001A,ANTIQUE RASPBERRY FLOWER EARRINGS,5,20.950000000000003
17001,HEAVENS SCENT FRAGRANCE OILS ASSTD,72,20.88
23388,WOODLAND MINI RUCKSACK ,5,20.75
47518f,ICON PLACEMAT POP ART ELVIS,5,20.73
46776a,WOVEN BUBBLE GUM CUSHION COVER,5,20.65
85126,LARGE ROUND CUTGLASS CANDLESTICK,1,20.39
90141D,ROSE PENDANT TRIPLE SHELL NECKLACE,4,20.36
20793,BLUE TILED TRAY,3,20.25
90214P,"LETTER ""P"" BLING KEY RING",39,20.229999999999997
90034,WHITE SILVER NECKLACE SHELL GLASS,2,20.17
84415B,BLUE FLOCK CUSHION COVER ,8,20.0
21461,BLUE EASTER EGG HUNT START POST,8,19.96
23601,SET 10 CARDS SNOWY SNOWDROPS  17100,8,19.92
23616,SET 10 CARDS JINGLE BELLS 17217,8,19.92
23646,SET 10 CARDS JINGLE BELLS 16957,8,19.92
22776,"CAKESTAND, 3 TIER, LOVEHEART",2,19.9
21681,GIANT MEDINA STAMPED METAL BOWL ,2,19.9
37491A,YELLOW/PINK CERAMIC CANDLE HOLDER,6,19.81
90156,RESIN BRACELET W PASTEL BEADS,4,19.8
23029,DOORKNOB CRACKED GLAZE GREEN,12,19.799999999999997
23031,DOORKNOB CRACKED GLAZE PINK,12,19.799999999999997
23249,ENAMEL DINNER PLATE PANTRY,12,19.799999999999997
37487B,YELLOW/ORANGE FLOWER DESIGN PLATE,68,19.72
85028L,FRENCH CHATEAU LARGE FRUIT BOWL ,10,19.5
79062D,"RETRO TIN ASHTRAY,REVOLUTIONARY",52,19.4
21416,CLAM SHELL LARGE,5,18.75
21538,DAIRY MAID  PUDDING BOWL,5,18.75
23056,CRYSTAL CHANDELIER T-LIGHT HOLDER,3,18.75
90041,PEARL AND CHERRY QUARTZ BRACLET,5,18.27
35607B,BLACK FEATHER CHRISTMAS DECORATION,96,18.240000000000002
72821,CUPID SCENTED CANDLE IN GLASS,11,18.15
85024C,PINK SMALL JEWELLED PHOTOFRAME,11,18.15
23079, TOADSTOOL BEDSIDE LIGHT ,2,17.9
90060D,FIRE POLISHED GLASS NECKL BRONZE,3,17.85
21661,VINTAGE GLASS TEA CADDY,3,17.85
84798B,PURPLE FOXGLOVE ARTIIFCIAL FLOWER,7,17.849999999999998
84856L,LARGE TAHITI BEACH BAG,2,17.82
22134,LADLE LOVE HEART RED ,24,17.82
90162A,ANT SILVER TURQUOISE BOUDICCA RING,6,17.700000000000003
20935,ROUND CACTUS CANDLE,6,17.700000000000003
90027A,GLASS BEAD HOOP EARRINGS BLACK,6,17.66
90179B,PURPLE FINE BEAD NECKLACE W TASSEL,3,17.59
84596b,SMALL DOLLY MIX DESIGN ORANGE BOWL,7,17.57
90011A,MIDNIGHT BLUE CRYSTAL DROP EARRINGS,6,17.509999999999998
79331,PINK FLOCK GLASS CANDLEHOLDER,26,17.5
90130A,WHITE STONE/CRYSTAL EARRINGS,6,17.5
35597D,PINK/WHITE CHRISTMAS TREE 30CM,46,17.48
23627,SET 10 CARDS XMAS GRAPHIC  17218,7,17.43
22963,JAM JAR WITH BLUE LID,24,17.28
37489D,PINK/GREEN FLOWER DESIGN BIG MUG,40,17.16
22777,GLASS BELL JAR LARGE,2,17.0
85084,HOLLY TOP CHRISTMAS STOCKING,20,17.0
47574B,ENGLISH ROSE SCENTED HANGING HEART,4,17.0
44092C,PURPLE/COPPER HANGING LAMPSHADE,20,17.0
23342,MINT DINER CLOCK,2,17.0
90026A,GLASS BEAD HOOP NECKLACE BLACK,2,17.0
35645,VINTAGE BEAD PINK JEWEL BOX,4,17.0
21120,*Boombox Ipod Classic,1,16.98
21595,Dad's Cab Electronic Meter,2,16.94
85035a,GARDENIA 3 WICK MORRIS BOXED CANDLE,2,16.94
20954,*USB Office Mirror Ball,2,16.94
90024D,NEW BAROQUE B'FLY NECKLACE PINK,2,16.82
90024E,NEW BAROQUE B'FLY NECKLACE MONTANA,2,16.810000000000002
37489B,BLUE/YELLOW FLOWER DESIGN BIG MUG,31,16.77
23644,SET 10 CARDS CHRISTMAS TREE 16955,5,16.65
84031b,CHARLIE LOLA BLUE HOT WATER BOTTLE ,1,16.63
DCGS0004,HAYNES CAMPER SHOULDER BAG,1,16.63
84031a,CHARLIE+LOLA RED HOT WATER BOTTLE ,1,16.63
90059B,DIAMANTE HAIR GRIP PACK/2 BLACK DIA,10,16.62
85036a,GARDENIA 1 WICK MORRIS BOXED CANDLE,2,16.58
90137,PINK COMBO MINI CRYSTALS NECKLACE,3,16.310000000000002
23502,PLAYING CARDS VINTAGE DOILEY ,13,16.25
35647,VINTAGE BEAD PINK SHADE ,13,16.25
16248B,BLUE HOLE PUNCH,13,16.25
85160a,WHITE BIRD GARDEN DESIGN MUG,1,16.13
90214V,"LETTER ""V"" BLING KEY RING",26,15.979999999999999
84795C,OCEAN STRIPE HAMMOCK ,2,15.9
85136B,BLUE SHARK HELICOPTER,2,15.9
22778,GLASS BELL JAR SMALL,4,15.8
DCGS0069,OOH LA LA DOGS COLLAR,1,15.79
78034B,BLUE NETTING STORAGE HANGER,8,15.6
20816,GOLD FLOWER CUSHION COVER ,8,15.6
90214F,"LETTER ""F"" BLING KEY RING",27,15.429999999999998
22932,BAKING MOULD TOFFEE CUP  CHOCOLATE,6,15.299999999999999
35817P,"ACRYLIC JEWEL SNOWFLAKE,PINK",6,15.299999999999999
17107D,FLOWER FAIRY 5 SUMMER DRAW LINERS,6,15.299999999999999
90132,LIGHT TOPAZ TEAL/AQUA COL NECKLACE,3,15.16
72024U,LILAC VOTIVE CANDLE,72,15.120000000000001
90140,PINK SWEETIE NECKLACE,2,15.120000000000001
84660b,BLACK STITCHED WALL CLOCK,2,15.08
35610A,PINK CHRISTMAS FLOCK DROPLET ,10,15.02
90078,PINK/WHITE GLASS DEMI CHOKER,2,15.0
84462,3 PINK HEN+CHICKS IN BASKET,12,15.0
23449,SET OF 6 EASTER RAINBOW CHICKS,12,15.0
90069,RUBY GLASS CLUSTER NECKLACE,2,15.0
84705C,PINK FLOCK PHOTO FRAME ,12,15.0
84415A,PINK FLOCK SUEDE CUSHION COVER ,12,15.0
17191A,ROSE FLOWER CANDLE+INCENSE 16X16CM,4,15.0
23251,ENAMEL MUG PANTRY,12,15.0
23212,PAINTED HEART WREATH WITH BELL,12,15.0
90189A,SILVER 2 STRAND NECKLACE-LEAF CHARM,2,15.0
90176A,CLASSIC DIAMANTE NECKLACE JET,2,14.98
90025F,BAROQUE BUTTERFLY EARRINGS CRYSTAL,4,14.96
23621,SET 10 CARDS DAVID'S MADONNA 17074,6,14.940000000000001
23282,FOLDING MIRROR IVORY ,18,14.939999999999998
23281,FOLDING MIRROR RED  ,18,14.939999999999998
84509g,SET OF 4 FAIRY CAKE PLACEMATS ,2,14.92
90059C,DIAMANTE HAIR GRIP PACK/2 MONTANA,9,14.89
85031C,CURIOUS IMAGES SCRAP BOOK SET,3,14.850000000000001
84989A,75 GREEN FAIRY CAKE CASES,27,14.850000000000001
90048,GREEN WITH METAL BAG CHARM,3,14.850000000000001
90046,WHITE WITH METAL BAG CHARM,3,14.850000000000001
84856S,SMALL TAHITI BEACH BAG,3,14.790000000000001
84593,CROCHET ROSE DES CLOTHES HANGER,5,14.750000000000002
23634,SET 10 CARDS XMAS CHOIR 17068,5,14.55
90182B,AMETHYST 3 BEAD DROP EARRINGS,5,14.5
90027C,GLASS BEAD HOOP EARRINGS GREEN,5,14.5
16202B,PASTEL BLUE PHOTO ALBUM ,29,14.5
37489A,YELLOW/PINK FLOWER DESIGN BIG MUG,33,14.43
47593A,CAROUSEL PONIES BABY BIB,33,14.37
90052,CRACKED GLAZE NECKLACE BROWN,2,14.14
71143,ANTIQUE SILVER BOOK MARK WITH BEADS,17,14.11
90089,PINK CRYSTAL SKULL PHONE CHARM,20,13.94
23540,"WALL ART , THE MAGIC FOREST ",2,13.9
79336,LIGHT PINK FLOCK GLASS CANDLEHOLDER,36,13.680000000000003
37489C,GREEN/BLUE FLOWER DESIGN BIG MUG,23,13.65
85017A,ENVELOPE 50 ROMANTIC IMAGES,16,13.58
90065B,BLACK VINT ART DEC CRYSTAL BRACELET,2,13.5
90214T,"LETTER ""T"" BLING KEY RING",24,13.459999999999999
84745B,BLUE HANGING GINGHAM EASTER HEN,32,13.44
84745A,PINK HANGING GINGHAM EASTER HEN,32,13.44
90014C,SILVER AND BLACK ORBIT NECKLACE,2,13.350000000000001
23639,SET 10 CARDS MAGICAL TREE 17086,4,13.32
23607,SET 10 CARDS HATS & STOCKINGS 17081,8,13.28
23271,CHRISTMAS TABLE CANDLE SILVER SPIKE,16,13.28
62043B,BLUE CHECK BAG W HANDLE 34X20CM,16,13.28
22952,72 CAKE CASES VINTAGE CHRISTMAS,24,13.200000000000001
37491C,GREEN/BLUE CERAMIC CANDLE HOLDER,8,13.2
84388,WISE MAN STAR SHAPE EGG PAN,24,13.14
37462E,"PET MUG, GOLDFISH",36,13.1
16162L,THE KING GIFT BAG,20,13.0
18097A,PINK TALL PORCELAIN T-LIGHT HOLDER ,5,12.75
DCGS0070,CAMOUFLAGE DOG COLLAR,1,12.72
21895,POTTING SHED SOW 'N' GROW SET,2,12.72
90042C,FRESHWATER PEARL BRACELET IVORY,5,12.7
90055,CRACKED GLAZE EARRINGS BROWN,5,12.53
90037C,TINY CRYSTAL BRACELET BLUE,5,12.52
23071,MARIE ANTOIENETT TRINKET BOX GOLD,1,12.5
20671,BLUE TEATIME PRINT BOWL ,10,12.5
23635,SET 10 CARDS CHRISTMAS HOLLY  17259,3,12.48
90020,FILIGREE DIAMANTE CHAIN,1,12.48
23654,SET 10 CARD SNOWMAN 16965,5,12.450000000000001
82613c,"METAL SIGN,CUPCAKE SINGLE HOOK",5,12.399999999999999
21144,PINK POODLE HANGING DECORATION ,-7,12.239999999999998
79329,PINK FLOCK GLASS CANDLEHOLDER,12,12.18
84016,FLAG OF ST GEORGE CAR FLAG,27,12.16
90178B,PURPLE CHUNKY GLASS+BEAD NECKLACE,1,11.95
90021,LASER CUT MULTI STRAND NECKLACE,1,11.95
84620,BLUE GINGHAM ROSE CUSHION COVER,2,11.9
84614A,PINK BAROQUE FLOCK CANDLE HOLDER,2,11.9
44092B,BLUE WHITE PLASTIC RINGS LAMPSHADE,14,11.899999999999999
90214Z,"LETTER ""Z"" BLING KEY RING",22,11.84
37444B,BLUE BREAKFAST CUP AND SAUCER ,4,11.8
35818B,"ACRYLIC JEWEL ICICLE, BLUE",31,11.780000000000001
16162M,THE KING GIFT BAG 25x24x12cm,28,11.76
16043,POP ART PUSH DOWN RUBBER ,98,11.759999999999998
23608,SET 10 CARDS RUDOLPHS NOSE 17097,4,11.64
23605,SET 10 CARDS 12 DAYS OF XMAS 17059,4,11.64
85184c,SET 4 VALENTINE DECOUPAGE HEART BOX,2,11.58
72798C,SET/4 GARDEN ROSE DINNER CANDLE,7,11.549999999999999
71050,SMALL SINGLE FLAME CANDLE HOLDER,33,11.549999999999999
47013C,WINE BOTTLE DRESSING DARK BLUE,40,11.53
90152B,BLUE/GREEN SHELL NECKLACE W PENDANT,2,11.46
17164B,ASS COL SMALL SAND GECKO P'WEIGHT,27,11.34
23299,"FOOD COVER WITH BEADS , SET 2 SIZES",3,11.25
90025D,BAROQUE BUTTERFLY EARRINGS PINK,3,11.19
84536a,ENGLISH ROSE NOTEBOOK A7 SIZE,14,11.060000000000002
37488A,YELLOW PINK FLOWER DESIGN BIG BOWL,28,10.92
79026B,"S/4 ICON COASTER,ELVIS LIVES",25,10.61
16169N,WRAP BLUE RUSSIAN FOLKART,25,10.5
16161M,WRAP  PINK FLOCK,25,10.5
35966,FOLKART CHRISTMAS TREE T-LIGHT HOLD,27,10.260000000000002
85109,PINK BOUDOIR T-LIGHT HOLDER,12,10.2
35958,FOLKART ZINC STAR CHRISTMAS DEC,12,10.2
40005B,BLUE ORGANDY ROUND LAMPSHADE W BEA,12,10.2
44089C,LILAC GAUZE BUTTERFLY LAMPSHADE,24,10.08
23086,ZINC STAR T-LIGHT HOLDER ,8,10.0
90053,CRACKED GLAZE EARRINGS IVORY,4,9.99
23619,SET 10 CARDS POINSETTIA 17093,4,9.96
23650,SET 10 CARDS FILIGREE BAUBLE 16961,4,9.96
23624,SET 10 CARD PERFECT NATIVITY 17089,4,9.96
23615,SET 10 CARDS PRINTED GRAPHIC 17219,4,9.96
37474,SET/4 2 TONE EGG SHAPE MIXING BOWLS,1,9.95
84689,S/2 BEACH HUT TREASURE CHESTS,3,9.95
DCGS0003,BOXED GLASS ASHTRAY,4,9.94
82613b,"METAL SIGN,CUPCAKE SINGLE HOOK",4,9.94
37491D,PURPLE/BLUE CERAMIC CANDLE HOLDER,4,9.879999999999999
85231g,ORANGE SCENTED SET/9 T-LIGHTS,6,9.78
44242A,LILAC FEATHERS CURTAIN,12,9.48
23441,HAND PAINTED HANGING EASTER EGG,22,9.24
35809B,ENAMEL BLUE RIM TEA CONTAINER,8,9.18
90184c,BLACK CHUNKY BEAD BRACELET W STRAP,1,9.15
90181C,BLACK GLASS/SHELL/PEARL NECKLACE,1,9.15
37351,ORANGE FLOWER MUG ,10,9.06
45013,FOLDING SHOE TIDY,3,8.850000000000001
20906,VINTAGE NOTEBOOK BEAUTY GIRL,3,8.850000000000001
84773,RED ROSE AND LACE C/COVER,3,8.850000000000001
90077,BLACK DIAMOND CLUSTER EARRINGS,3,8.82
90027B,GLASS BEAD HOOP EARRINGS MONTANA,3,8.76
90011E,AMBER CRYSTAL DROP EARRINGS,3,8.76
90011D,PURPLE CRYSTAL DROP EARRINGS,3,8.76
16206B,RED PURSE WITH PINK HEART,7,8.75
90130D,RED STONE/CRYSTAL EARRINGS,3,8.7
84732B,CUTE BIRD CEATURE SCREEN,22,8.58
90167,BEADED LOVE HEART JEWELLERY SET,10,8.5
44265,M/COLOUR POM-POM CURTAIN,2,8.5
90102,WHITE FRANGIPANI HAIR CLIP,10,8.5
72803b,OCEAN SCENT CANDLE JEWELLED DRAWER,1,8.47
85035b,CHOCOLATE 3 WICK MORRIS BOX CANDLE,1,8.47
85035c,ROSE 3 WICK MORRIS BOX CANDLE,1,8.47
85036b,CHOCOLATE 1 WICK MORRIS BOX CANDLE,1,8.47
21410,COUNTRY COTTAGE  DOORSTOP GREEN,1,8.47
84975,HEART SHAPED MIRROR,5,8.45
20871,OPULENT VELVET SET/3 CANDLES,2,8.42
21594,Dr. Jam's Arouzer Stress Ball,2,8.34
23612,SET 10 MINICARDS CUTE SNOWMAN 17071,5,8.299999999999999
85034b,3 WHITE CHOC MORRIS BOXED CANDLES,1,8.29
72802c,VANILLA SCENT CANDLE JEWELLED BOX,1,8.29
84924F,PSYCHEDELIC METAL SIGN CALENDAR,10,7.9
16244B,MAXWELL 2 TONE BLUE 60 PAGE PHOTO A,7,7.85
35607A,PINK FLUFFY CHRISTMAS DECORATION,26,7.82
85189,HANGING BUTTERFLY  EGG,9,7.6499999999999995
90042A,FRESHWATER PEARL BRACELET GOLD,3,7.6499999999999995
79149B,SILICON STAR BULB  BLUE,18,7.56
85160A,WHITE BIRD GARDEN DESIGN MUG,6,7.5
90068,"RUBY GLASS NECKLACE 42""",1,7.5
90025A,BAROQUE BUTTERFLY EARRINGS BLACK,2,7.5
21827,EIGHT PIECE CREEPY CRAWLIE SET,6,7.5
37379A,PINK CHERRY BLOSSOM CUP & SAUCER,6,7.5
23633,SET 10 CARDS WORLD CHILDREN 17067,3,7.470000000000001
62097B,BLUE STRIPES SHOULDER BAG,9,7.469999999999999
90128A,PINK LEAVES AND BEADS PHONE CHARM,3,7.43
84596g,SMALL CHOCOLATES PINK BOWL,3,7.38
71496B,A4 WALL TIDY RED FLOWERS,13,7.37
85144,JARDIN ETCHED GLASS BUTTER DISH,1,7.25
10124G,ARMY CAMO BOOKCOVER TAPE,17,7.14
90214W,"LETTER ""W"" BLING KEY RING",16,6.819999999999999
90214O,"LETTER ""O"" BLING KEY RING",16,6.819999999999999
35443,RASTA IN BATH W SPLIFF ASHTRAY,8,6.8
84802B,PURPLE ANEMONE ARTIFICIAL FLOWER,4,6.76
62074B,ELEPHANT CLIP W SUCTION CUP,16,6.72
35833G,4 GOLD FLOCK CHRISTMAS BALLS,2,6.72
10124A,SPOTS ON RED BOOKCOVER TAPE,16,6.72
21186,WHITE DOVE HONEYCOMB PAPER GARLAND,2,6.72
23604,SET 10 MINI SANTA & SNOWMAN  17087,4,6.64
37491B,BLUE/YELLOW CERAMIC CANDLE HOLDER,4,6.6
20678,LARGE BLACK DIAMANTE HAIRSLIDE,4,6.6
90126C,AMBER BERTIE MOBILE PHONE CHARM,2,6.58
85224,ASSORTED COLOUR SILK GLASSES CASE,3,6.300000000000001
44089A,PINK GAUZE BUTTERFLY LAMPSHADE,15,6.3
85225,BLING KEY RING STAND,6,6.25
21228,"POCKET MIRROR ""GLAMOROUS""",5,6.25
35591T,TURQUOISE CHRISTMAS TREE ,5,6.25
23610,SET 10 CARDS CHRISTMAS ROBIN 17095,3,6.24
90152C,BLUE/NAT SHELL NECKLACE W PENDANT,1,5.95
90060B,FIRE POLISHED GLASS NECKL GOLD,1,5.95
84499,BLACK FLOWER CANDLE PLATE,7,5.949999999999999
79161A,ST GEORGE SET OF 10 PARTY LIGHTS,2,5.9
35598C,WHITE CHRISTMAS TREE 60CM,2,5.9
90014B,GOLD M.O.P. ORBIT NECKLACE,2,5.9
84228,HEN HOUSE WITH CHICK STANDING,14,5.88
23617,SET 10 CARDS SWIRLY XMAS TREE 17104,2,5.82
23638,SET 10 CARDS ROBIN WATERPUMP  17096,2,5.82
23652,SET 10 CARD CHRISTMAS STAMPS 16963,2,5.82
90011C,GREEN CRYSTAL DROP EARRINGS,2,5.8
90067B,BROWN VINTAGE VICTORIAN EARRINGS,2,5.8
21839,MUMMY MOUSE RED GINGHAM RIBBON,1,5.45
35004P,SET OF 3 PINK FLYING DUCKS,1,5.45
81953P,ROUND ARTICULATED PINK CLOCK W/SUCK,28,5.32
37509,NEW ENGLAND MUG W GIFT BOX,2,5.1
20964,POLYESTER FILLER PAD 60x40cm,2,5.1
90142A,GREEN PENDANT SHELL NECKLACE,1,5.09
84803A,PINK ALLIUM  ARTIFICIAL FLOWER,3,5.07
23649,SET 10 CARDS DECK THE HALLS 16960,2,4.98
90135A,ORANGE/FUSCHIA STONES NECKLACE,1,4.98
47593b,SCOTTIE DOGS BABY BIB,6,4.9799999999999995
90128D,PURPLE LEAVES AND BEADS PHONE CHAR,2,4.97
90128C,GREEN LEAVES AND BEADS PHONE CHARM,2,4.97
84661a,WHITE SQUARE TABLE CLOCK,1,4.96
84661b,BLACK SQUARE TABLE CLOCK,1,4.96
35650,VINTAGE BEAD PINK JEWEL STAND,1,4.95
90081B,LILY BROOCH WHITE/SILVER COLOUR,1,4.95
85031B,BLOSSOM IMAGES SCRAP BOOK SET,1,4.95
85049d,BRIGHT BLUES RIBBONS ,2,4.92
85231b,CINAMMON SET OF 9 T-LIGHTS,3,4.92
85049b,LUSH GREENS RIBBONS,2,4.92
90127A,PINK BEADS+HAND PHONE CHARM,2,4.92
84971l,LARGE HEART FLOWERS HOOK   ,2,4.92
84613C,BLUE NEW BAROQUE FLOCK CANDLESTICK,1,4.65
79151B,"SILICON CUBE 25W, BLUE",11,4.62
71215,METAL BASE FOR CANDLES,11,4.62
35817P,PINK ACRYLIC JEWEL SNOWFLAKE,12,4.5600000000000005
84206A,3 BLACK CATS W HEARTS BLANK CARD,24,4.5600000000000005
81950V,FLOWER PURPLE CLOCK WITH SUCKER,15,4.35
84732D,CUTE RABBIT CEATURE SCREEN ,11,4.29
22199,FRYING PAN RED POLKADOT ,1,4.25
22218,CAKE STAND LACE WHITE,1,4.25
79157V,UBO-LIGHT TRIOBASE PURPLE,5,4.25
81950V,FLOWER PURPLE CLOCK W/SUCKER,5,4.25
20861,GOLD COSMETIC BAG PINK STAR,2,4.2
47016,LIGHT DECORATION BATTERY OPERATED,2,4.2
22206,"MUG , DOTCOMGIFTSHOP.COM ",5,4.17
23391, I LOVE LONDON MINI RUCKSACK,1,4.15
46776e,WOVEN CANDY CUSHION COVER ,1,4.13
47591b,SCOTTIES CHILDRENS APRON,1,4.13
46776b,WOVEN BERRIES CUSHION COVER ,1,4.13
84536b,FAIRY CAKES NOTEBOOK A7 SIZE,5,4.050000000000001
17174,ASSTD RASTA KEY-CHAINS,9,3.7800000000000002
44091A,BLUE CRUSOE CHECK LAMPSHADE,9,3.78
90128B,BLUE LEAVES AND BEADS PHONE CHARM,2,3.76
37464,ROBOT MUG IN DISPLAY BOX,3,3.75
79192A,RETRO PLASTIC 70'S TRAY,3,3.75
90025E,BAROQUE BUTTERFLY EARRINGS MONTANA,1,3.73
90025B,BAROQUE BUTTERFLY EARRINGS RED,1,3.73
35271S,GOLD PRINT PAPER BAG,19,3.6100000000000003
16010,FOLDING CAMPING SCISSOR W/KNIF & S,30,3.5999999999999996
84270,ASSTD DESIGN BUBBLE GUM RING,17,3.5700000000000003
16202A,PASTEL PINK PHOTO ALBUM ,7,3.5
90214U,"LETTER ""U"" BLING KEY RING",12,3.4799999999999995
79157B,UBO-LIGHT TRIOBASE BLUE,4,3.4
84802A,WHITE ANEMONE ARTIFICIAL FLOWER,2,3.38
90126A,PINK BERTIE MOBILE PHONE CHARM,1,3.36
22528,GARDENERS KNEELING PAD,1,3.36
85119,WATERING CAN SINGLE HOOK PISTACHIO,1,3.36
21160,KEEP OUT GIRLS DOOR HANGER ,1,3.36
23643,SET 10 CARDS CHRISTMAS BAUBLE 16954,1,3.33
90187A,BLUE DROP EARRINGS W BEAD CLUSTER,1,3.32
84534b,FAIRY CAKE NOTEBOOK A5 SIZE,2,3.32
10123C,HEARTS WRAPPING TAPE ,5,3.25
47013A,WINE BOTTLE DRESSING LT.BLUE,14,3.0399999999999996
23609,SET 10 CARDS SNOWY ROBIN 17099,1,2.91
23628,SET 10 CARDS TRIANGLE ICONS  17220,1,2.91
23602,SET 10 CARDS 3 WISE MEN 17107,1,2.91
90183c,BLACK DROP EARRINGS W LONG BEADS,1,2.9
90100,NECKLACE+BRACELET SET PINK DAISY,1,2.55
m,Manual,1,2.55
17028J,INCENSE BAZAAR PEACH,6,2.52
35609A,PINK FEATHER CHRISTMAS DECORATION,1,2.51
62096B,PURPLE/TURQ FLOWERS HANDBAG,2,2.5
23630,SET 10 CARDS HANGING BAUBLES 17080,1,2.49
90037A,TINY CRYSTAL BRACELET RED,1,2.48
84201B,HAPPY BIRTHDAY CARD STRIPEY TEDDY,13,2.47
84510e,SET OF 4 GREEN CAROUSEL COASTERS,1,2.46
85049c,ROMANTIC PINKS RIBBONS ,1,2.46
84596l,BISCUITS SMALL BOWL LIGHT BLUE,1,2.46
85179a,GREEN BITTY LIGHT CHAIN,1,2.46
82613a,"METAL SIGN,CUPCAKE SINGLE HOOK",1,2.46
37330,BIG POLKADOT MUG,6,2.34
46115B,GREEN POP ART MAO CUSHION COVER ,12,2.2800000000000002
77079,DOLPHIN WINDMILL,1,2.12
85170A,SET/6 IVORY BIRD T-LIGHT CANDLES,1,2.1
21414,SCALLOP SHELL SOAP DISH,1,2.1
47579,TEA TIME BREAKFAST BASKET,1,2.1
90112,PINK DOLLY HAIR CLIPS,2,2.1
20860,GOLD COSMETICS BAG WITH BUTTERFLY,1,2.1
81953B,ROUND BLUE CLOCK WITH SUCKER,11,2.09
84731,3 BIRDS CANVAS SCREEN,2,2.04
16202E,BLACK PHOTO ALBUM ,14,1.9500000000000002
21491,SET OF THREE VINTAGE GIFT WRAPS,1,1.95
22146,EASTER CRAFT IVY WREATH WITH CHICK,1,1.95
22323,PINK POLKADOT KIDS BAG,1,1.95
90092,BLUE CRYSTAL BOOT PHONE CHARM,1,1.66
23664,FLOWER SHOP DESIGN MUG,1,1.65
84550,CROCHET LILAC/RED BEAR KEYRING,1,1.65
84206C,CHAMPAGNE TRAY BLANK CARD,8,1.52
37461,FUNKY MONKEY MUG,1,1.25
35597A,DUSTY PINK CHRISTMAS TREE 30CM,1,1.25
84569C,PACK 4 FLOWER/BUTTERFLY PATCHES,1,1.25
23370,SET 36 COLOURING PENCILS DOILEY,1,1.25
35597B,BLACKCHRISTMAS TREE 30CM,1,1.25
84977,WIRE FLOWER T-LIGHT HOLDER,1,1.25
21009,ETCHED GLASS STAR TREE DECORATION,1,1.25
84743C,ORANGE FELT VASE + FLOWERS,1,1.25
84990,60 GOLD AND SILVER FAIRY CAKE CASES,2,1.1
72815,3 WICK CHRISTMAS BRIAR CANDLE ,-1,0.9700000000000006
84206B,CAT WITH SUNGLASSES BLANK CARD,5,0.95
84201C,HAPPY BIRTHDAY CARD TEDDY/CAKE,5,0.95
90084,PINK CRYSTAL GUITAR PHONE CHARM,1,0.85
21268,VINTAGE BLUE TINSEL REEL,2,0.84
51014c,"FEATHER PEN,COAL BLACK",1,0.83
85047,WHITE BEADED GARLAND STRING 20LIGHT,0,0.8000000000000007
23366,SET 12 COLOURING PENCILS DOILEY,1,0.65
84227,HEN HOUSE W CHICK IN NEST,1,0.42
PADS,PADS TO MATCH ALL CUSHIONS,3,0.003
79323B,BLACK CHERRY LIGHTS,0,0.0
23843,"PAPER CRAFT , LITTLE BIRDIE",0,0.0
21655,HANGING RIDGE GLASS T-LIGHT HOLDER,0,0.0
21667,GLASS CAKE COVER AND PLATE,0,0.0
22034,ROBIN CHRISTMAS CARD,-2,-0.020000000000000684
20957,PORCELAIN HANGING BELL SMALL,-1,-1.45
21412,VINTAGE GOLD TINSEL REEL,-6,-2.52
85023C,PINK LARGE JEWELED PHOTOFRAME,-1,-2.55
35832,WOOLLY HAT SOCK GLOVE ADVENT STRING,-1,-2.95
85098B,BLUE FLYING SINGING CANARY,-1,-3.75
79320,FLAMINGO LIGHTS,-1,-4.95
84839,SWEETHEART KEY CABINET,-1,-5.55
84750A,PINK SMALL GLASS CAKE STAND,-3,-5.85
85068,CREAM SWEETHEART SHELF + HOOKS,-1,-7.95
37503,TEA TIME CAKE STAND IN GIFT BOX,-1,-10.75
85065,CREAM SWEETHEART TRAYS,-1,-12.75
85042,ANTIQUE LILY FAIRY LIGHTS,-3,-14.850000000000001
20703,BLUE PADDED SOFT MOBILE,-6,-25.5
79323P,PINK CHERRY LIGHTS,-4,-27.0
21645,ASSORTED TUTTI FRUTTI ROUND BOX,-24,-39.599999999999994
35400,WOODEN BOX ADVENT CALENDAR ,-6,-45.7
85063,CREAM SWEETHEART MAGAZINE RACK,-3,-46.849999999999994
79323W,WHITE CHERRY LIGHTS,-8,-54.0
S,SAMPLES,-58,-3039.65
