CustomerID,Recency,Frequency,Monetary,R_Score,F_Score,M_Score,RFM_Score,Segment
12347,2,7,4310.0,5,5,5,15,High Value
12348,75,4,1437.24,2,4,4,10,At Risk
12349,19,1,1457.55,4,1,4,9,New
12350,310,1,294.4,1,1,2,4,Hibernating
12352,36,7,1265.41,3,5,4,12,Loyal
12353,204,1,89.0,1,1,1,3,Hibernating
12354,232,1,1079.4,1,1,4,6,Hibernating
12355,214,1,459.4,1,1,2,4,Hibernating
12356,23,3,2487.43,4,3,5,12,Potential
12357,33,1,6207.67,3,1,5,9,Regular
12358,2,2,928.06,5,3,4,12,Potential
12359,58,4,6182.98,3,4,5,12,Loyal
12360,52,3,2302.06,3,3,5,11,Regular
12361,287,1,174.9,1,1,1,3,Hibernating
12362,3,10,4665.58,5,5,5,15,High Value
12363,110,2,552.0,2,3,3,8,At Risk
12364,8,4,1208.1,5,4,4,13,High Value
12365,291,1,320.69,1,1,2,4,Hibernating
12367,4,1,150.9,5,1,1,7,New
12370,51,4,3421.94,3,4,5,12,Loyal
12371,60,1,1527.96,3,1,4,8,Regular
12372,72,3,1196.04,2,3,4,9,At Risk
12373,311,1,324.6,1,1,2,4,Hibernating
12374,25,1,622.93,4,1,3,8,New
12375,11,2,375.42,5,3,2,10,Potential
12377,315,2,1548.12,1,3,4,8,At Risk
12378,130,1,4008.62,2,1,5,8,Hibernating
12379,82,2,775.29,2,3,3,8,At Risk
12380,22,4,2423.56,4,4,5,13,High Value
12381,5,3,1433.46,5,3,4,12,Potential
12383,185,5,1617.31,1,4,4,9,At Risk
12384,29,2,406.16,4,3,2,9,Potential
12386,338,2,401.9,1,3,2,6,Regular
12388,16,6,2780.66,4,5,5,14,High Value
12390,80,1,504.84,2,1,3,6,Hibernating
12391,22,1,439.66,4,1,2,7,New
12393,72,4,1582.6,2,4,4,10,At Risk
12394,64,2,1080.48,3,3,4,10,Regular
12395,19,12,2662.28,4,5,5,14,High Value
12397,36,2,2214.9,3,3,5,11,Regular
12398,46,1,1435.66,3,1,4,8,Regular
12399,119,4,1033.65,2,4,4,10,At Risk
12401,303,1,69.3,1,1,1,3,Hibernating
12402,323,1,195.6,1,1,1,3,Hibernating
12403,50,1,391.7,3,1,2,6,Regular
12405,149,1,1390.39,2,1,4,7,Hibernating
12406,22,2,3280.75,4,3,5,12,Potential
12407,50,5,1507.12,3,4,4,11,Loyal
12408,33,5,2587.57,3,4,5,12,Loyal
12409,79,3,11056.93,2,3,5,10,At Risk
12410,309,2,521.08,1,3,3,7,At Risk
12412,75,3,1142.88,2,3,4,9,At Risk
12413,67,3,676.15,3,3,3,9,Regular
12414,217,3,442.41,1,3,2,6,Regular
12415,24,20,123638.18,4,5,5,14,High Value
12417,3,9,3155.8,5,5,5,15,High Value
12418,113,1,668.58,2,1,3,6,Hibernating
12420,64,1,600.39,3,1,3,7,Regular
12421,16,4,639.04,4,4,3,11,Loyal
12422,96,3,683.56,2,3,3,8,At Risk
12423,1,8,1624.11,5,5,4,14,High Value
12424,163,2,1760.96,2,3,4,9,At Risk
12425,78,1,777.2,2,1,3,6,Hibernating
12426,195,1,510.73,1,1,3,5,Hibernating
12427,22,3,582.37,4,3,3,10,Potential
12428,26,8,6366.0,4,5,5,14,High Value
12429,9,4,3388.4,5,4,5,14,High Value
12430,43,1,216.4,3,1,1,5,Regular
12431,36,15,6243.89,3,5,5,13,Loyal
12432,43,4,4359.32,3,4,5,12,Loyal
12433,1,7,13375.87,5,5,5,15,High Value
12434,85,2,765.19,2,3,3,8,At Risk
12435,80,2,7829.89,2,3,5,10,At Risk
12436,100,1,429.01,2,1,2,5,Hibernating
12437,2,18,4392.66,5,5,5,15,High Value
12438,14,2,2466.85,4,3,5,12,Potential
12441,367,1,155.55,1,1,1,3,Hibernating
12442,3,1,144.06,5,1,1,7,New
12444,21,5,4085.46,4,4,5,13,High Value
12445,22,1,77.4,4,1,1,6,New
12446,58,1,1002.31,3,1,4,8,Regular
12447,243,1,431.49,1,1,2,4,Hibernating
12448,44,1,365.45,3,1,2,6,Regular
12449,22,4,3596.29,4,4,5,13,High Value
12450,156,2,197.88,2,3,1,6,Regular
12451,11,5,8893.52,5,4,5,14,High Value
12452,17,1,348.57,4,1,2,7,New
12453,134,1,707.09,2,1,3,6,Hibernating
12455,73,5,2339.86,2,4,5,11,At Risk
12456,44,3,2553.89,3,3,5,11,Regular
12457,66,6,1597.78,3,5,4,12,Loyal
12458,71,2,787.4,3,3,3,9,Regular
12461,155,1,626.88,2,1,3,6,Hibernating
12462,19,2,872.01,4,3,3,10,Potential
12463,53,4,1165.63,3,4,4,11,Loyal
12464,10,8,957.05,5,5,4,14,High Value
12465,17,2,673.89,4,3,3,10,Potential
12468,188,2,652.04,1,3,3,7,At Risk
12471,2,27,16323.52,5,5,5,15,High Value
12472,32,7,5725.48,4,5,5,14,High Value
12473,54,3,2545.27,3,3,5,11,Regular
12474,17,18,6434.77,4,5,5,14,High Value
12475,54,1,669.38,3,1,3,7,Regular
12476,16,11,5628.58,4,5,5,14,High Value
12477,23,6,13117.01,4,5,5,14,High Value
12478,4,1,545.99,5,1,3,9,New
12479,11,1,423.3,5,1,2,8,New
12480,28,4,2885.63,4,4,5,13,High Value
12481,23,10,4998.36,4,5,5,14,High Value
12483,17,8,1873.13,4,5,4,13,High Value
12484,35,4,3892.87,3,4,5,12,Loyal
12488,10,3,1244.66,5,3,4,12,Potential
12489,336,1,298.93,1,1,2,4,Hibernating
12490,5,10,4859.93,5,5,5,15,High Value
12491,39,1,424.4,3,1,2,6,Regular
12492,63,2,227.21,3,3,1,7,Regular
12493,166,2,362.79,2,3,2,7,Regular
12494,16,7,995.35,4,5,4,13,High Value
12497,82,1,953.1,2,1,4,7,Hibernating
12498,21,3,349.7,4,3,2,9,Potential
12500,23,11,4026.27,4,5,5,14,High Value
12501,337,1,1945.68,1,1,4,6,Hibernating
12502,96,5,2995.87,2,4,5,11,At Risk
12504,18,2,60.0,4,3,1,8,Potential
12506,233,1,73.5,1,1,1,3,Hibernating
12507,134,3,1006.06,2,3,4,9,At Risk
12508,26,2,397.88,4,3,2,9,Potential
12509,284,1,158.5,1,1,1,3,Hibernating
12510,143,2,814.57,2,3,3,8,At Risk
12512,66,2,132.18,3,3,1,7,Regular
12513,113,1,532.79,2,1,3,6,Hibernating
12514,267,1,1017.68,1,1,4,6,Hibernating
12515,353,1,278.7,1,1,2,4,Hibernating
12516,78,2,1186.06,2,3,4,9,At Risk
12517,28,4,2263.65,4,4,5,13,High Value
12518,1,5,1840.89,5,4,4,13,High Value
12519,64,1,276.84,3,1,2,6,Regular
12520,79,5,2294.51,2,4,5,11,At Risk
12521,143,1,545.68,2,1,3,6,Hibernating
12522,39,2,156.72,3,3,1,7,Regular
12523,19,11,1655.57,4,5,4,13,High Value
12524,9,8,3945.72,5,5,5,15,High Value
12526,1,3,1172.66,5,3,4,12,Potential
12527,82,3,330.71,2,3,2,7,Regular
12528,9,6,1634.28,5,5,4,14,High Value
12530,60,4,1461.63,3,4,4,11,Loyal
12531,15,1,125.22,4,1,1,6,New
12532,30,1,313.83,4,1,2,7,New
12534,131,1,981.18,2,1,4,7,Hibernating
12535,92,2,716.35,2,3,3,8,At Risk
12536,59,1,4151.26,3,1,5,9,Regular
12538,29,1,363.95,4,1,2,7,New
12539,22,4,5568.35,4,4,5,13,High Value
12540,20,17,11489.04,4,5,5,14,High Value
12541,30,3,841.18,4,3,3,10,Potential
12544,36,1,299.7,3,1,2,6,Regular
12545,75,2,832.39,2,3,3,8,At Risk
12546,47,2,1001.5,3,3,4,10,Regular
12547,198,2,151.8,1,3,1,5,Regular
12548,166,1,67.2,2,1,1,4,Hibernating
12550,79,1,824.83,2,1,3,6,Hibernating
12551,358,1,168.0,1,1,1,3,Hibernating
12552,40,1,317.82,3,1,2,6,Regular
12553,8,10,3238.25,5,5,5,15,High Value
12556,50,2,599.56,3,3,3,9,Regular
12557,16,5,11990.96,4,4,5,13,High Value
12559,311,2,500.21,1,3,3,7,At Risk
12560,5,2,1885.39,5,3,4,12,Potential
12561,303,1,238.85,1,1,1,3,Hibernating
12562,8,7,3385.74,5,5,5,15,High Value
12564,261,1,402.9,1,1,2,4,Hibernating
12565,289,1,131.17,1,1,1,3,Hibernating
12566,86,1,292.7,2,1,2,5,Hibernating
12567,23,10,8322.94,4,5,5,14,High Value
12569,2,32,3128.99,5,5,5,15,High Value
12571,40,2,519.61,3,3,3,9,Regular
12572,9,2,896.72,5,3,3,11,Potential
12573,227,1,160.54,1,1,1,3,Hibernating
12574,316,1,182.45,1,1,1,3,Hibernating
12576,36,5,1306.98,3,4,4,11,Loyal
12577,35,3,560.25,3,3,3,9,Regular
12578,21,2,2361.36,4,3,5,12,Potential
12579,78,1,374.72,2,1,2,5,Hibernating
12580,247,1,379.7,1,1,2,4,Hibernating
12581,40,1,179.71,3,1,1,5,Regular
12582,239,2,351.36,1,3,2,6,Regular
12583,3,15,6629.34,5,5,5,15,High Value
12584,4,9,1809.95,5,5,4,14,High Value
12585,234,2,1766.81,1,3,4,8,At Risk
12586,17,1,179.94,4,1,1,6,New
12587,8,1,104.0,5,1,1,7,New
12588,39,1,174.9,3,1,1,5,Regular
12589,29,2,574.68,4,3,3,10,Potential
12590,211,1,9338.38,1,1,5,7,Hibernating
12591,317,1,368.85,1,1,2,4,Hibernating
12592,92,2,401.6,2,3,2,7,Regular
12593,109,3,382.1,2,3,2,7,Regular
12594,38,9,3208.22,3,5,5,13,Loyal
12596,51,2,450.27,3,3,2,8,Regular
12597,19,4,3067.13,4,4,5,13,High Value
12598,10,7,2786.68,5,5,5,15,High Value
12599,29,7,888.58,4,5,3,12,Loyal
12600,29,10,2311.04,4,5,5,14,High Value
12601,190,5,479.56,1,4,3,8,At Risk
12602,59,1,153.12,3,1,1,5,Regular
12603,22,1,613.2,4,1,3,8,New
12604,79,2,236.18,2,3,1,6,Regular
12609,78,3,964.85,2,3,4,9,At Risk
12610,23,4,1705.99,4,4,4,12,High Value
12611,52,1,1193.32,3,1,4,8,Regular
12612,74,1,607.59,2,1,3,6,Hibernating
12613,57,4,2966.98,3,4,5,12,Loyal
12614,278,1,315.6,1,1,2,4,Hibernating
12615,2,4,2093.19,5,4,5,14,High Value
12616,95,2,585.25,2,3,3,8,At Risk
12617,29,1,352.98,4,1,2,7,New
12618,22,1,137.31,4,1,1,6,New
12619,16,8,2908.81,4,5,5,14,High Value
12620,15,3,1303.41,4,3,4,11,Potential
12621,2,20,12334.07,5,5,5,15,High Value
12622,232,1,162.1,1,1,1,3,Hibernating
12623,276,1,269.1,1,1,2,4,Hibernating
12624,106,2,569.13,2,3,3,8,At Risk
12625,212,2,2362.32,1,3,5,9,At Risk
12626,23,9,5722.35,4,5,5,14,High Value
12627,11,6,4082.53,5,5,5,15,High Value
12628,4,3,715.61,5,3,3,11,Potential
12630,10,2,1030.88,5,3,4,12,Potential
12631,57,1,480.5,3,1,3,7,Regular
12633,59,4,1906.63,3,4,4,11,Loyal
12635,90,2,1509.18,2,3,4,9,At Risk
12637,67,8,5790.25,3,5,5,13,Loyal
12638,33,1,511.69,3,1,3,7,Regular
12639,239,1,366.1,1,1,2,4,Hibernating
12640,24,3,994.58,4,3,4,11,Potential
12641,115,1,145.9,2,1,1,4,Hibernating
12642,25,3,905.26,4,3,3,10,Potential
12643,128,6,3041.64,2,5,5,12,At Risk
12644,130,1,477.91,2,1,3,6,Hibernating
12645,34,4,1611.38,3,4,4,11,Loyal
12646,5,2,1346.97,5,3,4,12,Potential
12647,22,12,3093.92,4,5,5,14,High Value
12648,155,1,300.05,2,1,2,5,Hibernating
12649,107,3,549.71,2,3,3,8,At Risk
12650,3,1,242.44,5,1,2,8,New
12651,335,1,114.0,1,1,1,3,Hibernating
12652,331,1,788.53,1,1,3,5,Hibernating
12653,149,2,2209.85,2,3,5,10,At Risk
12654,11,5,529.98,5,4,3,12,Loyal
12656,17,5,3550.72,4,4,5,13,High Value
12657,11,4,1008.06,5,4,4,13,High Value
12658,19,1,632.05,4,1,3,8,New
12659,30,1,73.68,4,1,1,6,New
12660,11,1,227.1,5,1,1,7,New
12662,1,11,3511.08,5,5,5,15,High Value
12664,8,9,4391.88,5,5,5,15,High Value
12665,325,1,43.75,1,1,1,3,Hibernating
12667,58,1,460.13,3,1,2,6,Regular
12668,12,4,3113.18,5,4,5,14,High Value
12669,151,2,1427.73,2,3,4,9,At Risk
12670,10,5,2734.15,5,4,5,14,High Value
12672,330,1,225.9,1,1,1,3,Hibernating
12673,5,2,574.52,5,3,3,11,Potential
12674,39,4,1796.26,3,4,4,11,Loyal
12676,25,6,1091.39,4,5,4,13,High Value
12678,42,9,16291.26,3,5,5,13,Loyal
12679,59,4,896.67,3,4,3,10,Loyal
12680,1,4,790.81,5,4,3,12,Loyal
12681,15,22,12309.59,4,5,5,14,High Value
12682,4,31,11019.82,5,5,5,15,High Value
12683,4,14,7357.09,5,5,5,15,High Value
12684,8,6,2073.63,5,5,5,15,High Value
12685,28,6,2575.08,4,5,5,14,High Value
12686,372,1,71.14,1,1,1,3,Hibernating
12688,114,1,4873.81,2,1,5,8,Hibernating
12689,26,2,1139.61,4,3,4,11,Potential
12690,206,1,335.01,1,1,2,4,Hibernating
12691,28,5,927.8,4,4,4,12,High Value
12693,127,4,686.96,2,4,3,9,At Risk
12694,70,2,761.67,3,3,3,9,Regular
12695,7,4,582.1,5,4,3,12,Loyal
12697,29,3,739.02,4,3,3,10,Potential
12700,8,4,4525.99,5,4,5,14,High Value
12701,80,2,725.71,2,3,3,8,At Risk
12702,20,1,201.0,4,1,1,6,New
12703,71,1,256.7,3,1,2,6,Regular
12704,7,8,1740.84,5,5,4,14,High Value
12705,15,8,6328.24,4,5,5,14,High Value
12707,292,1,603.42,1,1,3,5,Hibernating
12708,30,10,2346.32,4,5,5,14,High Value
12709,15,15,8959.75,4,5,5,14,High Value
12710,97,3,1004.57,2,3,4,9,At Risk
12712,29,13,3791.63,4,5,5,14,High Value
12713,1,1,794.55,5,1,3,9,New
12714,9,5,4294.86,5,4,5,14,High Value
12715,106,1,263.36,2,1,2,5,Hibernating
12716,4,2,963.49,5,3,4,12,Potential
12717,151,2,830.98,2,3,3,8,At Risk
12718,71,1,202.25,3,1,1,5,Regular
12719,5,2,536.1,5,3,3,11,Potential
12720,3,25,5065.28,5,5,5,15,High Value
12721,32,6,2358.98,4,5,5,14,High Value
12722,85,4,886.33,2,4,3,9,At Risk
12723,4,5,707.07,5,4,3,12,Loyal
12724,5,4,923.41,5,4,4,13,High Value
12725,371,1,371.8,1,1,2,4,Hibernating
12726,28,7,2411.1,4,5,5,14,High Value
12727,11,7,3425.7,5,5,5,15,High Value
12728,71,4,728.33,3,4,3,10,Loyal
12729,114,1,417.01,2,1,2,5,Hibernating
12731,24,12,18660.41,4,5,5,14,High Value
12732,180,1,218.26,1,1,1,3,Hibernating
12733,234,1,383.95,1,1,2,4,Hibernating
12734,353,1,110.4,1,1,1,3,Hibernating
12735,315,2,689.57,1,3,3,7,At Risk
12736,333,1,144.0,1,1,1,3,Hibernating
12738,372,1,137.35,1,1,1,3,Hibernating
12739,99,1,975.54,2,1,4,7,Hibernating
12740,64,1,427.6,3,1,2,6,Regular
12743,134,2,540.13,2,3,3,8,At Risk
12744,56,4,9120.39,3,4,5,12,Loyal
12747,2,11,4196.01,5,5,5,15,High Value
12748,1,206,29819.99,5,5,5,15,High Value
12749,4,5,3818.2,5,4,5,14,High Value
12750,129,1,275.88,2,1,2,5,Hibernating
12752,81,1,4366.78,2,1,5,8,Hibernating
12753,23,6,21024.01,4,5,5,14,High Value
12754,236,3,3010.74,1,3,5,9,At Risk
12755,281,2,2220.75,1,3,5,9,At Risk
12756,87,1,112.08,2,1,1,4,Hibernating
12757,16,9,4161.75,4,5,5,14,High Value
12758,117,2,2791.59,2,3,5,10,At Risk
12759,52,3,1411.44,3,3,4,10,Regular
12762,8,2,1702.52,5,3,4,12,Potential
12763,138,2,494.08,2,3,3,8,At Risk
12764,317,1,1693.88,1,1,4,6,Hibernating
12766,4,7,6457.63,5,5,5,15,High Value
12769,239,1,1143.6,1,1,4,6,Hibernating
12770,211,1,1351.45,1,1,4,6,Hibernating
12772,60,1,752.47,3,1,3,7,Regular
12775,17,5,1246.24,4,4,4,12,High Value
12778,20,6,693.23,4,5,3,12,Loyal
12779,38,8,3868.7,3,5,5,13,Loyal
12781,64,2,671.72,3,3,3,9,Regular
12782,5,5,1881.32,5,4,4,13,High Value
12783,2,4,1295.87,5,4,4,13,High Value
12784,15,1,476.82,4,1,3,8,New
12785,364,1,249.71,1,1,2,4,Hibernating
12787,10,3,418.66,5,3,2,10,Potential
12789,65,1,76.85,3,1,1,5,Regular
12790,192,1,294.92,1,1,2,4,Hibernating
12791,374,1,177.6,1,1,1,3,Hibernating
12792,257,1,344.54,1,1,2,4,Hibernating
12793,335,2,461.48,1,3,2,6,Regular
12794,53,2,860.41,3,3,3,9,Regular
12795,19,1,318.48,4,1,2,7,New
12797,366,1,166.18,1,1,1,3,Hibernating
12798,10,3,6977.04,5,3,5,13,Potential
12802,187,1,382.58,1,1,2,4,Hibernating
12808,37,3,455.65,3,3,2,8,Regular
12809,178,1,400.36,2,1,2,5,Hibernating
12811,262,2,458.85,1,3,2,6,Regular
12812,45,1,229.64,3,1,1,5,Regular
12814,102,1,85.92,2,1,1,4,Hibernating
12815,148,2,863.46,2,3,3,8,At Risk
12816,96,2,452.2,2,3,2,7,Regular
12817,281,1,126.04,1,1,1,3,Hibernating
12818,262,1,1157.88,1,1,4,6,Hibernating
12820,3,4,942.34,5,4,4,13,High Value
12821,214,1,92.72,1,1,1,3,Hibernating
12822,71,2,918.98,3,3,4,10,Regular
12823,75,5,1759.5,2,4,4,10,At Risk
12824,60,1,397.12,3,1,2,6,Regular
12826,3,7,1468.12,5,5,4,14,High Value
12827,6,3,430.15,5,3,2,10,Potential
12828,3,6,1018.71,5,5,4,14,High Value
12829,337,2,253.05,1,3,2,6,Regular
12830,38,6,6814.64,3,5,5,13,Loyal
12831,262,1,215.05,1,1,1,3,Hibernating
12832,32,2,383.03,4,3,2,9,Potential
12833,145,1,417.38,2,1,2,5,Hibernating
12834,283,1,312.38,1,1,2,4,Hibernating
12836,59,4,2610.36,3,4,5,12,Loyal
12837,173,1,134.1,2,1,1,4,Hibernating
12838,34,2,671.95,3,3,3,9,Regular
12839,3,14,5588.12,5,5,5,15,High Value
12840,144,4,2714.27,2,4,5,11,At Risk
12841,5,25,3845.63,5,5,5,15,High Value
12842,70,2,1118.99,3,3,4,10,Regular
12843,66,8,1680.76,3,5,4,12,Loyal
12844,29,2,325.96,4,3,2,9,Potential
12845,267,4,354.09,1,4,2,7,Regular
12847,22,1,843.64,4,1,3,8,New
12849,31,2,992.65,4,3,4,11,Potential
12851,97,1,131.81,2,1,1,4,Hibernating
12852,295,1,299.75,1,1,2,4,Hibernating
12853,135,6,1881.7,2,5,4,11,At Risk
12854,79,3,1280.9,2,3,4,9,At Risk
12855,373,1,38.1,1,1,1,3,Hibernating
12856,8,6,2153.53,5,5,5,15,High Value
12857,211,2,1106.4,1,3,4,8,At Risk
12863,52,1,504.2,3,1,3,7,Regular
12864,138,1,147.12,2,1,1,4,Hibernating
12865,26,2,1548.07,4,3,4,11,Potential
12866,283,1,499.12,1,1,3,5,Hibernating
12867,26,7,3962.99,4,5,5,14,High Value
12868,186,6,1607.06,1,5,4,10,At Risk
12871,84,2,380.64,2,3,2,7,Regular
12872,327,2,599.97,1,3,3,7,At Risk
12873,282,1,374.0,1,1,2,4,Hibernating
12875,143,2,343.23,2,3,2,7,Regular
12876,58,2,2053.02,3,3,5,11,Regular
12877,4,12,1535.77,5,5,4,14,High Value
12878,236,2,841.64,1,3,3,7,At Risk
12879,45,3,552.57,3,3,3,9,Regular
12881,276,1,298.0,1,1,2,4,Hibernating
12882,9,2,1463.04,5,3,4,12,Potential
12883,25,4,703.47,4,4,3,11,Loyal
12884,88,1,309.05,2,1,2,5,Hibernating
12885,63,3,1158.27,3,3,4,10,Regular
12886,68,2,1351.09,3,3,4,10,Regular
12888,214,2,313.77,1,3,2,6,Regular
12890,24,1,376.72,4,1,2,7,New
12891,186,3,331.0,1,3,2,6,Regular
12893,31,1,176.55,4,1,1,6,New
12895,42,2,347.3,3,3,2,8,Regular
12897,205,2,216.5,1,3,1,5,Regular
12901,9,28,16316.14,5,5,5,15,High Value
12902,265,1,138.68,1,1,1,3,Hibernating
12904,18,2,496.06,4,3,3,10,Potential
12906,12,5,2919.81,5,4,5,14,High Value
12908,176,2,360.0,2,3,2,7,Regular
12909,40,5,2128.83,3,4,5,12,Loyal
12910,23,8,3075.04,4,5,5,14,High Value
12912,3,5,1662.3,5,4,4,13,High Value
12913,5,5,2483.63,5,4,5,14,High Value
12915,149,2,363.65,2,3,2,7,Regular
12916,139,4,2921.15,2,4,5,11,At Risk
12917,128,1,594.0,2,1,3,6,Hibernating
12919,8,6,1301.44,5,5,4,14,High Value
12920,17,1,162.78,4,1,1,6,New
12921,9,37,16389.74,5,5,5,15,High Value
12922,161,1,405.38,2,1,2,5,Hibernating
12923,64,1,171.57,3,1,1,5,Regular
12924,88,4,922.0,2,4,4,10,At Risk
12925,5,2,694.05,5,3,3,11,Potential
12928,35,5,2062.7,3,4,5,12,Loyal
12929,312,1,105.1,1,1,1,3,Hibernating
12930,78,2,409.9,2,3,2,7,Regular
12931,22,15,33544.81,4,5,5,14,High Value
12933,24,3,606.28,4,3,3,10,Potential
12935,2,7,2156.45,5,5,5,15,High Value
12936,17,4,1012.9,4,4,4,12,High Value
12937,15,4,1504.27,4,4,4,12,High Value
12938,26,1,114.14,4,1,1,6,New
12939,64,8,11581.8,3,5,5,13,Loyal
12940,55,2,862.44,3,3,3,9,Regular
12942,131,3,675.6,2,3,3,8,At Risk
12944,36,2,604.51,3,3,3,9,Regular
12945,288,1,462.95,1,1,2,4,Hibernating
12947,144,6,1407.29,2,5,4,11,At Risk
12948,16,7,2053.7,4,5,5,14,High Value
12949,31,8,4143.02,4,5,5,14,High Value
12950,2,3,1843.0,5,3,4,12,Potential
12951,9,6,1042.07,5,5,4,14,High Value
12952,6,4,1382.84,5,4,4,13,High Value
12953,10,1,329.85,5,1,2,8,New
12955,1,11,4734.26,5,5,5,15,High Value
12956,306,1,108.07,1,1,1,3,Hibernating
12957,10,8,3979.04,5,5,5,15,High Value
12962,7,2,266.39,5,3,2,10,Potential
12963,8,8,1856.63,5,5,4,14,High Value
12965,89,1,769.81,2,1,3,6,Hibernating
12966,10,1,160.18,5,1,1,7,New
12967,358,2,1194.75,1,3,4,8,At Risk
12968,112,1,135.95,2,1,1,4,Hibernating
12970,7,4,405.47,5,4,2,11,Loyal
12971,4,86,10933.76,5,5,5,15,High Value
12974,198,1,144.8,1,1,1,3,Hibernating
12976,212,1,738.6,1,1,3,5,Hibernating
12977,156,1,39.24,2,1,1,4,Hibernating
12980,158,9,7092.06,2,5,5,12,At Risk
12981,30,2,372.22,4,3,2,9,Potential
12982,243,1,377.2,1,1,2,4,Hibernating
12984,19,1,97.5,4,1,1,6,New
12985,1,2,1215.62,5,3,4,12,Potential
12987,74,2,545.0,2,3,3,8,At Risk
12988,292,1,505.82,1,1,3,5,Hibernating
12989,3,15,6854.51,5,5,5,15,High Value
12990,31,3,409.5,4,3,2,9,Potential
12991,23,2,503.76,4,3,3,10,Potential
12993,23,4,414.76,4,4,2,10,Loyal
12994,4,3,902.22,5,3,3,11,Potential
12995,85,1,200.72,2,1,1,4,Hibernating
12997,22,4,1197.94,4,4,4,12,High Value
12999,196,3,455.88,1,3,2,6,Regular
13000,107,3,534.85,2,3,3,8,At Risk
13001,4,13,9765.07,5,5,5,15,High Value
13002,318,1,120.95,1,1,1,3,Hibernating
13003,106,3,149.05,2,3,1,6,Regular
13004,12,18,5613.43,5,5,5,15,High Value
13005,174,2,468.95,2,3,2,7,Regular
13006,56,1,81.57,3,1,1,5,Regular
13008,323,1,178.47,1,1,1,3,Hibernating
13011,372,1,50.55,1,1,1,3,Hibernating
13012,9,8,1301.72,5,5,4,14,High Value
13013,1,13,4786.99,5,5,5,15,High Value
13014,11,10,3365.43,5,5,5,15,High Value
13015,53,5,3339.64,3,4,5,12,Loyal
13016,73,3,789.89,2,3,3,8,At Risk
13017,7,1,204.0,5,1,1,7,New
13018,16,28,7272.75,4,5,5,14,High Value
13021,4,9,2584.4,5,5,5,15,High Value
13023,64,2,599.9,3,3,3,9,Regular
13026,1,5,943.77,5,4,4,13,High Value
13027,114,6,6912.0,2,5,5,12,At Risk
13028,23,2,659.68,4,3,3,10,Potential
13029,31,3,1247.5,4,3,4,11,Potential
13030,11,2,752.44,5,3,3,11,Potential
13032,52,2,996.52,3,3,4,10,Regular
13033,357,1,190.55,1,1,1,3,Hibernating
13034,55,2,642.77,3,3,3,9,Regular
13035,74,2,886.63,2,3,3,8,At Risk
13037,138,3,881.07,2,3,3,8,At Risk
13038,80,3,908.46,2,3,3,8,At Risk
13040,9,2,676.99,5,3,3,11,Potential
13043,273,1,471.57,1,1,3,5,Hibernating
13044,291,1,560.47,1,1,3,5,Hibernating
13045,99,1,305.28,2,1,2,5,Hibernating
13046,31,2,629.31,4,3,3,10,Potential
13047,57,9,3089.1,3,5,5,13,Loyal
13048,14,4,1789.41,4,4,4,12,High Value
13049,64,2,656.68,3,3,3,9,Regular
13050,15,17,5680.86,4,5,5,14,High Value
13052,212,1,348.15,1,1,2,4,Hibernating
13055,78,3,1201.96,2,3,4,9,At Risk
13058,25,3,271.4,4,3,2,9,Potential
13059,250,1,183.4,1,1,1,3,Hibernating
13060,254,1,307.53,1,1,2,4,Hibernating
13061,72,1,248.61,2,1,2,5,Hibernating
13062,191,1,346.98,1,1,2,4,Hibernating
13064,13,4,1105.59,5,4,4,13,High Value
13065,373,1,205.86,1,1,1,3,Hibernating
13066,24,2,430.9,4,3,2,9,Potential
13067,82,1,115.46,2,1,1,4,Hibernating
13068,10,2,344.0,5,3,2,10,Potential
13069,1,24,3713.14,5,5,5,15,High Value
13070,192,1,228.8,1,1,1,3,Hibernating
13072,267,1,177.15,1,1,1,3,Hibernating
13075,130,1,919.61,2,1,4,7,Hibernating
13077,1,4,728.02,5,4,3,12,Loyal
13078,3,26,12432.28,5,5,5,15,High Value
13079,4,5,220.1,5,4,1,10,Loyal
13080,179,1,58.08,2,1,1,4,Hibernating
13081,12,11,27972.08,5,5,5,15,High Value
13082,126,9,3595.48,2,5,5,12,At Risk
13083,4,2,303.75,5,3,2,10,Potential
13085,158,2,272.38,2,3,2,7,Regular
13089,3,97,57322.13,5,5,5,15,High Value
13090,9,13,8674.39,5,5,5,15,High Value
13091,28,1,319.82,4,1,2,7,New
13092,71,5,459.83,3,4,2,9,Loyal
13093,276,8,7741.47,1,5,5,11,At Risk
13094,21,12,1708.86,4,5,4,13,High Value
13095,71,1,74.4,3,1,1,5,Regular
13097,33,10,5901.07,3,5,5,13,Loyal
13098,1,28,28658.88,5,5,5,15,High Value
13099,99,1,207.36,2,1,1,4,Hibernating
13101,234,1,101.19,1,1,1,3,Hibernating
13102,1,24,6336.29,5,5,5,15,High Value
13103,40,1,243.94,3,1,2,6,Regular
13104,3,6,1098.48,5,5,4,14,High Value
13106,133,1,59.5,2,1,1,4,Hibernating
13107,44,4,1524.07,3,4,4,11,Loyal
13108,373,1,350.06,1,1,2,4,Hibernating
13109,60,2,766.84,3,3,3,9,Regular
13110,31,7,1452.87,4,5,4,13,High Value
13113,1,24,10523.65,5,5,5,15,High Value
13115,12,4,2205.63,5,4,5,14,High Value
13116,138,1,485.19,2,1,3,6,Hibernating
13117,22,8,984.91,4,5,4,13,High Value
13118,20,5,1125.0,4,4,4,12,High Value
13120,239,1,30.6,1,1,1,3,Hibernating
13121,269,1,254.73,1,1,2,4,Hibernating
13122,94,2,922.39,2,3,4,9,At Risk
13124,90,3,3756.33,2,3,5,10,At Risk
13126,5,8,2056.29,5,5,5,15,High Value
13127,78,1,259.17,2,1,2,5,Hibernating
13130,94,1,64.0,2,1,1,4,Hibernating
13131,23,3,1039.3,4,3,4,11,Potential
13132,262,1,77.3,1,1,1,3,Hibernating
13133,274,2,109.8,1,3,1,5,Regular
13134,86,4,1740.63,2,4,4,10,At Risk
13135,197,1,3096.0,1,1,5,7,Hibernating
13136,56,5,2545.38,3,4,5,12,Loyal
13137,11,8,3603.29,5,5,5,15,High Value
13138,22,6,962.39,4,5,4,13,High Value
13139,16,7,5055.79,4,5,5,14,High Value
13140,108,3,422.47,2,3,2,7,Regular
13141,85,5,2385.8,2,4,5,11,At Risk
13142,19,1,307.09,4,1,2,7,New
13144,333,1,110.95,1,1,1,3,Hibernating
13145,40,4,614.77,3,4,3,10,Loyal
13146,26,1,228.91,4,1,1,6,New
13147,10,4,712.8,5,4,3,12,Loyal
13148,29,12,3324.62,4,5,5,14,High Value
13149,14,4,1676.06,4,4,4,12,High Value
13151,296,1,1250.37,1,1,4,6,Hibernating
13153,6,1,486.22,5,1,3,9,New
13155,33,4,971.76,3,4,4,11,Loyal
13157,49,4,1721.57,3,4,4,11,Loyal
13158,95,4,1201.06,2,4,4,10,At Risk
13159,9,4,1371.25,5,4,4,13,High Value
13160,22,1,91.8,4,1,1,6,New
13161,313,1,112.75,1,1,1,3,Hibernating
13162,122,4,1644.99,2,4,4,10,At Risk
13165,46,2,1021.48,3,3,4,10,Regular
13166,283,1,414.7,1,1,2,4,Hibernating
13167,19,4,779.33,4,4,3,11,Loyal
13168,36,4,1290.54,3,4,4,11,Loyal
13169,64,2,712.88,3,3,3,9,Regular
13170,27,1,108.81,4,1,1,6,New
13171,22,3,426.81,4,3,2,9,Potential
13173,4,2,353.65,5,3,2,10,Potential
13174,16,3,2738.82,4,3,5,12,Potential
13176,46,1,481.49,3,1,3,7,Regular
13177,65,1,282.45,3,1,2,6,Regular
13178,26,11,5725.47,4,5,5,14,High Value
13182,45,1,121.18,3,1,1,5,Regular
13183,8,9,3957.78,5,5,5,15,High Value
13184,15,10,1615.45,4,5,4,13,High Value
13185,268,1,71.4,1,1,1,3,Hibernating
13186,40,3,1539.69,3,3,4,10,Regular
13187,337,1,236.02,1,1,1,3,Hibernating
13188,11,1,114.6,5,1,1,7,New
13189,19,2,260.68,4,3,2,9,Potential
13192,95,2,911.94,2,3,4,9,At Risk
13193,61,1,112.08,3,1,1,5,Regular
13194,136,1,60.7,2,1,1,4,Hibernating
13196,11,4,1797.78,5,4,4,13,High Value
13198,10,6,3384.09,5,5,5,15,High Value
13199,4,37,9788.96,5,5,5,15,High Value
13200,19,4,870.09,4,4,3,11,Loyal
13203,10,4,869.46,5,4,3,12,Loyal
13207,15,2,250.26,4,3,2,9,Potential
13208,59,5,1193.17,3,4,4,11,Loyal
13209,30,8,5820.16,4,5,5,14,High Value
13210,94,1,353.48,2,1,2,5,Hibernating
13211,10,3,1095.42,5,3,4,12,Potential
13212,20,3,779.33,4,3,3,10,Potential
13213,57,5,1518.43,3,4,4,11,Loyal
13216,268,1,333.74,1,1,2,4,Hibernating
13217,122,3,133.62,2,3,1,6,Regular
13218,127,1,62.64,2,1,1,4,Hibernating
13220,78,4,819.29,2,4,3,9,At Risk
13221,240,2,844.86,1,3,3,7,At Risk
13223,200,2,163.2,1,3,1,5,Regular
13224,60,2,2147.85,3,3,5,11,Regular
13225,3,7,6083.04,5,5,5,15,High Value
13226,273,1,108.21,1,1,1,3,Hibernating
13227,202,1,257.7,1,1,2,4,Hibernating
13228,81,1,358.0,2,1,2,5,Hibernating
13229,226,1,160.95,1,1,1,3,Hibernating
13230,4,14,2712.07,5,5,5,15,High Value
13232,13,7,1327.75,5,5,4,14,High Value
13233,74,2,605.12,2,3,3,8,At Risk
13235,212,1,1031.07,1,1,4,6,Hibernating
13236,25,2,727.27,4,3,3,10,Potential
13238,17,4,680.83,4,4,3,11,Loyal
13239,262,1,329.56,1,1,2,4,Hibernating
13240,96,4,648.7,2,4,3,9,At Risk
13242,112,3,270.4,2,3,2,7,Regular
13243,203,1,585.12,1,1,3,5,Hibernating
13244,93,1,121.74,2,1,1,4,Hibernating
13245,51,1,430.5,3,1,2,6,Regular
13246,18,6,1896.32,4,5,4,13,High Value
13247,18,4,501.12,4,4,3,11,Loyal
13248,125,2,465.68,2,3,2,7,Regular
13249,92,3,711.41,2,3,3,8,At Risk
13253,157,2,1030.4,2,3,4,9,At Risk
13255,9,2,390.66,5,3,2,10,Potential
13258,12,3,672.83,5,3,3,11,Potential
13259,62,1,283.18,3,1,2,6,Regular
13260,61,1,557.62,3,1,3,7,Regular
13261,269,2,944.1,1,3,4,8,At Risk
13262,263,1,200.29,1,1,1,3,Hibernating
13263,1,34,7411.71,5,5,5,15,High Value
13265,53,5,2092.66,3,4,5,12,Loyal
13266,11,12,3717.67,5,5,5,15,High Value
13267,3,19,4404.44,5,5,5,15,High Value
13268,18,10,3105.66,4,5,5,14,High Value
13269,1,15,5312.97,5,5,5,15,High Value
13270,366,1,590.0,1,1,3,5,Hibernating
13271,37,1,172.37,3,1,1,5,Regular
13272,31,2,276.56,4,3,2,9,Potential
13273,113,1,138.98,2,1,1,4,Hibernating
13276,64,2,590.93,3,3,3,9,Regular
13277,16,4,258.4,4,4,2,10,Loyal
13278,41,1,542.73,3,1,3,7,Regular
13279,78,1,126.3,2,1,1,4,Hibernating
13280,122,3,798.46,2,3,3,8,At Risk
13282,18,3,1047.84,4,3,4,11,Potential
13283,60,2,93.66,3,3,1,7,Regular
13284,331,1,196.15,1,1,1,3,Hibernating
13285,23,4,2709.12,4,4,5,13,High Value
13291,156,1,361.11,2,1,2,5,Hibernating
13292,39,2,578.94,3,3,3,9,Regular
13294,190,2,873.74,1,3,3,7,At Risk
13295,360,1,197.95,1,1,1,3,Hibernating
13296,137,1,87.4,2,1,1,4,Hibernating
13297,8,4,2089.85,5,4,5,14,High Value
13298,1,1,360.0,5,1,2,8,New
13299,268,1,142.5,1,1,1,3,Hibernating
13300,169,1,365.29,2,1,2,5,Hibernating
13301,104,4,600.19,2,4,3,9,At Risk
13302,155,1,63.75,2,1,1,4,Hibernating
13304,351,1,300.42,1,1,2,4,Hibernating
13305,4,10,2000.86,5,5,5,15,High Value
13307,120,1,15.0,2,1,1,4,Hibernating
13308,23,3,1367.61,4,3,4,11,Potential
13309,7,5,1456.79,5,4,4,13,High Value
13310,28,3,1083.63,4,3,4,11,Potential
13311,4,2,598.57,5,3,3,11,Potential
13313,22,5,1555.32,4,4,4,12,High Value
13314,2,3,593.51,5,3,3,11,Potential
13316,37,4,5732.93,3,4,5,12,Loyal
13317,66,6,2140.07,3,5,5,13,Loyal
13318,1,3,640.76,5,3,3,11,Potential
13319,5,26,10664.34,5,5,5,15,High Value
13320,78,4,1475.2,2,4,4,10,At Risk
13321,72,2,567.36,2,3,3,8,At Risk
13322,17,1,199.48,4,1,1,6,New
13323,3,5,787.85,5,4,3,12,Loyal
13324,36,10,7072.8,3,5,5,13,Loyal
13325,82,1,675.3,2,1,3,6,Hibernating
13327,39,8,3617.57,3,5,5,13,Loyal
13328,316,1,1308.48,1,1,4,6,Hibernating
13329,32,2,740.4,4,3,3,10,Potential
13330,93,3,1140.93,2,3,4,9,At Risk
13332,14,1,350.9,4,1,2,7,New
13334,82,3,3502.32,2,3,5,10,At Risk
13336,77,1,795.12,2,1,3,6,Hibernating
13338,158,1,381.82,2,1,2,5,Hibernating
13339,201,1,860.12,1,1,3,5,Hibernating
13340,45,7,10736.48,3,5,5,13,Loyal
13341,261,1,775.85,1,1,3,5,Hibernating
13343,178,1,253.93,2,1,2,5,Hibernating
13344,68,3,2511.69,3,3,5,11,Regular
13345,288,1,327.6,1,1,2,4,Hibernating
13347,70,1,291.36,3,1,2,6,Regular
13348,64,1,233.76,3,1,1,5,Regular
13349,11,1,197.32,5,1,1,7,New
13350,16,2,810.72,4,3,3,10,Potential
13351,66,1,323.94,3,1,2,6,Regular
13352,60,1,339.28,3,1,2,6,Regular
13354,71,1,743.53,3,1,3,7,Regular
13355,122,1,674.7,2,1,3,6,Hibernating
13356,80,1,768.24,2,1,3,6,Hibernating
13357,257,1,609.4,1,1,3,5,Hibernating
13358,269,1,389.03,1,1,2,4,Hibernating
13359,64,1,381.26,3,1,2,6,Regular
13362,9,4,3085.49,5,4,5,14,High Value
13363,18,2,892.5,4,3,3,10,Potential
13365,34,2,2191.22,3,3,5,11,Regular
13366,50,1,56.16,3,1,1,5,Regular
13368,257,2,573.4,1,3,3,7,At Risk
13369,366,1,213.75,1,1,1,3,Hibernating
13370,372,1,721.32,1,1,3,5,Hibernating
13372,90,1,328.64,2,1,2,5,Hibernating
13373,61,3,3312.25,3,3,5,11,Regular
13375,89,1,772.9,2,1,3,6,Hibernating
13376,99,3,869.76,2,3,3,8,At Risk
13379,26,3,572.56,4,3,3,10,Potential
13381,32,6,3626.81,4,5,5,14,High Value
13382,281,1,222.99,1,1,1,3,Hibernating
13384,31,7,4122.28,4,5,5,14,High Value
13385,330,1,534.57,1,1,3,5,Hibernating
13388,131,2,627.15,2,3,3,8,At Risk
13389,11,3,797.96,5,3,3,11,Potential
13390,75,1,544.08,2,1,3,6,Hibernating
13391,204,1,59.8,1,1,1,3,Hibernating
13394,2,8,2318.3,5,5,5,15,High Value
13395,185,1,307.72,1,1,2,4,Hibernating
13396,29,2,1325.29,4,3,4,11,Potential
13397,73,5,1539.18,2,4,4,10,At Risk
13398,192,1,457.34,1,1,2,4,Hibernating
13402,127,2,621.23,2,3,3,8,At Risk
13403,18,1,75.0,4,1,1,6,New
13404,1,2,252.49,5,3,2,10,Potential
13405,204,2,557.45,1,3,3,7,At Risk
13408,2,62,27888.38,5,5,5,15,High Value
13410,24,5,988.91,4,4,4,12,High Value
13411,107,1,213.55,2,1,1,4,Hibernating
13414,134,3,1390.5,2,3,4,9,At Risk
13416,44,2,712.5,3,3,3,9,Regular
13417,5,2,640.83,5,3,3,11,Potential
13418,12,18,5845.44,5,5,5,15,High Value
13419,64,1,221.06,3,1,1,5,Regular
13420,150,2,140.35,2,3,1,6,Regular
13421,40,2,1821.11,3,3,4,10,Regular
13422,64,1,2601.55,3,1,5,9,Regular
13425,108,3,1624.21,2,3,4,9,At Risk
13426,1,10,3558.32,5,5,5,15,High Value
13427,19,3,582.6,4,3,3,10,Potential
13428,10,1,201.78,5,1,1,7,New
13429,11,4,1006.8,5,4,4,13,High Value
13430,19,2,652.07,4,3,3,10,Potential
13431,67,2,1269.1,3,3,4,10,Regular
13434,74,2,534.24,2,3,3,8,At Risk
13435,5,7,3794.49,5,5,5,15,High Value
13436,2,1,196.89,5,1,1,7,New
13437,14,7,3408.06,4,5,5,14,High Value
13439,255,1,283.71,1,1,2,4,Hibernating
13441,92,1,296.64,2,1,2,5,Hibernating
13447,23,3,1104.23,4,3,4,11,Potential
13448,17,6,3460.99,4,5,5,14,High Value
13449,24,1,291.88,4,1,2,7,New
13450,27,6,2043.72,4,5,5,14,High Value
13451,26,5,2838.56,4,4,5,13,High Value
13452,259,2,590.0,1,3,3,7,At Risk
13453,166,2,356.98,2,3,2,7,Regular
13455,25,2,1007.35,4,3,4,11,Potential
13456,18,6,1737.82,4,5,4,13,High Value
13458,7,14,9537.92,5,5,5,15,High Value
13460,29,2,183.44,4,3,1,8,Potential
13461,39,3,1445.0,3,3,4,10,Regular
13462,253,1,143.25,1,1,1,3,Hibernating
13464,58,1,674.68,3,1,3,7,Regular
13466,184,1,297.95,1,1,2,4,Hibernating
13467,11,2,1071.91,5,3,4,12,Potential
13468,2,37,5656.75,5,5,5,15,High Value
13470,99,2,165.0,2,3,1,6,Regular
13471,1,4,2501.84,5,4,5,14,High Value
13473,61,2,417.54,3,3,2,8,Regular
13474,236,1,226.84,1,1,1,3,Hibernating
13475,191,4,1431.78,1,4,4,9,At Risk
13476,179,2,1092.77,2,3,4,9,At Risk
13477,38,6,1441.53,3,5,4,12,Loyal
13479,201,2,291.0,1,3,2,6,Regular
13481,46,5,1776.81,3,4,4,11,Loyal
13482,232,1,184.64,1,1,1,3,Hibernating
13483,66,1,140.34,3,1,1,5,Regular
13484,241,1,313.8,1,1,2,4,Hibernating
13485,233,1,454.24,1,1,2,4,Hibernating
13486,78,3,1122.41,2,3,4,9,At Risk
13487,58,3,575.4,3,3,3,9,Regular
13488,17,13,8910.61,4,5,5,14,High Value
13489,105,4,449.52,2,4,2,8,Regular
13491,52,10,1215.82,3,5,4,12,Loyal
13492,136,3,1269.84,2,3,4,9,At Risk
13493,275,2,498.63,1,3,3,7,At Risk
13494,312,1,316.26,1,1,2,4,Hibernating
13495,8,5,1990.12,5,4,4,13,High Value
13496,11,2,617.93,5,3,3,11,Potential
13497,283,2,321.05,1,3,2,6,Regular
13499,18,5,1146.96,4,4,4,12,High Value
13500,23,3,1136.77,4,3,4,11,Potential
13501,288,1,1310.47,1,1,4,6,Hibernating
13502,17,3,292.0,4,3,2,9,Potential
13503,71,1,216.85,3,1,1,5,Regular
13504,64,1,295.93,3,1,2,6,Regular
13505,73,4,3522.88,2,4,5,11,At Risk
13506,316,2,452.82,1,3,2,6,Regular
13507,3,4,2479.16,5,4,5,14,High Value
13508,244,1,110.97,1,1,1,3,Hibernating
13509,9,6,964.72,5,5,4,14,High Value
13510,1,4,1785.16,5,4,4,13,High Value
13512,261,1,251.21,1,1,2,4,Hibernating
13513,127,1,205.1,2,1,1,4,Hibernating
13514,74,1,152.2,2,1,1,4,Hibernating
13515,73,4,891.12,2,4,3,9,At Risk
13516,21,3,1389.41,4,3,4,11,Potential
13517,60,3,2109.07,3,3,5,11,Regular
13518,86,1,627.16,2,1,3,6,Hibernating
13519,78,1,110.8,2,1,1,4,Hibernating
13520,59,6,2967.75,3,5,5,13,Loyal
13521,1,3,1070.47,5,3,4,12,Potential
13522,30,1,125.8,4,1,1,6,New
13523,33,5,3755.38,3,4,5,12,Loyal
13524,41,5,680.18,3,4,3,10,Loyal
13525,15,2,628.78,4,3,3,10,Potential
13527,34,7,2218.61,3,5,5,13,Loyal
13529,79,2,307.76,2,3,2,7,Regular
13531,205,2,483.8,1,3,3,7,At Risk
13532,34,1,210.31,3,1,1,5,Regular
13533,183,3,269.09,1,3,2,6,Regular
13534,2,25,5613.08,5,5,5,15,High Value
13536,1,7,3444.39,5,5,5,15,High Value
13538,43,7,1280.85,3,5,4,12,Loyal
13539,86,3,605.84,2,3,3,8,At Risk
13544,40,2,276.06,3,3,2,8,Regular
13546,12,3,621.09,5,3,3,11,Potential
13548,96,2,678.16,2,3,3,8,At Risk
13549,26,7,916.12,4,5,4,13,High Value
13551,319,1,91.8,1,1,1,3,Hibernating
13552,66,12,3539.53,3,5,5,13,Loyal
13555,74,4,4098.88,2,4,5,11,At Risk
13557,28,2,584.06,4,3,3,10,Potential
13558,6,4,594.52,5,4,3,12,Loyal
13560,7,1,171.42,5,1,1,7,New
13561,216,1,141.86,1,1,1,3,Hibernating
13562,82,3,1799.33,2,3,4,9,At Risk
13563,84,2,777.53,2,3,3,8,At Risk
13564,354,2,1174.03,1,3,4,8,At Risk
13565,19,2,240.22,4,3,1,8,Potential
13566,41,2,856.84,3,3,3,9,Regular
13568,173,1,187.05,2,1,1,4,Hibernating
13569,17,2,337.12,4,3,2,9,Potential
13570,243,1,239.49,1,1,1,3,Hibernating
13571,13,12,2088.94,5,5,5,15,High Value
13572,206,1,1384.25,1,1,4,6,Hibernating
13573,50,2,290.25,3,3,2,8,Regular
13575,23,5,732.07,4,4,3,11,Loyal
13576,10,18,6703.3,5,5,5,15,High Value
13577,25,4,1658.3,4,4,4,12,High Value
13579,15,2,467.04,4,3,2,9,Potential
13581,309,1,118.0,1,1,1,3,Hibernating
13583,156,1,781.03,2,1,3,6,Hibernating
13584,307,1,142.4,1,1,1,3,Hibernating
13587,64,1,347.0,3,1,2,6,Regular
13588,16,9,2449.53,4,5,5,14,High Value
13589,15,2,379.65,4,3,2,9,Potential
13590,11,6,1976.12,5,5,4,14,High Value
13591,65,3,1117.13,3,3,4,10,Regular
13592,36,4,247.96,3,4,2,9,Loyal
13593,108,5,1965.08,2,4,4,10,At Risk
13594,53,1,396.97,3,1,2,6,Regular
13596,6,2,664.11,5,3,3,11,Potential
13598,47,1,147.29,3,1,1,5,Regular
13599,1,21,5028.57,5,5,5,15,High Value
13600,312,1,219.52,1,1,1,3,Hibernating
13601,45,2,693.32,3,3,3,9,Regular
13602,65,1,428.89,3,1,2,6,Regular
13603,26,1,164.34,4,1,1,6,New
13606,29,3,276.75,4,3,2,9,Potential
13607,40,1,675.51,3,1,3,7,Regular
13610,12,7,1065.88,5,5,4,14,High Value
13611,89,3,1140.8,2,3,4,9,At Risk
13614,24,4,1585.46,4,4,4,12,High Value
13615,319,1,399.99,1,1,2,4,Hibernating
13617,40,3,544.18,3,3,3,9,Regular
13618,174,1,177.34,2,1,1,4,Hibernating
13621,117,1,213.85,2,1,1,4,Hibernating
13623,31,5,696.2,4,4,3,11,Loyal
13626,253,1,257.23,1,1,2,4,Hibernating
13627,59,5,1624.02,3,4,4,11,Loyal
13629,23,11,7792.36,4,5,5,14,High Value
13630,5,7,1995.68,5,5,4,14,High Value
13631,100,11,3021.77,2,5,5,12,At Risk
13632,25,5,2114.68,4,4,5,13,High Value
13634,33,5,1547.36,3,4,4,11,Loyal
13635,68,1,1071.03,3,1,4,8,Regular
13636,37,5,941.62,3,4,4,11,Loyal
13637,52,3,803.05,3,3,3,9,Regular
13638,16,1,122.64,4,1,1,6,New
13639,74,1,1033.34,2,1,4,7,Hibernating
13642,216,1,312.28,1,1,2,4,Hibernating
13643,31,3,519.44,4,3,3,10,Potential
13644,16,4,2597.52,4,4,5,13,High Value
13645,120,1,252.1,2,1,2,5,Hibernating
13647,10,4,1640.22,5,4,4,13,High Value
13649,257,2,346.6,1,3,2,6,Regular
13650,17,6,1809.34,4,5,4,13,High Value
13651,40,1,79.2,3,1,1,5,Regular
13652,46,3,1095.08,3,3,4,10,Regular
13654,43,6,2707.33,3,5,5,13,Loyal
13655,114,2,932.97,2,3,4,9,At Risk
13656,165,2,379.65,2,3,2,7,Regular
13657,11,2,382.14,5,3,2,10,Potential
13658,10,5,2421.47,5,4,5,14,High Value
13659,206,2,1540.65,1,3,4,8,At Risk
13662,86,3,862.58,2,3,3,8,At Risk
13663,179,1,189.47,2,1,1,4,Hibernating
13666,60,3,84.65,3,3,1,7,Regular
13667,149,1,299.05,2,1,2,5,Hibernating
13668,3,21,6162.31,5,5,5,15,High Value
13669,51,2,218.55,3,3,1,7,Regular
13670,75,1,349.7,2,1,2,5,Hibernating
13673,19,2,387.44,4,3,2,9,Potential
13675,151,2,486.82,2,3,3,8,At Risk
13678,152,1,232.6,2,1,1,4,Hibernating
13680,1,4,2199.01,5,4,5,14,High Value
13681,18,4,827.83,4,4,3,11,Loyal
13682,187,1,59.5,1,1,1,3,Hibernating
13684,286,1,62.13,1,1,1,3,Hibernating
13685,3,7,3119.44,5,5,5,15,High Value
13686,183,1,72.0,1,1,1,3,Hibernating
13689,63,1,910.0,3,1,4,8,Regular
13690,59,1,172.25,3,1,1,5,Regular
13692,25,3,1473.37,4,3,4,11,Potential
13694,4,50,62961.54,5,5,5,15,High Value
13695,31,15,2504.13,4,5,5,14,High Value
13697,39,1,151.3,3,1,1,5,Regular
13699,155,1,308.58,2,1,2,5,Hibernating
13700,26,10,2248.63,4,5,5,14,High Value
13703,318,1,99.5,1,1,1,3,Hibernating
13704,5,9,2295.31,5,5,5,15,High Value
13705,8,3,711.86,5,3,3,11,Potential
13706,303,1,330.79,1,1,2,4,Hibernating
13707,267,2,806.41,1,3,3,7,At Risk
13708,271,1,283.33,1,1,2,4,Hibernating
13709,4,13,6228.71,5,5,5,15,High Value
13710,32,1,180.48,4,1,1,6,New
13711,219,2,252.06,1,3,2,6,Regular
13712,247,1,228.84,1,1,1,3,Hibernating
13715,281,5,1051.99,1,4,4,9,At Risk
13716,269,1,138.28,1,1,1,3,Hibernating
13717,32,6,1432.26,4,5,4,13,High Value
13718,246,2,306.55,1,3,2,6,Regular
13719,15,5,1041.68,4,4,4,12,High Value
13720,117,4,799.9,2,4,3,9,At Risk
13721,36,1,524.14,3,1,3,7,Regular
13722,132,3,2369.16,2,3,5,10,At Risk
13723,217,1,199.85,1,1,1,3,Hibernating
13725,50,8,1809.81,3,5,4,12,Loyal
13726,39,2,1079.66,3,3,4,10,Regular
13727,29,2,333.48,4,3,2,9,Potential
13728,37,6,1016.14,3,5,4,12,Loyal
13730,136,2,752.6,2,3,3,8,At Risk
13731,219,2,610.59,1,3,3,7,At Risk
13732,28,1,491.86,4,1,3,8,New
13735,25,4,2764.48,4,4,5,13,High Value
13736,5,2,721.9,5,3,3,11,Potential
13737,200,1,339.6,1,1,2,4,Hibernating
13739,18,1,216.9,4,1,1,6,New
13740,241,1,350.75,1,1,2,4,Hibernating
13741,72,3,666.33,2,3,3,8,At Risk
13742,17,12,3079.27,4,5,5,14,High Value
13743,3,7,1340.15,5,5,4,14,High Value
13744,95,2,1080.52,2,3,4,9,At Risk
13745,162,1,291.54,2,1,2,5,Hibernating
13747,374,1,79.6,1,1,1,3,Hibernating
13748,96,5,948.25,2,4,4,10,At Risk
13750,54,5,1647.26,3,4,4,11,Loyal
13751,288,1,296.25,1,1,2,4,Hibernating
13752,124,6,1175.38,2,5,4,11,At Risk
13753,288,1,741.26,1,1,3,5,Hibernating
13754,152,2,282.6,2,3,2,7,Regular
13755,4,9,2101.39,5,5,5,15,High Value
13756,2,14,5145.12,5,5,5,15,High Value
13758,12,7,3190.55,5,5,5,15,High Value
13759,33,2,659.41,3,3,3,9,Regular
13760,54,2,286.79,3,3,2,8,Regular
13761,50,2,1070.65,3,3,4,10,Regular
13763,63,1,1689.46,3,1,4,8,Regular
13764,71,3,1516.42,3,3,4,10,Regular
13767,2,37,16945.71,5,5,5,15,High Value
13769,2,10,2771.87,5,5,5,15,High Value
13771,64,4,2631.7,3,4,5,12,Loyal
13772,34,3,1122.63,3,3,4,10,Regular
13774,82,1,345.0,2,1,2,5,Hibernating
13777,1,33,25758.1,5,5,5,15,High Value
13778,103,1,178.7,2,1,1,4,Hibernating
13780,7,2,360.01,5,3,2,10,Potential
13781,251,1,127.84,1,1,1,3,Hibernating
13782,13,6,908.86,5,5,3,13,Loyal
13784,10,11,2462.79,5,5,5,15,High Value
13786,367,1,230.4,1,1,1,3,Hibernating
13787,76,2,309.04,2,3,2,7,Regular
13790,4,1,348.8,5,1,2,8,New
13791,128,2,1047.68,2,3,4,9,At Risk
13792,66,2,195.55,3,3,1,7,Regular
13798,1,57,36352.87,5,5,5,15,High Value
13799,117,2,688.86,2,3,3,8,At Risk
13800,310,1,558.32,1,1,3,5,Hibernating
13801,67,1,324.8,3,1,2,6,Regular
13802,139,3,3906.27,2,3,5,10,At Risk
13803,255,1,277.07,1,1,2,4,Hibernating
13804,31,7,2588.39,4,5,5,14,High Value
13805,52,2,924.6,3,3,4,10,Regular
13806,64,1,256.38,3,1,2,6,Regular
13807,367,1,112.6,1,1,1,3,Hibernating
13808,6,5,1747.66,5,4,4,13,High Value
13809,305,1,155.05,1,1,1,3,Hibernating
13810,29,2,827.51,4,3,3,10,Potential
13811,184,2,519.75,1,3,3,7,At Risk
13812,42,3,485.0,3,3,3,9,Regular
13813,40,4,1155.41,3,4,4,11,Loyal
13814,92,2,1562.12,2,3,4,9,At Risk
13815,22,4,3654.91,4,4,5,13,High Value
13816,24,2,483.04,4,3,3,10,Potential
13817,29,2,328.98,4,3,2,9,Potential
13819,302,3,1140.35,1,3,4,8,At Risk
13821,145,2,385.64,2,3,2,7,Regular
13822,6,2,632.0,5,3,3,11,Potential
13823,19,2,957.66,4,3,4,11,Potential
13824,33,5,1698.94,3,4,4,11,Loyal
13826,176,1,179.55,2,1,1,4,Hibernating
13827,58,3,409.8,3,3,2,8,Regular
13828,22,1,209.49,4,1,1,6,New
13831,16,6,2198.45,4,5,5,14,High Value
13832,19,1,40.95,4,1,1,6,New
13833,159,1,383.85,2,1,2,5,Hibernating
13835,25,4,834.57,4,4,3,11,Loyal
13837,212,2,266.59,1,3,2,6,Regular
13838,6,4,674.82,5,4,3,12,Loyal
13841,253,1,85.0,1,1,1,3,Hibernating
13842,59,9,3385.62,3,5,5,13,Loyal
13844,11,1,361.62,5,1,2,8,New
13845,65,1,312.98,3,1,2,6,Regular
13846,25,3,847.61,4,3,3,10,Potential
13848,92,3,1255.0,2,3,4,9,At Risk
13849,52,2,1537.95,3,3,4,10,Regular
13850,129,1,1586.81,2,1,4,7,Hibernating
13851,96,3,2651.46,2,3,5,10,At Risk
13853,57,1,1056.94,3,1,4,8,Regular
13854,9,25,8025.02,5,5,5,15,High Value
13856,169,3,363.4,2,3,2,7,Regular
13858,57,1,216.17,3,1,1,5,Regular
13859,326,1,201.16,1,1,1,3,Hibernating
13860,1,5,1240.0,5,4,4,13,High Value
13862,18,8,2187.31,4,5,5,14,High Value
13863,248,1,299.56,1,1,2,4,Hibernating
13865,58,4,501.56,3,4,3,10,Loyal
13866,74,1,145.67,2,1,1,4,Hibernating
13867,31,3,1005.09,4,3,4,11,Potential
13868,7,2,3192.54,5,3,5,13,Potential
13869,123,4,3083.65,2,4,5,11,At Risk
13870,2,8,2751.25,5,5,5,15,High Value
13871,23,13,6389.8,4,5,5,14,High Value
13873,120,3,381.7,2,3,2,7,Regular
13874,358,1,540.45,1,1,3,5,Hibernating
13875,54,5,1786.79,3,4,4,11,Loyal
13876,64,1,122.7,3,1,1,5,Regular
13877,86,1,117.24,2,1,1,4,Hibernating
13878,55,1,1271.57,3,1,4,8,Regular
13880,21,13,3219.77,4,5,5,14,High Value
13881,4,20,16989.52,5,5,5,15,High Value
13882,3,5,1131.28,5,4,4,13,High Value
13883,11,5,2542.25,5,4,5,14,High Value
13884,7,5,781.3,5,4,3,12,Loyal
13885,189,2,506.8,1,3,3,7,At Risk
13886,71,1,243.56,3,1,2,6,Regular
13887,204,1,349.55,1,1,2,4,Hibernating
13888,120,2,595.67,2,3,3,8,At Risk
13889,93,1,416.9,2,1,2,5,Hibernating
13890,1,10,1860.86,5,5,4,14,High Value
13892,27,4,632.97,4,4,3,11,Loyal
13893,298,1,821.1,1,1,3,5,Hibernating
13894,24,3,535.97,4,3,3,10,Potential
13895,28,4,2588.12,4,4,5,13,High Value
13897,50,1,311.16,3,1,2,6,Regular
13898,326,1,155.93,1,1,1,3,Hibernating
13899,16,2,388.52,4,3,2,9,Potential
13900,183,3,740.95,1,3,3,7,At Risk
13901,72,5,2867.2,2,4,5,11,At Risk
13904,37,2,332.64,3,3,2,8,Regular
13908,80,4,2297.05,2,4,5,11,At Risk
13911,57,9,2580.91,3,5,5,13,Loyal
13914,12,2,613.95,5,3,3,11,Potential
13917,50,2,272.04,3,3,2,8,Regular
13918,50,2,1212.84,3,3,4,10,Regular
13919,59,2,314.16,3,3,2,8,Regular
13922,352,1,172.25,1,1,1,3,Hibernating
13923,54,1,351.13,3,1,2,6,Regular
13924,2,6,1682.08,5,5,4,14,High Value
13925,93,4,616.65,2,4,3,9,At Risk
13926,23,1,223.85,4,1,1,6,New
13927,75,1,348.99,2,1,2,5,Hibernating
13928,11,4,464.57,5,4,2,11,Loyal
13929,169,2,802.85,2,3,3,8,At Risk
13930,58,2,337.34,3,3,2,8,Regular
13931,96,2,1230.93,2,3,4,9,At Risk
13932,295,1,307.4,1,1,2,4,Hibernating
13933,109,2,608.79,2,3,3,8,At Risk
13934,264,1,922.1,1,1,4,6,Hibernating
13936,180,1,361.28,1,1,2,4,Hibernating
13937,169,1,158.85,2,1,1,4,Hibernating
13938,35,1,71.66,3,1,1,5,Regular
13939,23,3,556.75,4,3,3,10,Potential
13940,17,4,839.14,4,4,3,11,Loyal
13941,22,5,4912.41,4,4,5,13,High Value
13946,79,3,561.57,2,3,3,8,At Risk
13947,65,1,90.6,3,1,1,5,Regular
13948,361,1,102.0,1,1,1,3,Hibernating
13949,3,6,2427.32,5,5,5,15,High Value
13950,11,4,728.56,5,4,3,12,Loyal
13951,176,3,674.45,2,3,3,8,At Risk
13952,218,2,3246.09,1,3,5,9,At Risk
13953,7,7,3515.68,5,5,5,15,High Value
13954,2,2,378.59,5,3,2,10,Potential
13955,154,2,322.96,2,3,2,7,Regular
13956,5,5,1019.27,5,4,4,13,High Value
13959,79,3,594.04,2,3,3,8,At Risk
13960,21,2,230.22,4,3,1,8,Potential
13962,22,2,169.55,4,3,1,8,Potential
13963,308,4,664.54,1,4,3,8,At Risk
13967,146,1,80.7,2,1,1,4,Hibernating
13969,7,18,8956.92,5,5,5,15,High Value
13971,19,8,2702.22,4,5,5,14,High Value
13972,71,2,190.25,3,3,1,7,Regular
13973,287,1,264.7,1,1,2,4,Hibernating
13974,49,1,413.59,3,1,2,6,Regular
13975,31,6,2438.19,4,5,5,14,High Value
13976,207,1,357.98,1,1,2,4,Hibernating
13978,15,2,196.79,4,3,1,8,Potential
13979,73,1,869.87,2,1,3,6,Hibernating
13980,60,1,200.14,3,1,1,5,Regular
13982,39,4,1861.11,3,4,4,11,Loyal
13983,30,12,2590.46,4,5,5,14,High Value
13984,27,5,488.03,4,4,3,11,Loyal
13985,4,15,7024.53,5,5,5,15,High Value
13986,17,1,320.46,4,1,2,7,New
13988,20,6,4098.8,4,5,5,14,High Value
13989,66,2,1266.08,3,3,4,10,Regular
13990,213,1,311.3,1,1,2,4,Hibernating
13991,12,6,846.54,5,5,3,13,Loyal
13992,30,1,76.8,4,1,1,6,New
13993,43,9,3409.66,3,5,5,13,Loyal
13994,4,6,2274.14,5,5,5,15,High Value
13995,15,5,1383.49,4,4,4,12,High Value
13999,10,12,3865.26,5,5,5,15,High Value
14000,211,1,633.71,1,1,3,5,Hibernating
14001,46,3,2043.08,3,3,5,11,Regular
14002,134,2,529.73,2,3,3,8,At Risk
14004,43,7,4582.64,3,5,5,13,Loyal
14005,10,5,2874.72,5,4,5,14,High Value
14006,116,3,962.19,2,3,4,9,At Risk
14009,198,2,685.93,1,3,3,7,At Risk
14012,278,1,328.8,1,1,2,4,Hibernating
14013,110,3,473.02,2,3,3,8,At Risk
14014,77,1,505.18,2,1,3,6,Hibernating
14015,53,1,917.34,3,1,4,8,Regular
14016,162,4,4278.46,2,4,5,11,At Risk
14019,47,3,1398.96,3,3,4,10,Regular
14020,17,2,642.8,4,3,3,10,Potential
14021,155,3,631.9,2,3,3,8,At Risk
14022,225,1,440.0,1,1,2,4,Hibernating
14023,7,2,584.07,5,3,3,11,Potential
14024,122,2,327.7,2,3,2,7,Regular
14027,61,1,104.82,3,1,1,5,Regular
14029,63,2,467.66,3,3,2,8,Regular
14030,18,8,2358.84,4,5,5,14,High Value
14031,7,19,14698.91,5,5,5,15,High Value
14032,2,11,2929.84,5,5,5,15,High Value
14034,22,3,509.09,4,3,3,10,Potential
14035,29,5,1428.02,4,4,4,12,High Value
14036,285,1,626.65,1,1,3,5,Hibernating
14037,176,2,147.2,2,3,1,6,Regular
14038,78,3,1554.48,2,3,4,9,At Risk
14039,33,1,152.2,3,1,1,5,Regular
14040,41,12,3491.64,3,5,5,13,Loyal
14041,266,1,141.41,1,1,1,3,Hibernating
14044,27,4,646.42,4,4,3,11,Loyal
14045,109,4,1659.75,2,4,4,10,At Risk
14046,284,1,151.59,1,1,1,3,Hibernating
14047,9,5,1290.01,5,4,4,13,High Value
14048,305,1,375.13,1,1,2,4,Hibernating
14049,17,4,5536.15,4,4,5,13,High Value
14050,32,2,746.36,4,3,3,10,Potential
14051,1,23,15477.34,5,5,5,15,High Value
14052,20,1,225.36,4,1,1,6,New
14053,124,2,260.25,2,3,2,7,Regular
14054,65,1,92.46,3,1,1,5,Regular
14055,106,1,725.64,2,1,3,6,Hibernating
14056,1,23,8063.3,5,5,5,15,High Value
14057,24,17,6141.1,4,5,5,14,High Value
14059,267,1,183.6,1,1,1,3,Hibernating
14060,5,19,6135.38,5,5,5,15,High Value
14062,10,12,10464.85,5,5,5,15,High Value
14064,29,5,1168.92,4,4,4,12,High Value
14066,267,1,152.55,1,1,1,3,Hibernating
14067,64,2,374.7,3,3,2,8,Regular
14068,320,1,265.85,1,1,2,4,Hibernating
14071,4,8,1291.34,5,5,4,14,High Value
14073,32,1,139.54,4,1,1,6,New
14075,5,3,942.26,5,3,4,12,Potential
14076,129,1,118.67,2,1,1,4,Hibernating
14077,41,5,499.42,3,4,3,10,Loyal
14078,102,6,1049.37,2,5,4,11,At Risk
14079,125,1,375.1,2,1,2,5,Hibernating
14080,33,1,45.6,3,1,1,5,Regular
14081,302,2,891.77,1,3,3,7,At Risk
14082,365,1,182.25,1,1,1,3,Hibernating
14083,4,9,1002.9,5,5,4,14,High Value
14085,2,18,4408.54,5,5,5,15,High Value
14087,3,1,178.72,5,1,1,7,New
14088,10,13,50415.49,5,5,5,15,High Value
14089,57,1,158.75,3,1,1,5,Regular
14090,325,1,76.32,1,1,1,3,Hibernating
14092,8,14,4063.1,5,5,5,15,High Value
14093,12,1,433.86,5,1,2,8,New
14096,4,17,53258.43,5,5,5,15,High Value
14098,37,1,147.35,3,1,1,5,Regular
14099,16,11,3092.97,4,5,5,14,High Value
14100,138,1,191.95,2,1,1,4,Hibernating
14101,74,6,5976.79,2,5,5,12,At Risk
14102,5,5,1060.33,5,4,4,13,High Value
14104,155,2,216.21,2,3,1,6,Regular
14105,239,1,1260.33,1,1,4,6,Hibernating
14107,52,7,2688.48,3,5,5,13,Loyal
14108,31,2,594.16,4,3,3,10,Potential
14109,73,1,80.2,2,1,1,4,Hibernating
14110,4,12,5669.65,5,5,5,15,High Value
14111,14,4,688.6,4,4,3,11,Loyal
14112,23,7,2774.17,4,5,5,14,High Value
14113,4,4,1377.92,5,4,4,13,High Value
14114,274,2,386.53,1,3,2,6,Regular
14116,20,5,1382.74,4,4,4,12,High Value
14117,144,1,90.0,2,1,1,4,Hibernating
14121,4,4,2740.3,5,4,5,14,High Value
14124,84,1,419.58,2,1,2,5,Hibernating
14125,11,3,2720.63,5,3,5,13,Potential
14126,8,3,643.63,5,3,3,11,Potential
14127,123,3,709.71,2,3,3,8,At Risk
14128,61,2,637.5,3,3,3,9,Regular
14129,2,5,1123.86,5,4,4,13,High Value
14130,319,1,480.91,1,1,3,5,Hibernating
14132,2,11,3580.13,5,5,5,15,High Value
14133,130,3,590.34,2,3,3,8,At Risk
14135,2,15,4690.31,5,5,5,15,High Value
14138,2,2,965.88,5,3,4,12,Potential
14139,46,1,415.82,3,1,2,6,Regular
14140,4,2,920.05,5,3,4,12,Potential
14141,3,4,879.03,5,4,3,12,Loyal
14142,373,1,311.81,1,1,2,4,Hibernating
14143,134,1,115.8,2,1,1,4,Hibernating
14145,47,4,3148.2,3,4,5,12,Loyal
14146,9,5,2949.57,5,4,5,14,High Value
14147,78,2,468.4,2,3,2,7,Regular
14148,234,1,157.2,1,1,1,3,Hibernating
14149,221,1,259.43,1,1,2,4,Hibernating
14150,36,2,658.64,3,3,3,9,Regular
14152,75,2,611.09,2,3,3,8,At Risk
14154,239,2,1345.62,1,3,4,8,At Risk
14155,266,1,118.75,1,1,1,3,Hibernating
14156,10,54,113685.77,5,5,5,15,High Value
14157,20,2,392.44,4,3,2,9,Potential
14158,40,1,507.66,3,1,3,7,Regular
14159,20,11,4613.27,4,5,5,14,High Value
14161,216,3,1097.62,1,3,4,8,At Risk
14162,174,2,289.36,2,3,2,7,Regular
14163,87,4,2445.91,2,4,5,11,At Risk
14164,71,2,1631.77,3,3,4,10,Regular
14165,276,1,120.44,1,1,1,3,Hibernating
14167,39,4,562.59,3,4,3,10,Loyal
14171,98,1,363.79,2,1,2,5,Hibernating
14173,11,4,450.84,5,4,2,11,Loyal
14174,33,1,134.46,3,1,1,5,Regular
14175,60,3,3108.06,3,3,5,11,Regular
14176,297,4,574.0,1,4,3,8,At Risk
14177,86,4,544.51,2,4,3,9,At Risk
14178,9,7,1580.26,5,5,4,14,High Value
14179,41,2,701.57,3,3,3,9,Regular
14180,11,25,4640.77,5,5,5,15,High Value
14184,67,1,452.89,3,1,2,6,Regular
14185,331,1,197.65,1,1,1,3,Hibernating
14188,31,6,2018.91,4,5,5,14,High Value
14189,2,15,4604.31,5,5,5,15,High Value
14191,2,13,4660.01,5,5,5,15,High Value
14193,68,2,853.39,3,3,3,9,Regular
14194,5,21,11216.75,5,5,5,15,High Value
14195,202,2,962.7,1,3,4,8,At Risk
14196,107,1,335.52,2,1,2,5,Hibernating
14198,18,4,663.5,4,4,3,11,Loyal
14199,218,1,185.4,1,1,1,3,Hibernating
14201,60,7,688.04,3,5,3,11,Loyal
14204,2,1,150.61,5,1,1,7,New
14205,17,2,228.5,4,3,1,8,Potential
14206,239,1,308.26,1,1,2,4,Hibernating
14208,95,1,151.74,2,1,1,4,Hibernating
14209,11,6,2067.13,5,5,5,15,High Value
14210,106,6,1900.89,2,5,4,11,At Risk
14211,53,9,2208.3,3,5,5,13,Loyal
14212,90,1,1070.48,2,1,4,7,Hibernating
14214,31,5,1000.23,4,4,4,12,High Value
14215,12,6,1777.92,5,5,4,14,High Value
14216,3,4,1839.3,5,4,4,13,High Value
14217,2,17,1925.36,5,5,4,14,High Value
14218,43,1,169.48,3,1,1,5,Regular
14219,4,1,89.94,5,1,1,7,New
14220,247,2,632.4,1,3,3,7,At Risk
14221,42,9,3427.85,3,5,5,13,Loyal
14222,177,1,683.17,2,1,3,6,Hibernating
14223,92,3,975.23,2,3,4,9,At Risk
14224,110,4,1009.73,2,4,4,10,At Risk
14226,29,5,2184.24,4,4,5,13,High Value
14227,26,10,3315.71,4,5,5,14,High Value
14229,52,3,1450.6,3,3,4,10,Regular
14231,184,3,822.06,1,3,3,7,At Risk
14232,43,5,2043.93,3,4,5,12,Loyal
14233,49,4,1447.51,3,4,4,11,Loyal
14234,22,4,754.12,4,4,3,11,Loyal
14235,75,5,3093.86,2,4,5,11,At Risk
14236,81,2,490.86,2,3,3,8,At Risk
14237,373,1,161.0,1,1,1,3,Hibernating
14238,326,1,146.85,1,1,1,3,Hibernating
14239,43,11,2323.5,3,5,5,13,Loyal
14240,30,2,890.34,4,3,3,10,Potential
14241,184,1,213.7,1,1,1,3,Hibernating
14242,235,2,280.55,1,3,2,6,Regular
14243,9,10,2535.88,5,5,5,15,High Value
14245,220,2,1677.48,1,3,4,8,At Risk
14246,111,3,1474.06,2,3,4,9,At Risk
14247,278,1,136.77,1,1,1,3,Hibernating
14248,318,1,302.58,1,1,2,4,Hibernating
14250,7,3,1904.05,5,3,4,12,Potential
14251,2,5,2879.7,5,4,5,14,High Value
14256,260,2,935.06,1,3,4,8,At Risk
14257,64,5,3087.27,3,4,5,12,Loyal
14258,9,9,12650.08,5,5,5,15,High Value
14259,142,1,120.0,2,1,1,4,Hibernating
14261,51,2,1163.45,3,3,4,10,Regular
14262,8,8,2618.23,5,5,5,15,High Value
14264,155,2,319.47,2,3,2,7,Regular
14265,109,2,530.18,2,3,3,8,At Risk
14267,163,3,1279.09,2,3,4,9,At Risk
14270,332,1,492.65,1,1,3,5,Hibernating
14271,226,1,112.32,1,1,1,3,Hibernating
14272,74,2,437.96,2,3,2,7,Regular
14273,51,4,559.97,3,4,3,10,Loyal
14276,99,3,1019.39,2,3,4,9,At Risk
14277,15,3,3892.8,4,3,5,12,Potential
14280,197,1,134.04,1,1,1,3,Hibernating
14282,3,15,3701.44,5,5,5,15,High Value
14284,31,2,578.45,4,3,3,10,Potential
14285,21,4,1910.01,4,4,4,12,High Value
14286,24,3,4595.81,4,3,5,12,Potential
14287,8,3,156.23,5,3,1,9,Potential
14288,213,1,413.85,1,1,2,4,Hibernating
14289,9,6,911.26,5,5,4,14,High Value
14290,11,5,2307.45,5,4,5,14,High Value
14291,2,11,3873.3,5,5,5,15,High Value
14292,8,9,4819.33,5,5,5,15,High Value
14293,3,4,1046.56,5,4,4,13,High Value
14295,40,1,157.7,3,1,1,5,Regular
14297,18,4,1290.48,4,4,4,12,High Value
14298,8,44,50862.44,5,5,5,15,High Value
14299,8,9,2855.35,5,5,5,15,High Value
14300,19,1,43.2,4,1,1,6,New
14301,117,1,632.04,2,1,3,6,Hibernating
14304,223,1,197.1,1,1,1,3,Hibernating
14305,71,3,1803.76,3,3,4,10,Regular
14306,51,2,2083.42,3,3,5,11,Regular
14307,89,6,2995.72,2,5,5,12,At Risk
14309,8,9,2319.68,5,5,5,15,High Value
14311,243,1,229.71,1,1,1,3,Hibernating
14312,47,6,1611.59,3,5,4,12,Loyal
14314,107,1,120.0,2,1,1,4,Hibernating
14315,45,6,2456.98,3,5,5,13,Loyal
14317,65,1,508.58,3,1,3,7,Regular
14320,207,2,343.11,1,3,2,6,Regular
14321,11,5,1530.75,5,4,4,13,High Value
14323,115,2,574.26,2,3,3,8,At Risk
14326,242,1,166.85,1,1,1,3,Hibernating
14327,163,1,311.65,2,1,2,5,Hibernating
14329,17,7,4889.14,4,5,5,14,High Value
14331,124,2,462.66,2,3,2,7,Regular
14332,23,3,840.21,4,3,3,10,Potential
14333,68,1,351.45,3,1,2,6,Regular
14334,17,8,2539.46,4,5,5,14,High Value
14335,16,2,454.86,4,3,2,9,Potential
14336,17,4,1614.91,4,4,4,12,High Value
14338,161,2,554.22,2,3,3,8,At Risk
14339,243,1,293.73,1,1,2,4,Hibernating
14340,219,1,134.7,1,1,1,3,Hibernating
14341,45,8,2151.08,3,5,5,13,Loyal
14342,21,4,608.71,4,4,3,11,Loyal
14344,127,8,889.93,2,5,3,10,At Risk
14345,39,1,108.98,3,1,1,5,Regular
14346,121,2,1021.58,2,3,4,9,At Risk
14348,260,1,409.57,1,1,2,4,Hibernating
14349,10,1,133.5,5,1,1,7,New
14350,274,1,258.7,1,1,2,4,Hibernating
14351,165,1,51.0,2,1,1,4,Hibernating
14352,157,4,1078.96,2,4,4,10,At Risk
14353,215,1,90.6,1,1,1,3,Hibernating
14354,6,2,163.62,5,3,1,9,Potential
14355,366,1,174.4,1,1,1,3,Hibernating
14356,80,2,666.94,2,3,3,8,At Risk
14357,43,1,225.12,3,1,1,5,Regular
14359,19,3,882.58,4,3,3,10,Potential
14360,32,4,2118.03,4,4,5,13,High Value
14362,22,1,151.5,4,1,1,6,New
14364,109,8,3717.35,2,5,5,12,At Risk
14367,8,16,9134.12,5,5,5,15,High Value
14368,320,1,155.0,1,1,1,3,Hibernating
14371,295,1,100.5,1,1,1,3,Hibernating
14373,358,1,76.55,1,1,1,3,Hibernating
14375,185,1,235.56,1,1,1,3,Hibernating
14377,191,2,617.05,1,3,3,7,At Risk
14379,44,2,348.1,3,3,2,8,Regular
14381,52,1,202.68,3,1,1,5,Regular
14382,26,1,615.49,4,1,3,8,New
14383,38,3,1247.69,3,3,4,10,Regular
14385,9,3,202.11,5,3,1,9,Potential
14386,297,1,142.4,1,1,1,3,Hibernating
14387,33,3,1727.6,3,3,4,10,Regular
14388,10,8,3172.04,5,5,5,15,High Value
14389,65,2,999.72,3,3,4,10,Regular
14390,10,9,4582.22,5,5,5,15,High Value
14393,218,1,67.95,1,1,1,3,Hibernating
14395,2,9,3444.11,5,5,5,15,High Value
14396,65,2,487.99,3,3,3,9,Regular
14397,3,19,2556.68,5,5,5,15,High Value
14400,149,1,559.7,2,1,3,6,Hibernating
14401,4,13,4039.98,5,5,5,15,High Value
14403,130,4,1426.31,2,4,4,10,At Risk
14404,34,6,1409.72,3,5,4,12,Loyal
14406,119,1,156.75,2,1,1,4,Hibernating
14407,107,5,2096.08,2,4,5,11,At Risk
14408,11,7,2599.03,5,5,5,15,High Value
14409,71,6,1908.25,3,5,4,12,Loyal
14410,92,9,587.45,2,5,3,10,At Risk
14411,311,1,1063.0,1,1,4,6,Hibernating
14412,43,2,761.33,3,3,3,9,Regular
14413,362,1,121.05,1,1,1,3,Hibernating
14414,92,7,1485.13,2,5,4,11,At Risk
14415,1,13,5766.85,5,5,5,15,High Value
14416,22,2,490.22,4,3,3,10,Potential
14418,4,3,1937.25,5,3,4,12,Potential
14419,11,6,1051.79,5,5,4,14,High Value
14420,99,1,385.87,2,1,2,5,Hibernating
14421,57,2,813.11,3,3,3,9,Regular
14422,1,6,4263.64,5,5,5,15,High Value
14423,218,1,265.2,1,1,2,4,Hibernating
14424,18,1,322.08,4,1,2,7,New
14426,24,10,3918.9,4,5,5,14,High Value
14427,50,2,363.34,3,3,2,8,Regular
14428,7,5,1209.37,5,4,4,13,High Value
14431,303,1,423.26,1,1,2,4,Hibernating
14432,10,6,2248.5,5,5,5,15,High Value
14434,22,6,1372.8,4,5,4,13,High Value
14436,99,1,89.06,2,1,1,4,Hibernating
14437,366,1,63.0,1,1,1,3,Hibernating
14438,306,1,131.9,1,1,1,3,Hibernating
14439,320,1,2661.24,1,1,5,7,Hibernating
14440,8,5,2357.68,5,4,5,14,High Value
14441,1,4,1545.14,5,4,4,13,High Value
14442,205,2,1544.62,1,3,4,8,At Risk
14443,54,4,1400.88,3,4,4,11,Loyal
14446,1,4,1005.55,5,4,4,13,High Value
14447,19,5,1163.23,4,4,4,12,High Value
14448,9,2,375.35,5,3,2,10,Potential
14449,19,4,885.8,4,4,3,11,Loyal
14450,181,3,483.25,1,3,3,7,At Risk
14451,60,2,643.9,3,3,3,9,Regular
14452,11,2,259.05,5,3,2,10,Potential
14453,190,1,119.93,1,1,1,3,Hibernating
14456,5,9,3000.8,5,5,5,15,High Value
14457,311,1,113.64,1,1,1,3,Hibernating
14459,155,1,1837.92,2,1,4,7,Hibernating
14460,110,3,383.34,2,3,2,7,Regular
14461,148,3,2102.67,2,3,5,10,At Risk
14462,66,11,1942.45,3,5,4,12,Loyal
14463,98,3,529.62,2,3,3,8,At Risk
14465,247,3,1038.44,1,3,4,8,At Risk
14466,29,7,2272.4,4,5,5,14,High Value
14467,18,4,596.26,4,4,3,11,Loyal
14470,12,2,461.19,5,3,2,10,Potential
14472,104,8,1852.67,2,5,4,11,At Risk
14473,74,2,234.34,2,3,1,6,Regular
14474,46,1,537.71,3,1,3,7,Regular
14475,72,3,799.82,2,3,3,8,At Risk
14476,257,1,193.0,1,1,1,3,Hibernating
14477,20,4,1307.81,4,4,4,12,High Value
14479,254,2,316.25,1,3,2,6,Regular
14480,11,1,279.05,5,1,2,8,New
14481,165,2,636.51,2,3,3,8,At Risk
14482,18,6,2022.81,4,5,5,14,High Value
14483,282,1,129.2,1,1,1,3,Hibernating
14484,50,1,321.92,3,1,2,6,Regular
14485,39,1,162.8,3,1,1,5,Regular
14487,27,6,1152.73,4,5,4,13,High Value
14488,68,1,1047.43,3,1,4,8,Regular
14489,207,1,463.38,1,1,2,4,Hibernating
14491,175,2,340.93,2,3,2,7,Regular
14493,7,5,2362.84,5,4,5,14,High Value
14494,26,1,139.56,4,1,1,6,New
14495,51,2,123.8,3,3,1,7,Regular
14496,312,2,538.81,1,3,3,7,At Risk
14497,309,1,457.47,1,1,2,4,Hibernating
14498,43,5,1957.32,3,4,4,11,Loyal
14499,26,3,808.44,4,3,3,10,Potential
14500,88,3,356.85,2,3,2,7,Regular
14501,184,2,190.31,1,3,1,5,Regular
14502,20,11,2307.14,4,5,5,14,High Value
14503,3,6,3543.26,5,5,5,15,High Value
14504,47,4,673.26,3,4,3,10,Loyal
14505,17,8,5772.49,4,5,5,14,High Value
14506,17,5,1960.65,4,4,4,12,High Value
14507,24,6,1352.88,4,5,4,13,High Value
14508,22,2,268.05,4,3,2,9,Potential
14511,11,5,1267.41,5,4,4,13,High Value
14512,188,2,275.28,1,3,2,6,Regular
14513,101,3,438.49,2,3,2,7,Regular
14514,61,3,990.2,3,3,4,10,Regular
14515,18,6,2076.89,4,5,5,14,High Value
14517,33,2,330.45,3,3,2,8,Regular
14518,64,1,174.37,3,1,1,5,Regular
14520,2,2,270.6,5,3,2,10,Potential
14522,24,4,974.54,4,4,4,12,High Value
14523,108,1,241.09,2,1,1,4,Hibernating
14524,32,9,1843.83,4,5,4,13,High Value
14525,20,9,4150.07,4,5,5,14,High Value
14527,3,55,8477.53,5,5,5,15,High Value
14528,37,1,364.22,3,1,2,6,Regular
14529,60,3,578.61,3,3,3,9,Regular
14530,26,6,2862.11,4,5,5,14,High Value
14532,236,4,932.85,1,4,4,9,At Risk
14533,25,7,1812.62,4,5,4,13,High Value
14534,3,18,4023.95,5,5,5,15,High Value
14535,60,3,2831.74,3,3,5,11,Regular
14536,260,1,170.95,1,1,1,3,Hibernating
14537,58,1,355.56,3,1,2,6,Regular
14538,65,2,388.25,3,3,2,8,Regular
14539,16,2,537.48,4,3,3,10,Potential
14540,10,3,952.66,5,3,4,12,Potential
14541,59,8,1453.35,3,5,4,12,Loyal
14542,186,1,103.25,1,1,1,3,Hibernating
14543,29,16,2945.22,4,5,5,14,High Value
14544,24,2,2004.3,4,3,5,12,Potential
14546,5,5,2482.86,5,4,5,14,High Value
14547,4,8,3953.95,5,5,5,15,High Value
14548,151,2,652.8,2,3,3,8,At Risk
14549,311,1,289.24,1,1,2,4,Hibernating
14550,11,2,757.37,5,3,3,11,Potential
14551,18,2,186.23,4,3,1,8,Potential
14552,152,1,164.22,2,1,1,4,Hibernating
14553,19,5,859.27,4,4,3,11,Loyal
14554,10,4,2279.49,5,4,5,14,High Value
14555,57,2,312.54,3,3,2,8,Regular
14560,7,22,2174.18,5,5,5,15,High Value
14561,76,3,1080.76,2,3,4,9,At Risk
14562,4,18,4682.92,5,5,5,15,High Value
14565,96,4,2923.77,2,4,5,11,At Risk
14566,111,1,1432.0,2,1,4,7,Hibernating
14567,57,2,1524.46,3,3,4,10,Regular
14569,1,1,227.39,5,1,1,7,New
14570,281,2,217.21,1,3,1,5,Regular
14572,3,7,2775.39,5,5,5,15,High Value
14573,180,9,1590.12,1,5,4,10,At Risk
14576,372,1,35.4,1,1,1,3,Hibernating
14577,13,4,859.71,5,4,3,12,Loyal
14578,3,1,168.63,5,1,1,7,New
14581,17,1,138.6,4,1,1,6,New
14582,41,1,114.11,3,1,1,5,Regular
14583,6,5,986.96,5,4,4,13,High Value
14584,169,4,1020.06,2,4,4,10,At Risk
14585,50,1,157.05,3,1,1,5,Regular
14586,277,1,134.16,1,1,1,3,Hibernating
14587,19,9,1577.39,4,5,4,13,High Value
14589,372,1,39.75,1,1,1,3,Hibernating
14591,15,4,1320.21,4,4,4,12,High Value
14592,35,3,557.94,3,3,3,9,Regular
14593,22,3,617.15,4,3,3,10,Potential
14594,7,2,363.33,5,3,2,10,Potential
14595,20,6,1740.6,4,5,4,13,High Value
14597,11,2,866.24,5,3,3,11,Potential
14598,44,1,221.97,3,1,1,5,Regular
14600,306,1,393.33,1,1,2,4,Hibernating
14601,11,1,213.96,5,1,1,7,New
14603,275,1,660.0,1,1,3,5,Hibernating
14606,1,90,11486.6,5,5,5,15,High Value
14607,16,12,9793.1,4,5,5,14,High Value
14608,4,4,1785.15,5,4,4,13,High Value
14609,72,4,601.56,2,4,3,9,At Risk
14616,243,3,406.08,1,3,2,6,Regular
14618,9,3,538.59,5,3,3,11,Potential
14619,246,1,379.51,1,1,2,4,Hibernating
14620,206,2,393.28,1,3,2,6,Regular
14621,1,5,1765.76,5,4,4,13,High Value
14622,185,1,320.58,1,1,2,4,Hibernating
14623,32,5,862.12,4,4,3,11,Loyal
14624,57,2,225.85,3,3,1,7,Regular
14625,196,2,848.48,1,3,3,7,At Risk
14626,24,4,2757.07,4,4,5,13,High Value
14628,91,2,671.96,2,3,3,8,At Risk
14629,4,2,935.46,5,3,4,12,Potential
14631,51,3,1006.98,3,3,4,10,Regular
14632,263,1,114.56,1,1,1,3,Hibernating
14633,266,1,344.9,1,1,2,4,Hibernating
14636,36,2,609.85,3,3,3,9,Regular
14638,51,1,443.6,3,1,2,6,Regular
14639,52,6,2952.34,3,5,5,13,Loyal
14640,24,6,2024.45,4,5,5,14,High Value
14641,22,1,110.46,4,1,1,6,New
14642,59,1,96.12,3,1,1,5,Regular
14643,170,2,668.61,2,3,3,8,At Risk
14644,68,2,780.46,3,3,3,9,Regular
14645,157,2,597.09,2,3,3,8,At Risk
14646,2,72,278778.02,5,5,5,15,High Value
14647,201,1,236.04,1,1,1,3,Hibernating
14649,5,4,1402.59,5,4,4,13,High Value
14651,67,2,653.75,3,3,3,9,Regular
14652,77,1,114.18,2,1,1,4,Hibernating
14653,1,7,1916.7,5,5,4,14,High Value
14655,8,4,1930.15,5,4,4,13,High Value
14656,169,2,291.05,2,3,2,7,Regular
14657,18,4,838.27,4,4,3,11,Loyal
14658,5,2,247.15,5,3,2,10,Potential
14659,9,9,2456.53,5,5,5,15,High Value
14660,87,2,285.74,2,3,2,7,Regular
14661,27,1,107.95,4,1,1,6,New
14662,29,4,741.37,4,4,3,11,Loyal
14664,20,2,636.24,4,3,3,10,Potential
14665,61,5,1258.38,3,4,4,11,Loyal
14666,24,1,179.95,4,1,1,6,New
14667,11,25,9160.79,5,5,5,15,High Value
14669,242,3,1259.24,1,3,4,8,At Risk
14670,280,2,392.86,1,3,2,6,Regular
14672,235,2,765.55,1,3,3,7,At Risk
14673,3,5,1736.4,5,4,4,13,High Value
14675,16,1,596.36,4,1,3,8,New
14676,31,6,2543.24,4,5,5,14,High Value
14680,25,16,26932.34,4,5,5,14,High Value
14681,71,3,498.95,3,3,3,9,Regular
14682,188,2,52.0,1,3,1,5,Regular
14684,26,5,1201.51,4,4,4,12,High Value
14687,107,1,628.38,2,1,3,6,Hibernating
14688,8,21,5055.61,5,5,5,15,High Value
14689,209,1,112.8,1,1,1,3,Hibernating
14690,44,2,341.96,3,3,2,8,Regular
14691,31,5,2114.33,4,4,5,13,High Value
14692,137,4,582.05,2,4,3,9,At Risk
14693,265,1,172.9,1,1,1,3,Hibernating
14696,4,7,2070.97,5,5,5,15,High Value
14697,218,2,188.61,1,3,1,5,Regular
14698,2,5,1217.27,5,4,4,13,High Value
14699,214,1,109.13,1,1,1,3,Hibernating
14700,32,3,2195.1,4,3,5,12,Potential
14701,11,9,2462.94,5,5,5,15,High Value
14702,1,17,3210.29,5,5,5,15,High Value
14703,15,1,318.17,4,1,2,7,New
14704,20,7,1461.62,4,5,4,13,High Value
14705,199,1,179.0,1,1,1,3,Hibernating
14708,3,3,1096.67,5,3,4,12,Potential
14709,15,13,4911.14,4,5,5,14,High Value
14710,14,4,599.48,4,4,3,11,Loyal
14711,10,11,2809.02,5,5,5,15,High Value
14712,29,3,917.07,4,3,4,11,Potential
14713,9,11,2660.1,5,5,5,15,High Value
14714,24,1,160.19,4,1,1,6,New
14715,25,4,867.38,4,4,3,11,Loyal
14716,43,2,307.51,3,3,2,8,Regular
14719,2,5,1571.89,5,4,4,13,High Value
14720,6,3,663.81,5,3,3,11,Potential
14722,147,1,180.42,2,1,1,4,Hibernating
14723,10,6,1120.66,5,5,4,14,High Value
14725,25,1,655.58,4,1,3,8,New
14727,274,1,268.58,1,1,2,4,Hibernating
14729,374,1,313.49,1,1,2,4,Hibernating
14730,1,8,1897.57,5,5,4,14,High Value
14731,47,3,380.02,3,3,2,8,Regular
14732,8,8,2686.34,5,5,5,15,High Value
14733,16,12,9451.54,4,5,5,14,High Value
14735,4,31,5792.69,5,5,5,15,High Value
14737,4,3,1164.55,5,3,4,12,Potential
14738,43,7,1289.94,3,5,4,12,Loyal
14739,4,7,3899.1,5,5,5,15,High Value
14740,197,3,1423.21,1,3,4,8,At Risk
14741,12,6,1400.34,5,5,4,14,High Value
14744,16,7,1088.53,4,5,4,13,High Value
14745,113,5,1167.16,2,4,4,10,At Risk
14747,249,1,294.3,1,1,2,4,Hibernating
14748,29,5,1318.85,4,4,4,12,High Value
14752,44,1,389.64,3,1,2,6,Regular
14753,87,1,563.15,2,1,3,6,Hibernating
14754,45,2,638.05,3,3,3,9,Regular
14755,10,11,4965.38,5,5,5,15,High Value
14756,15,1,738.96,4,1,3,8,New
14757,75,1,420.5,2,1,2,5,Hibernating
14758,145,4,1484.06,2,4,4,10,At Risk
14759,5,3,1625.97,5,3,4,12,Potential
14760,297,1,53.8,1,1,1,3,Hibernating
14761,59,2,255.9,3,3,2,8,Regular
14762,264,1,300.52,1,1,2,4,Hibernating
14764,47,1,250.55,3,1,2,6,Regular
14765,29,3,254.11,4,3,2,9,Potential
14766,8,6,2423.07,5,5,5,15,High Value
14768,17,2,139.5,4,3,1,8,Potential
14769,3,8,10382.18,5,5,5,15,High Value
14770,232,2,876.42,1,3,3,7,At Risk
14772,112,1,139.26,2,1,1,4,Hibernating
14775,58,3,1011.9,3,3,4,10,Regular
14776,51,11,2195.58,3,5,5,13,Loyal
14778,127,2,730.86,2,3,3,8,At Risk
14779,281,3,386.15,1,3,2,6,Regular
14780,55,2,447.68,3,3,2,8,Regular
14782,320,1,200.1,1,1,1,3,Hibernating
14784,26,2,289.99,4,3,2,9,Potential
14785,10,2,77.4,5,3,1,9,Potential
14788,7,2,679.44,5,3,3,11,Potential
14789,29,1,197.64,4,1,1,6,New
14790,17,4,745.06,4,4,3,11,Loyal
14793,21,1,214.14,4,1,1,6,New
14794,3,7,1272.11,5,5,4,14,High Value
14795,166,1,131.45,2,1,1,4,Hibernating
14796,1,17,7790.95,5,5,5,15,High Value
14798,53,3,173.74,3,3,1,7,Regular
14799,51,1,157.7,3,1,1,5,Regular
14800,48,12,4228.39,3,5,5,13,Loyal
14801,61,1,189.34,3,1,1,5,Regular
14803,162,3,845.55,2,3,3,8,At Risk
14804,9,1,353.27,5,1,2,8,New
14805,15,4,546.4,4,4,3,11,Loyal
14806,75,1,193.39,2,1,1,4,Hibernating
14808,40,8,2277.8,3,5,5,13,Loyal
14810,41,11,2085.33,3,5,5,13,Loyal
14813,370,2,152.88,1,3,1,5,Regular
14815,37,2,778.5,3,3,3,9,Regular
14816,197,1,271.85,1,1,2,4,Hibernating
14817,200,2,1010.34,1,3,4,8,At Risk
14818,74,3,657.8,2,3,3,8,At Risk
14819,64,2,272.07,3,3,2,8,Regular
14820,21,4,507.29,4,4,3,11,Loyal
14821,367,1,48.8,1,1,1,3,Hibernating
14823,180,3,321.43,1,3,2,6,Regular
14824,10,4,1127.71,5,4,4,13,High Value
14825,4,12,2221.01,5,5,5,15,High Value
14828,197,3,2139.76,1,3,5,9,At Risk
14829,29,4,644.65,4,4,3,11,Loyal
14830,53,1,188.03,3,1,1,5,Regular
14834,18,6,1698.35,4,5,4,13,High Value
14836,10,3,102.45,5,3,1,9,Potential
14837,90,4,1641.2,2,4,4,10,At Risk
14840,268,1,62.85,1,1,1,3,Hibernating
14841,53,6,3295.76,3,5,5,13,Loyal
14842,44,4,2456.8,3,4,5,12,Loyal
14844,64,4,3189.81,3,4,5,12,Loyal
14847,149,1,309.4,2,1,2,5,Hibernating
14849,22,25,7904.28,4,5,5,14,High Value
14850,312,1,278.15,1,1,2,4,Hibernating
14851,23,2,511.35,4,3,3,10,Potential
14852,58,6,2836.69,3,5,5,13,Loyal
14853,24,2,463.05,4,3,2,9,Potential
14854,78,7,2730.09,2,5,5,12,At Risk
14855,119,2,645.65,2,3,3,8,At Risk
14856,36,3,1290.53,3,3,4,10,Regular
14857,60,2,1165.65,3,3,4,10,Regular
14859,13,4,1352.04,5,4,4,13,High Value
14860,19,1,168.62,4,1,1,6,New
14861,52,1,125.79,3,1,1,5,Regular
14862,26,2,841.2,4,3,3,10,Potential
14863,29,1,266.76,4,1,2,7,New
14865,7,2,52.2,5,3,1,9,Potential
14866,11,11,14160.95,5,5,5,15,High Value
14867,186,3,701.33,1,3,3,7,At Risk
14868,3,8,2939.64,5,5,5,15,High Value
14869,9,2,717.7,5,3,3,11,Potential
14870,262,1,327.25,1,1,2,4,Hibernating
14871,3,4,501.28,5,4,3,12,Loyal
14873,210,1,519.68,1,1,3,5,Hibernating
14875,108,2,1457.67,2,3,4,9,At Risk
14878,13,9,1476.09,5,5,4,14,High Value
14880,77,3,690.59,2,3,3,8,At Risk
14881,20,1,255.4,4,1,2,7,New
14882,27,2,589.7,4,3,3,10,Potential
14883,19,6,756.64,4,5,3,12,Loyal
14885,132,1,765.32,2,1,3,6,Hibernating
14886,253,1,364.8,1,1,2,4,Hibernating
14887,79,1,1862.0,2,1,4,7,Hibernating
14888,207,1,369.2,1,1,2,4,Hibernating
14889,336,1,135.9,1,1,1,3,Hibernating
14890,254,1,125.65,1,1,1,3,Hibernating
14891,148,2,554.38,2,3,3,8,At Risk
14893,10,2,1237.85,5,3,4,12,Potential
14894,85,1,655.75,2,1,3,6,Hibernating
14895,8,20,11020.26,5,5,5,15,High Value
14896,205,2,468.77,1,3,2,6,Regular
14897,8,4,1366.38,5,4,4,13,High Value
14898,23,6,1194.11,4,5,4,13,High Value
14901,11,9,1414.99,5,5,4,14,High Value
14902,26,1,314.11,4,1,2,7,New
14903,21,5,2729.18,4,4,5,13,High Value
14904,2,2,1025.44,5,3,4,12,Potential
14905,158,2,599.9,2,3,3,8,At Risk
14907,3,7,3478.85,5,5,5,15,High Value
14908,74,1,277.8,2,1,2,5,Hibernating
14910,3,4,389.86,5,4,2,11,Loyal
14911,1,198,128768.24,5,5,5,15,High Value
14912,17,2,867.85,4,3,3,10,Potential
14913,36,4,1227.43,3,4,4,11,Loyal
14915,91,2,258.83,2,3,2,7,Regular
14916,71,4,1264.84,3,4,4,11,Loyal
14918,116,2,1610.15,2,3,4,9,At Risk
14920,213,2,977.77,1,3,4,8,At Risk
14921,30,2,1316.07,4,3,4,11,Potential
14923,51,1,749.1,3,1,3,7,Regular
14924,246,1,310.05,1,1,2,4,Hibernating
14929,32,1,223.88,4,1,1,6,New
14930,109,3,2362.96,2,3,5,10,At Risk
14931,5,4,864.68,5,4,3,12,Loyal
14932,366,1,313.53,1,1,2,4,Hibernating
14934,82,2,1888.84,2,3,4,9,At Risk
14935,297,1,1784.71,1,1,4,6,Hibernating
14936,34,8,8117.42,3,5,5,13,Loyal
14937,57,3,1617.63,3,3,4,10,Regular
14944,30,12,5842.95,4,5,5,14,High Value
14946,14,1,100.9,4,1,1,6,New
14947,72,2,290.82,2,3,2,7,Regular
14948,23,6,1066.57,4,5,4,13,High Value
14950,19,1,361.25,4,1,2,7,New
14951,79,1,311.69,2,1,2,5,Hibernating
14952,60,11,7912.79,3,5,5,13,Loyal
14953,25,1,285.67,4,1,2,7,New
14954,12,1,294.85,5,1,2,8,New
14957,253,1,58.49,1,1,1,3,Hibernating
14958,147,3,483.73,2,3,3,8,At Risk
14959,64,4,684.97,3,4,3,10,Loyal
14960,8,2,221.27,5,3,1,9,Potential
14961,11,9,7006.58,5,5,5,15,High Value
14962,271,1,126.7,1,1,1,3,Hibernating
14963,10,5,1472.34,5,4,4,13,High Value
14964,247,1,206.21,1,1,1,3,Hibernating
14965,96,2,596.09,2,3,3,8,At Risk
14966,15,1,183.02,4,1,1,6,New
14967,50,1,463.8,3,1,2,6,Regular
14968,30,1,147.59,4,1,1,6,New
14970,68,4,1592.06,3,4,4,11,Loyal
14971,35,3,1097.98,3,3,4,10,Regular
14972,128,1,114.77,2,1,1,4,Hibernating
14973,107,3,1314.45,2,3,4,9,At Risk
14974,37,1,89.94,3,1,1,5,Regular
14975,57,1,279.94,3,1,2,6,Regular
14976,57,6,749.86,3,5,3,11,Loyal
14978,72,5,1921.37,2,4,4,10,At Risk
14981,246,1,102.12,1,1,1,3,Hibernating
14984,19,2,202.37,4,3,1,8,Potential
14985,198,2,292.01,1,3,2,6,Regular
14987,16,2,326.4,4,3,2,9,Potential
14988,212,1,334.54,1,1,2,4,Hibernating
14995,39,2,231.98,3,3,1,7,Regular
14997,46,3,540.98,3,3,3,9,Regular
14998,170,2,414.87,2,3,2,7,Regular
15000,48,1,490.52,3,1,3,7,Regular
15002,116,4,1641.76,2,4,4,10,At Risk
15004,147,1,1220.38,2,1,4,7,Hibernating
15005,16,28,6158.84,4,5,5,14,High Value
15006,51,1,475.43,3,1,3,7,Regular
15007,159,1,156.91,2,1,1,4,Hibernating
15009,12,3,1259.43,5,3,4,12,Potential
15010,36,1,308.94,3,1,2,6,Regular
15012,54,2,405.04,3,3,2,8,Regular
15014,43,2,257.67,3,3,2,8,Regular
15016,173,1,170.04,2,1,1,4,Hibernating
15017,34,1,125.58,3,1,1,5,Regular
15018,39,3,456.26,3,3,2,8,Regular
15019,267,1,252.81,1,1,2,4,Hibernating
15021,9,9,1829.23,5,5,4,14,High Value
15022,12,4,852.39,5,4,3,12,Loyal
15023,3,11,6661.91,5,5,5,15,High Value
15024,10,10,1636.43,5,5,4,14,High Value
15025,33,1,361.96,3,1,2,6,Regular
15026,80,3,464.2,2,3,2,7,Regular
15027,31,4,1051.95,4,4,4,12,High Value
15028,8,4,627.13,5,4,3,12,Loyal
15030,72,2,518.28,2,3,3,8,At Risk
15031,4,4,653.19,5,4,3,12,Loyal
15032,256,3,4464.1,1,3,5,9,At Risk
15033,5,10,2538.23,5,5,5,15,High Value
15034,16,8,4243.21,4,5,5,14,High Value
15035,90,1,252.73,2,1,2,5,Hibernating
15036,72,3,429.56,2,3,2,7,Regular
15038,59,6,645.84,3,5,3,11,Loyal
15039,10,47,19638.59,5,5,5,15,High Value
15041,170,1,179.93,2,1,1,4,Hibernating
15042,199,1,135.93,1,1,1,3,Hibernating
15043,31,1,537.0,4,1,3,8,New
15044,19,17,7563.88,4,5,5,14,High Value
15045,152,2,633.66,2,3,3,8,At Risk
15046,9,15,4921.71,5,5,5,15,High Value
15047,270,1,343.62,1,1,2,4,Hibernating
15048,65,4,377.52,3,4,2,9,Loyal
15049,274,1,121.17,1,1,1,3,Hibernating
15050,25,3,1682.77,4,3,4,11,Potential
15051,23,3,1383.36,4,3,4,11,Potential
15052,319,1,207.73,1,1,1,3,Hibernating
15053,5,3,693.95,5,3,3,11,Potential
15054,12,2,302.1,5,3,2,10,Potential
15057,275,2,1489.5,1,3,4,8,At Risk
15058,25,11,2102.54,4,5,5,14,High Value
15059,41,9,1325.82,3,5,4,12,Loyal
15060,8,4,293.0,5,4,2,11,Loyal
15061,4,48,54250.34,5,5,5,15,High Value
15062,71,4,987.86,3,4,4,11,Loyal
15063,213,1,370.8,1,1,2,4,Hibernating
15065,38,4,3135.98,3,4,5,12,Loyal
15066,53,1,760.59,3,1,3,7,Regular
15067,78,3,1744.76,2,3,4,9,At Risk
15068,46,2,553.36,3,3,3,9,Regular
15069,179,1,1109.53,2,1,4,7,Hibernating
15070,373,1,106.2,1,1,1,3,Hibernating
15071,94,2,982.07,2,3,4,9,At Risk
15073,10,3,612.43,5,3,3,11,Potential
15074,105,1,735.67,2,1,3,6,Hibernating
15075,78,1,773.03,2,1,3,6,Hibernating
15076,173,1,880.85,2,1,3,6,Hibernating
15078,7,32,9623.35,5,5,5,15,High Value
15079,213,4,893.66,1,4,3,8,At Risk
15081,22,5,487.35,4,4,3,11,Loyal
15083,257,1,88.2,1,1,1,3,Hibernating
15087,282,1,306.94,1,1,2,4,Hibernating
15088,21,2,1140.27,4,3,4,11,Potential
15089,10,6,2420.84,5,5,5,15,High Value
15090,308,1,381.32,1,1,2,4,Hibernating
15091,68,1,476.96,3,1,3,7,Regular
15092,215,2,457.81,1,3,2,6,Regular
15093,18,6,4410.14,4,5,5,14,High Value
15095,104,4,1364.7,2,4,4,10,At Risk
15096,43,1,219.39,3,1,1,5,Regular
15097,4,1,248.08,5,1,2,8,New
15098,182,3,39619.5,1,3,5,9,At Risk
15099,84,1,410.48,2,1,2,5,Hibernating
15100,334,3,635.1,1,3,3,7,At Risk
15101,9,2,310.03,5,3,2,10,Potential
15103,31,2,703.36,4,3,3,10,Potential
15104,197,2,968.64,1,3,4,8,At Risk
15105,18,7,2298.93,4,5,5,14,High Value
15106,18,5,1407.73,4,4,4,12,High Value
15107,311,6,260.0,1,5,2,8,Regular
15108,142,3,1150.75,2,3,4,9,At Risk
15109,246,1,463.75,1,1,2,4,Hibernating
15110,24,4,973.2,4,4,4,12,High Value
15111,29,3,1567.48,4,3,4,11,Potential
15113,10,3,3339.12,5,3,5,13,Potential
15114,30,10,2760.56,4,5,5,14,High Value
15115,18,1,340.11,4,1,2,7,New
15116,18,4,1352.75,4,4,4,12,High Value
15117,15,5,1550.13,4,4,4,12,High Value
15118,134,1,244.8,2,1,2,5,Hibernating
15119,246,1,266.4,1,1,2,4,Hibernating
15120,134,1,343.82,2,1,2,5,Hibernating
15121,50,2,457.72,3,3,2,8,Regular
15122,114,3,1612.13,2,3,4,9,At Risk
15123,7,2,2199.31,5,3,5,13,Potential
15124,23,2,184.19,4,3,1,8,Potential
15125,25,15,11117.05,4,5,5,14,High Value
15127,66,1,406.53,3,1,2,6,Regular
15128,60,4,1423.25,3,4,4,11,Loyal
15129,50,11,3447.4,3,5,5,13,Loyal
15130,170,1,330.11,2,1,2,5,Hibernating
15132,18,5,977.93,4,4,4,12,High Value
15133,128,3,982.42,2,3,4,9,At Risk
15134,15,8,1387.99,4,5,4,13,High Value
15135,239,1,127.15,1,1,1,3,Hibernating
15136,3,4,1282.45,5,4,4,13,High Value
15139,240,2,178.96,1,3,1,5,Regular
15140,52,7,2350.0,3,5,5,13,Loyal
15142,46,1,498.74,3,1,3,7,Regular
15143,226,1,259.45,1,1,2,4,Hibernating
15144,8,17,6530.04,5,5,5,15,High Value
15145,4,4,1194.73,5,4,4,13,High Value
15146,165,2,1313.66,2,3,4,9,At Risk
15147,240,1,608.65,1,1,3,5,Hibernating
15148,11,1,301.29,5,1,2,8,New
15149,134,1,520.8,2,1,3,6,Hibernating
15150,17,10,5280.83,4,5,5,14,High Value
15152,10,13,4684.24,5,5,5,15,High Value
15153,31,1,329.25,4,1,2,7,New
15154,75,1,224.73,2,1,1,4,Hibernating
15156,1,3,961.49,5,3,4,12,Potential
15157,4,3,1879.84,5,3,4,12,Potential
15158,45,1,401.4,3,1,2,6,Regular
15159,2,30,18573.68,5,5,5,15,High Value
15160,357,1,158.16,1,1,1,3,Hibernating
15163,18,2,304.47,4,3,2,9,Potential
15164,69,3,824.58,3,3,3,9,Regular
15165,373,1,487.75,1,1,3,5,Hibernating
15167,321,1,158.8,1,1,1,3,Hibernating
15168,26,1,106.56,4,1,1,6,New
15171,331,1,1034.5,1,1,4,6,Hibernating
15172,9,5,1624.05,5,4,4,13,High Value
15174,323,1,135.75,1,1,1,3,Hibernating
15175,72,1,224.14,2,1,1,4,Hibernating
15178,260,1,40.5,1,1,1,3,Hibernating
15179,18,5,2186.2,4,4,5,13,High Value
15180,367,1,87.5,1,1,1,3,Hibernating
15181,66,3,684.53,3,3,3,9,Regular
15182,154,2,622.85,2,3,3,8,At Risk
15184,29,2,402.2,4,3,2,9,Potential
15185,70,1,310.62,3,1,2,6,Regular
15186,14,2,411.41,4,3,2,9,Potential
15187,2,15,4655.08,5,5,5,15,High Value
15189,1,41,15802.14,5,5,5,15,High Value
15192,120,3,1044.32,2,3,4,9,At Risk
15193,61,1,499.32,3,1,3,7,Regular
15194,3,15,7521.17,5,5,5,15,High Value
15195,3,1,3861.0,5,1,5,11,New
15197,11,3,656.44,5,3,3,11,Potential
15198,92,2,193.64,2,3,1,6,Regular
15199,59,4,1268.7,3,4,4,11,Loyal
15201,87,5,927.84,2,4,4,10,At Risk
15203,26,6,1827.8,4,5,4,13,High Value
15204,357,1,316.58,1,1,2,4,Hibernating
15205,85,2,653.24,2,3,3,8,At Risk
15206,10,4,420.3,5,4,2,11,Loyal
15208,1,5,867.62,5,4,3,12,Loyal
15210,225,1,331.18,1,1,2,4,Hibernating
15211,60,2,894.41,3,3,3,9,Regular
15212,241,1,88.95,1,1,1,3,Hibernating
15213,319,2,325.05,1,3,2,6,Regular
15214,2,8,1661.44,5,5,4,14,High Value
15215,47,3,615.99,3,3,3,9,Regular
15216,88,1,96.6,2,1,1,4,Hibernating
15218,11,11,5756.89,5,5,5,15,High Value
15219,176,1,305.75,2,1,2,5,Hibernating
15220,52,6,1758.92,3,5,4,12,Loyal
15221,366,1,114.1,1,1,1,3,Hibernating
15222,319,1,585.0,1,1,3,5,Hibernating
15223,226,2,454.9,1,3,2,6,Regular
15224,358,2,310.48,1,3,2,6,Regular
15225,234,1,409.4,1,1,2,4,Hibernating
15226,311,1,154.41,1,1,1,3,Hibernating
15227,37,5,1219.4,3,4,4,11,Loyal
15228,66,4,3376.96,3,4,5,12,Loyal
15230,239,2,429.6,1,3,2,6,Regular
15232,113,2,612.06,2,3,3,8,At Risk
15234,277,1,197.0,1,1,1,3,Hibernating
15235,218,12,2247.51,1,5,5,11,At Risk
15236,299,1,321.05,1,1,2,4,Hibernating
15237,2,4,1412.32,5,4,4,13,High Value
15238,29,3,1056.54,4,3,4,11,Potential
15239,10,2,764.34,5,3,3,11,Potential
15240,45,5,1685.57,3,4,4,11,Loyal
15241,67,8,1738.59,3,5,4,12,Loyal
15243,74,1,316.68,2,1,2,5,Hibernating
15244,65,2,631.57,3,3,3,9,Regular
15245,134,3,2515.84,2,3,5,10,At Risk
15246,238,2,514.15,1,3,3,7,At Risk
15247,122,1,356.0,2,1,2,5,Hibernating
15249,32,13,6657.36,4,5,5,14,High Value
15251,9,11,10327.11,5,5,5,15,High Value
15252,36,2,740.78,3,3,3,9,Regular
15253,16,5,915.3,4,4,4,12,High Value
15254,127,1,300.36,2,1,2,5,Hibernating
15255,67,1,890.85,3,1,3,7,Regular
15256,149,1,98.45,2,1,1,4,Hibernating
15257,283,1,232.15,1,1,1,3,Hibernating
15258,169,2,623.16,2,3,3,8,At Risk
15260,100,7,1780.77,2,5,4,11,At Risk
15261,135,1,254.82,2,1,2,5,Hibernating
15262,324,1,178.95,1,1,1,3,Hibernating
15263,107,1,156.51,2,1,1,4,Hibernating
15264,64,1,393.74,3,1,2,6,Regular
15265,151,2,1506.12,2,3,4,9,At Risk
15266,338,1,119.3,1,1,1,3,Hibernating
15267,22,5,1717.36,4,4,4,12,High Value
15269,24,1,408.8,4,1,2,7,New
15270,16,7,2298.2,4,5,5,14,High Value
15271,7,15,2472.09,5,5,5,15,High Value
15272,57,2,721.94,3,3,3,9,Regular
15274,4,2,716.57,5,3,3,11,Potential
15275,38,1,609.19,3,1,3,7,Regular
15276,66,1,128.63,3,1,1,5,Regular
15277,47,1,255.9,3,1,2,6,Regular
15279,355,1,277.41,1,1,2,4,Hibernating
15280,172,1,113.12,2,1,1,4,Hibernating
15281,59,9,2239.95,3,5,5,13,Loyal
15286,50,1,240.55,3,1,1,5,Regular
15287,22,2,485.24,4,3,3,10,Potential
15288,43,5,2306.52,3,4,5,12,Loyal
15289,29,3,935.1,4,3,4,11,Potential
15290,5,18,7803.77,5,5,5,15,High Value
15291,26,14,4551.51,4,5,5,14,High Value
15292,201,1,178.39,1,1,1,3,Hibernating
15296,51,6,3610.31,3,5,5,13,Loyal
15297,10,3,635.04,5,3,3,11,Potential
15298,2,12,3774.1,5,5,5,15,High Value
15299,67,6,3901.0,3,5,5,13,Loyal
15300,64,1,496.44,3,1,3,7,Regular
15301,51,12,5007.72,3,5,5,13,Loyal
15303,290,1,574.02,1,1,3,5,Hibernating
15304,61,8,680.3,3,5,3,11,Loyal
15306,64,3,1174.35,3,3,4,10,Regular
15307,96,1,205.3,2,1,1,4,Hibernating
15308,274,1,302.27,1,1,2,4,Hibernating
15311,1,91,59284.19,5,5,5,15,High Value
15312,75,4,921.1,2,4,4,10,At Risk
15313,110,1,52.0,2,1,1,4,Hibernating
15314,199,1,327.97,1,1,2,4,Hibernating
15315,64,2,551.54,3,3,3,9,Regular
15316,327,1,165.0,1,1,1,3,Hibernating
15318,4,1,312.62,5,1,2,8,New
15319,284,1,204.5,1,1,1,3,Hibernating
15320,44,1,267.13,3,1,2,6,Regular
15321,71,3,2663.48,3,3,5,11,Regular
15322,86,1,602.97,2,1,3,6,Hibernating
15325,104,1,161.74,2,1,1,4,Hibernating
15326,334,1,311.71,1,1,2,4,Hibernating
15327,53,1,208.75,3,1,1,5,Regular
15329,39,3,1007.5,3,3,4,10,Regular
15330,32,2,714.96,4,3,3,10,Potential
15332,366,4,1661.06,1,4,4,9,At Risk
15333,208,1,1028.56,1,1,4,6,Hibernating
15334,157,3,347.87,2,3,2,7,Regular
15335,54,1,170.22,3,1,1,5,Regular
15339,66,2,557.57,3,3,3,9,Regular
15341,81,1,2020.52,2,1,5,8,Hibernating
15342,130,1,391.76,2,1,2,5,Hibernating
15343,87,1,364.5,2,1,2,5,Hibernating
15344,1,3,476.58,5,3,3,11,Potential
15345,46,1,367.69,3,1,2,6,Regular
15346,333,1,252.42,1,1,2,4,Hibernating
15347,366,1,201.6,1,1,1,3,Hibernating
15348,72,1,158.04,2,1,1,4,Hibernating
15349,158,2,463.91,2,3,2,7,Regular
15350,373,1,115.65,1,1,1,3,Hibernating
15351,12,7,1836.69,5,5,4,14,High Value
15353,255,2,770.12,1,3,3,7,At Risk
15355,29,2,277.05,4,3,2,9,Potential
15356,31,10,2718.03,4,5,5,14,High Value
15358,5,22,8235.65,5,5,5,15,High Value
15360,40,1,427.93,3,1,2,6,Regular
15361,362,1,418.92,1,1,2,4,Hibernating
15363,373,1,318.05,1,1,2,4,Hibernating
15364,96,2,913.19,2,3,4,9,At Risk
15365,26,7,1549.17,4,5,4,13,High Value
15366,75,2,602.51,2,3,3,8,At Risk
15367,57,4,1867.69,3,4,4,11,Loyal
15368,21,1,446.94,4,1,2,7,New
15370,41,7,2360.55,3,5,5,13,Loyal
15372,137,1,2007.4,2,1,5,8,Hibernating
15373,8,12,2213.11,5,5,5,15,High Value
15374,129,1,168.0,2,1,1,4,Hibernating
15376,40,3,1221.56,3,3,4,10,Regular
15379,169,7,3631.89,2,5,5,12,At Risk
15380,9,5,1682.36,5,4,4,13,High Value
15381,214,2,596.85,1,3,3,7,At Risk
15382,15,6,5927.86,4,5,5,14,High Value
15384,170,2,635.76,2,3,3,8,At Risk
15385,40,1,316.88,3,1,2,6,Regular
15386,186,1,394.14,1,1,2,4,Hibernating
15388,270,1,140.54,1,1,1,3,Hibernating
15389,172,1,500.0,2,1,3,6,Hibernating
15392,5,4,1515.73,5,4,4,13,High Value
15393,16,2,231.86,4,3,1,8,Potential
15394,10,4,2183.54,5,4,5,14,High Value
15395,326,1,107.45,1,1,1,3,Hibernating
15396,113,1,288.18,2,1,2,5,Hibernating
15397,290,1,94.0,1,1,1,3,Hibernating
15398,16,2,1339.63,4,3,4,11,Potential
15399,1,3,815.77,5,3,3,11,Potential
15400,92,5,666.7,2,4,3,9,At Risk
15402,149,2,626.35,2,3,3,8,At Risk
15405,189,1,349.1,1,1,2,4,Hibernating
15406,31,2,426.61,4,3,2,9,Potential
15407,34,4,1046.74,3,4,4,11,Loyal
15408,264,1,267.18,1,1,2,4,Hibernating
15410,84,8,3450.84,2,5,5,12,At Risk
15411,26,4,1336.43,4,4,4,12,High Value
15412,171,1,190.53,2,1,1,4,Hibernating
15414,10,3,774.9,5,3,3,11,Potential
15415,313,1,559.61,1,1,3,5,Hibernating
15416,65,4,3974.37,3,4,5,12,Loyal
15417,85,1,508.8,2,1,3,6,Hibernating
15419,25,1,135.86,4,1,1,6,New
15421,59,4,950.36,3,4,4,11,Loyal
15422,323,2,97.7,1,3,1,5,Regular
15423,38,1,43.5,3,1,1,5,Regular
15424,254,2,383.34,1,3,2,6,Regular
15426,19,5,1386.58,4,4,4,12,High Value
15427,33,3,1430.54,3,3,4,10,Regular
15428,15,1,93.78,4,1,1,6,New
15429,27,2,364.9,4,3,2,9,Potential
15432,23,1,171.19,4,1,1,6,New
15433,214,2,417.87,1,3,2,6,Regular
15434,8,5,997.48,5,4,4,13,High Value
15435,22,1,149.29,4,1,1,6,New
15436,12,3,1067.75,5,3,4,12,Potential
15437,262,1,200.16,1,1,1,3,Hibernating
15438,131,1,156.58,2,1,1,4,Hibernating
15440,55,3,383.68,3,3,2,8,Regular
15442,249,1,594.0,1,1,3,5,Hibernating
15443,2,7,3188.84,5,5,5,15,High Value
15444,9,2,1411.21,5,3,4,12,Potential
15445,264,1,113.5,1,1,1,3,Hibernating
15447,331,1,155.17,1,1,1,3,Hibernating
15448,313,1,494.64,1,1,3,5,Hibernating
15449,26,3,971.22,4,3,4,11,Potential
15450,30,1,429.84,4,1,2,7,New
15452,30,3,528.48,4,3,3,10,Potential
15453,2,7,1371.77,5,5,4,14,High Value
15454,362,1,179.1,1,1,1,3,Hibernating
15456,283,3,434.59,1,3,2,6,Regular
15457,262,1,237.07,1,1,1,3,Hibernating
15458,25,1,161.64,4,1,1,6,New
15460,354,1,214.26,1,1,1,3,Hibernating
15462,94,3,234.6,2,3,1,6,Regular
15463,29,1,126.14,4,1,1,6,New
15464,338,1,1044.65,1,1,4,6,Hibernating
15465,20,18,6945.02,4,5,5,14,High Value
15466,85,1,334.53,2,1,2,5,Hibernating
15467,9,3,511.88,5,3,3,11,Potential
15468,51,2,438.46,3,3,2,8,Regular
15469,50,2,504.5,3,3,3,9,Regular
15471,2,1,454.48,5,1,2,8,New
15472,113,1,371.56,2,1,2,5,Hibernating
15473,14,7,1465.2,4,5,4,13,High Value
15475,77,1,454.11,2,1,2,5,Hibernating
15478,40,2,1399.92,3,3,4,10,Regular
15480,116,1,905.5,2,1,3,6,Hibernating
15482,16,11,6353.52,4,5,5,14,High Value
15483,161,4,225.26,2,4,1,7,Regular
15484,1,4,3559.21,5,4,5,14,High Value
15485,30,3,2564.5,4,3,5,12,Potential
15488,93,1,91.32,2,1,1,4,Hibernating
15489,23,3,1090.03,4,3,4,11,Potential
15491,95,6,3090.85,2,5,5,12,At Risk
15492,28,2,659.46,4,3,3,10,Potential
15493,33,5,1918.86,3,4,4,11,Loyal
15494,21,2,1280.58,4,3,4,11,Potential
15497,18,2,1259.7,4,3,4,11,Potential
15498,3,27,13252.55,5,5,5,15,High Value
15500,8,4,1131.56,5,4,4,13,High Value
15502,16,10,5548.58,4,5,5,14,High Value
15503,363,1,141.04,1,1,1,3,Hibernating
15504,81,1,52.83,2,1,1,4,Hibernating
15505,53,5,3497.14,3,4,5,12,Loyal
15506,23,3,972.08,4,3,4,11,Potential
15507,172,1,475.86,2,1,3,6,Hibernating
15508,189,6,1000.27,1,5,4,10,At Risk
15510,331,1,250.0,1,1,2,4,Hibernating
15511,12,5,900.53,5,4,3,12,Loyal
15512,156,2,121.0,2,3,1,6,Regular
15513,33,19,14520.08,3,5,5,13,Loyal
15514,12,11,2907.45,5,5,5,15,High Value
15516,45,3,62.43,3,3,1,7,Regular
15517,233,1,267.03,1,1,2,4,Hibernating
15518,64,8,1897.75,3,5,4,12,Loyal
15520,2,1,343.5,5,1,2,8,New
15521,40,8,2699.65,3,5,5,13,Loyal
15522,33,2,397.99,3,3,2,8,Regular
15523,84,1,412.01,2,1,2,5,Hibernating
15524,25,1,440.0,4,1,2,7,New
15525,2,3,716.97,5,3,3,11,Potential
15526,33,2,148.44,3,3,1,7,Regular
15527,19,8,2411.68,4,5,5,14,High Value
15528,254,1,229.33,1,1,1,3,Hibernating
15529,23,11,3932.6,4,5,5,14,High Value
15530,22,4,1497.31,4,4,4,12,High Value
15531,8,2,1972.39,5,3,4,12,Potential
15532,25,4,1490.98,4,4,4,12,High Value
15533,19,3,746.92,4,3,3,10,Potential
15535,173,4,426.4,2,4,2,8,Regular
15537,163,1,110.92,2,1,1,4,Hibernating
15539,7,1,538.46,5,1,3,9,New
15540,11,1,213.3,5,1,1,7,New
15541,114,1,85.13,2,1,1,4,Hibernating
15543,288,1,127.86,1,1,1,3,Hibernating
15544,9,9,3542.51,5,5,5,15,High Value
15545,54,2,288.97,3,3,2,8,Regular
15547,7,14,4910.6,5,5,5,15,High Value
15549,77,3,1640.21,2,3,4,9,At Risk
15550,4,4,575.63,5,4,3,12,Loyal
15551,37,1,436.06,3,1,2,6,Regular
15552,217,1,90.12,1,1,1,3,Hibernating
15553,60,1,428.93,3,1,2,6,Regular
15554,278,1,217.2,1,1,1,3,Hibernating
15555,12,16,4745.75,5,5,5,15,High Value
15556,24,1,279.77,4,1,2,7,New
15557,29,1,468.91,4,1,2,7,New
15561,12,4,722.74,5,4,3,12,Loyal
15562,352,1,134.55,1,1,1,3,Hibernating
15563,22,3,1310.69,4,3,4,11,Potential
15565,50,2,173.16,3,3,1,7,Regular
15567,19,1,186.01,4,1,1,6,New
15568,3,3,758.29,5,3,3,11,Potential
15569,104,5,1375.71,2,4,4,10,At Risk
15570,7,12,4093.27,5,5,5,15,High Value
15571,12,4,650.43,5,4,3,12,Loyal
15572,5,7,2533.42,5,5,5,15,High Value
15573,32,2,583.24,4,3,3,10,Potential
15574,178,4,675.64,2,4,3,9,At Risk
15576,38,1,921.37,3,1,4,8,Regular
15577,151,3,258.88,2,3,2,7,Regular
15578,162,1,127.1,2,1,1,4,Hibernating
15579,69,2,327.6,3,3,2,8,Regular
15581,156,10,717.43,2,5,3,10,At Risk
15582,25,3,682.91,4,3,3,10,Potential
15584,24,4,718.36,4,4,3,11,Loyal
15585,177,1,455.3,2,1,2,5,Hibernating
15587,50,4,913.68,3,4,4,11,Loyal
15589,256,3,456.58,1,3,2,6,Regular
15592,47,1,388.58,3,1,2,6,Regular
15593,71,1,199.8,3,1,1,5,Regular
15594,16,5,1767.53,4,4,4,12,High Value
15596,101,5,1343.34,2,4,4,10,At Risk
15597,35,1,315.72,3,1,2,6,Regular
15598,53,1,235.68,3,1,1,5,Regular
15599,27,2,761.74,4,3,3,10,Potential
15601,11,14,6745.36,5,5,5,15,High Value
15602,8,9,1102.37,5,5,4,14,High Value
15603,79,1,48.48,2,1,1,4,Hibernating
15604,52,1,216.39,3,1,1,5,Regular
15605,36,5,1198.23,3,4,4,11,Loyal
15606,61,9,2422.64,3,5,5,13,Loyal
15607,337,1,104.76,1,1,1,3,Hibernating
15608,28,4,1093.68,4,4,4,12,High Value
15609,184,1,270.03,1,1,2,4,Hibernating
15610,52,1,112.46,3,1,1,5,Regular
15611,10,11,1547.39,5,5,4,14,High Value
15612,36,2,195.15,3,3,1,7,Regular
15615,10,23,10360.04,5,5,5,15,High Value
15618,33,4,747.03,3,4,3,10,Loyal
15619,11,1,336.4,5,1,2,8,New
15620,57,3,1524.4,3,3,4,10,Regular
15621,4,4,1158.77,5,4,4,13,High Value
15622,43,9,3224.53,3,5,5,13,Loyal
15623,141,1,301.03,2,1,2,5,Hibernating
15624,117,4,588.13,2,4,3,9,At Risk
15625,104,4,1504.56,2,4,4,10,At Risk
15626,75,2,675.8,2,3,3,8,At Risk
15628,5,9,2865.64,5,5,5,15,High Value
15630,45,2,1180.4,3,3,4,10,Regular
15632,16,8,3147.31,4,5,5,14,High Value
15634,17,1,243.55,4,1,2,7,New
15636,90,2,724.76,2,3,3,8,At Risk
15637,53,1,223.36,3,1,1,5,Regular
15639,134,1,425.32,2,1,2,5,Hibernating
15640,4,15,12336.74,5,5,5,15,High Value
15641,105,4,1887.2,2,4,4,10,At Risk
15643,192,3,647.4,1,3,3,7,At Risk
15644,166,4,803.54,2,4,3,9,At Risk
15645,19,1,611.59,4,1,3,8,New
15646,158,3,425.14,2,3,2,7,Regular
15648,204,2,584.75,1,3,3,7,At Risk
15649,336,2,816.0,1,3,3,7,At Risk
15651,37,3,646.3,3,3,3,9,Regular
15652,91,1,337.74,2,1,2,5,Hibernating
15653,93,2,877.44,2,3,3,8,At Risk
15654,9,2,922.53,5,3,4,12,Potential
15655,243,1,511.32,1,1,3,5,Hibernating
15656,45,4,748.5,3,4,3,10,Loyal
15657,23,1,30.0,4,1,1,6,New
15658,190,5,958.9,1,4,4,9,At Risk
15659,44,1,306.45,3,1,2,6,Regular
15660,25,9,1552.01,4,5,4,13,High Value
15661,317,2,309.8,1,3,2,6,Regular
15663,106,1,138.14,2,1,1,4,Hibernating
15664,51,1,358.63,3,1,2,6,Regular
15665,168,2,2222.21,2,3,5,10,At Risk
15667,40,1,301.32,3,1,2,6,Regular
15668,218,1,76.32,1,1,1,3,Hibernating
15669,40,4,677.69,3,4,3,10,Loyal
15670,297,1,173.05,1,1,1,3,Hibernating
15671,19,7,2635.49,4,5,5,14,High Value
15673,88,4,2726.23,2,4,5,11,At Risk
15674,73,4,1744.02,2,4,4,10,At Risk
15675,81,3,323.69,2,3,2,7,Regular
15676,19,3,3324.09,4,3,5,12,Potential
15677,49,1,657.23,3,1,3,7,Regular
15678,53,1,352.7,3,1,2,6,Regular
15679,24,4,781.28,4,4,3,11,Loyal
15680,9,3,1333.68,5,3,4,12,Potential
15681,25,5,946.36,4,4,4,12,High Value
15683,117,1,193.75,2,1,1,4,Hibernating
15687,9,9,2981.5,5,5,5,15,High Value
15689,120,2,254.1,2,3,2,7,Regular
15690,4,2,239.76,5,3,1,9,Potential
15691,252,1,136.8,1,1,1,3,Hibernating
15692,28,1,191.04,4,1,1,6,New
15694,1,13,6408.6,5,5,5,15,High Value
15695,267,2,409.98,1,3,2,6,Regular
15696,33,8,2619.11,3,5,5,13,Loyal
15699,18,1,309.65,4,1,2,7,New
15700,172,2,664.03,2,3,3,8,At Risk
15701,2,4,1529.0,5,4,4,13,High Value
15703,265,1,211.5,1,1,1,3,Hibernating
15704,140,4,2293.62,2,4,5,11,At Risk
15705,201,1,143.1,1,1,1,3,Hibernating
15706,64,4,1001.81,3,4,4,11,Loyal
15707,35,4,916.98,3,4,4,11,Loyal
15708,41,7,3200.73,3,5,5,13,Loyal
15709,284,1,133.25,1,1,1,3,Hibernating
15712,9,5,1072.36,5,4,4,13,High Value
15713,143,2,346.75,2,3,2,7,Regular
15714,12,2,330.03,5,3,2,10,Potential
15716,146,4,1101.11,2,4,4,10,At Risk
15717,234,1,150.3,1,1,1,3,Hibernating
15719,33,13,5026.77,3,5,5,13,Loyal
15720,24,1,598.73,4,1,3,8,New
15721,12,1,471.4,5,1,2,8,New
15722,36,5,2169.86,3,4,5,12,Loyal
15723,365,1,190.7,1,1,1,3,Hibernating
15724,201,2,212.3,1,3,1,5,Regular
15725,15,1,415.25,4,1,2,7,New
15727,17,7,5159.06,4,5,5,14,High Value
15729,213,1,62.0,1,1,1,3,Hibernating
15730,66,3,1108.38,3,3,4,10,Regular
15732,212,2,294.12,1,3,2,6,Regular
15733,283,1,162.3,1,1,1,3,Hibernating
15734,115,2,1339.45,2,3,4,9,At Risk
15737,15,8,1121.21,4,5,4,13,High Value
15738,19,16,4788.77,4,5,5,14,High Value
15739,66,1,449.12,3,1,2,6,Regular
15740,49,1,154.88,3,1,1,5,Regular
15743,16,4,775.96,4,4,3,11,Loyal
15744,78,1,34.8,2,1,1,4,Hibernating
15745,19,4,1071.24,4,4,4,12,High Value
15746,134,1,182.96,2,1,1,4,Hibernating
15747,13,3,946.64,5,3,4,12,Potential
15748,40,1,144.36,3,1,1,5,Regular
15749,235,3,21535.9,1,3,5,9,At Risk
15750,3,8,2448.8,5,5,5,15,High Value
15752,40,7,2618.15,3,5,5,13,Loyal
15753,305,1,79.2,1,1,1,3,Hibernating
15754,51,3,455.67,3,3,2,8,Regular
15755,10,6,2318.88,5,5,5,15,High Value
15756,61,4,528.01,3,4,3,10,Loyal
15757,66,2,714.42,3,3,3,9,Regular
15758,25,1,205.25,4,1,1,6,New
15759,218,3,253.04,1,3,2,6,Regular
15762,65,2,583.75,3,3,3,9,Regular
15763,32,2,1048.67,4,3,4,11,Potential
15764,88,6,3245.47,2,5,5,12,At Risk
15766,64,1,315.06,3,1,2,6,Regular
15768,116,3,621.83,2,3,3,8,At Risk
15769,7,26,51823.72,5,5,5,15,High Value
15773,6,1,635.68,5,1,3,9,New
15774,69,1,270.8,3,1,2,6,Regular
15775,245,1,104.9,1,1,1,3,Hibernating
15776,133,1,241.62,2,1,1,4,Hibernating
15777,241,4,1021.61,1,4,4,9,At Risk
15780,184,3,475.28,1,3,3,7,At Risk
15781,25,3,333.56,4,3,2,9,Potential
15782,10,3,2593.94,5,3,5,13,Potential
15783,11,1,246.3,5,1,2,8,New
15785,33,5,2303.75,3,4,5,12,Loyal
15786,46,3,4821.0,3,3,5,11,Regular
15787,26,3,933.26,4,3,4,11,Potential
15789,358,1,351.3,1,1,2,4,Hibernating
15790,10,1,218.75,5,1,1,7,New
15791,44,2,1604.44,3,3,4,10,Regular
15793,15,3,948.96,4,3,4,11,Potential
15795,150,1,610.01,2,1,3,6,Hibernating
15796,1,8,2704.66,5,5,5,15,High Value
15797,113,3,2192.4,2,3,5,10,At Risk
15799,76,3,884.14,2,3,3,8,At Risk
15800,107,2,696.89,2,3,3,8,At Risk
15801,46,3,1042.19,3,3,4,10,Regular
15803,51,1,415.82,3,1,2,6,Regular
15804,1,13,3848.55,5,5,5,15,High Value
15805,23,17,5411.87,4,5,5,14,High Value
15806,46,3,784.58,3,3,3,9,Regular
15807,50,3,903.9,3,3,3,9,Regular
15808,306,4,3641.07,1,4,5,10,At Risk
15809,36,5,399.21,3,4,2,9,Loyal
15810,79,4,1145.43,2,4,4,10,At Risk
15811,22,6,2171.32,4,5,5,14,High Value
15812,107,5,1801.14,2,4,4,10,At Risk
15813,208,2,1303.91,1,3,4,8,At Risk
15814,17,4,1842.73,4,4,4,12,High Value
15815,64,5,2100.6,3,4,5,12,Loyal
15819,49,4,1905.45,3,4,4,11,Loyal
15820,320,1,206.98,1,1,1,3,Hibernating
15821,44,2,570.96,3,3,3,9,Regular
15822,3,2,885.47,5,3,3,11,Potential
15825,172,1,532.94,2,1,3,6,Hibernating
15826,56,3,1649.36,3,3,4,10,Regular
15827,73,14,1648.54,2,5,4,11,At Risk
15829,99,2,636.14,2,3,3,8,At Risk
15830,38,1,547.7,3,1,3,7,Regular
15831,58,3,740.64,3,3,3,9,Regular
15832,254,1,836.79,1,1,3,5,Hibernating
15834,70,4,2073.8,3,4,5,12,Loyal
15835,44,4,954.09,3,4,4,11,Loyal
15836,50,1,117.47,3,1,1,5,Regular
15837,65,1,391.98,3,1,2,6,Regular
15838,11,19,33362.28,5,5,5,15,High Value
15839,33,3,1020.74,3,3,4,10,Regular
15840,59,2,345.66,3,3,2,8,Regular
15841,73,4,1209.1,2,4,4,10,At Risk
15843,304,1,118.95,1,1,1,3,Hibernating
15844,46,1,130.74,3,1,1,5,Regular
15845,18,8,3650.87,4,5,5,14,High Value
15847,38,2,389.27,3,3,2,8,Regular
15850,19,2,234.88,4,3,1,8,Potential
15852,187,2,160.71,1,3,1,5,Regular
15853,52,1,110.8,3,1,1,5,Regular
15854,4,12,2969.12,5,5,5,15,High Value
15855,137,5,712.24,2,4,3,9,At Risk
15856,4,27,15928.48,5,5,5,15,High Value
15857,19,1,297.0,4,1,2,7,New
15858,16,5,1427.57,4,4,4,12,High Value
15860,41,8,965.16,3,5,4,12,Loyal
15861,12,8,2981.92,5,5,5,15,High Value
15862,8,4,832.88,5,4,3,12,Loyal
15863,26,2,68.84,4,3,1,8,Potential
15864,22,6,1769.78,4,5,4,13,High Value
15865,41,3,895.13,3,3,3,9,Regular
15866,101,1,211.89,2,1,1,4,Hibernating
15867,5,15,3788.75,5,5,5,15,High Value
15869,277,2,149.64,1,3,1,5,Regular
15870,33,1,351.44,3,1,2,6,Regular
15872,15,2,316.25,4,3,2,9,Potential
15874,64,7,4330.67,3,5,5,13,Loyal
15877,2,2,437.83,5,3,2,10,Potential
15880,369,1,299.03,1,1,2,4,Hibernating
15881,312,5,438.24,1,4,2,7,Regular
15882,199,4,493.08,1,4,3,8,At Risk
15883,2,2,396.48,5,3,2,10,Potential
15885,93,1,349.35,2,1,2,5,Hibernating
15886,60,1,181.09,3,1,1,5,Regular
15888,81,1,135.6,2,1,1,4,Hibernating
15889,157,2,400.77,2,3,2,7,Regular
15891,227,1,509.13,1,1,3,5,Hibernating
15894,253,2,257.6,1,3,2,6,Regular
15895,150,1,179.17,2,1,1,4,Hibernating
15897,194,2,208.59,1,3,1,5,Regular
15898,1,5,1379.63,5,4,4,13,High Value
15899,369,1,56.25,1,1,1,3,Hibernating
15900,24,1,337.28,4,1,2,7,New
15901,17,3,349.75,4,3,2,9,Potential
15903,10,7,5126.34,5,5,5,15,High Value
15904,8,1,164.68,5,1,1,7,New
15906,20,7,1521.79,4,5,4,13,High Value
15907,4,3,881.87,5,3,3,11,Potential
15909,174,1,191.94,2,1,1,4,Hibernating
15910,1,8,1228.88,5,5,4,14,High Value
15912,178,2,264.62,2,3,2,7,Regular
15916,16,8,1466.01,4,5,4,13,High Value
15917,248,1,123.1,1,1,1,3,Hibernating
15918,191,2,334.23,1,3,2,6,Regular
15919,20,2,525.69,4,3,3,10,Potential
15920,154,3,163.55,2,3,1,6,Regular
15921,173,1,323.03,2,1,2,5,Hibernating
15922,373,1,363.6,1,1,2,4,Hibernating
15923,373,1,127.08,1,1,1,3,Hibernating
15925,194,1,207.15,1,1,1,3,Hibernating
15930,67,1,426.63,3,1,2,6,Regular
15932,4,8,2461.85,5,5,5,15,High Value
15933,21,3,1107.46,4,3,4,11,Potential
15935,239,1,108.04,1,1,1,3,Hibernating
15937,64,1,145.35,3,1,1,5,Regular
15938,112,5,404.58,2,4,2,8,Regular
15939,90,14,6087.26,2,5,5,12,At Risk
15940,311,1,35.8,1,1,1,3,Hibernating
15942,134,1,337.44,2,1,2,5,Hibernating
15944,277,1,325.1,1,1,2,4,Hibernating
15945,365,1,181.0,1,1,1,3,Hibernating
15947,83,1,1708.24,2,1,4,7,Hibernating
15948,8,2,955.24,5,3,4,12,Potential
15949,17,2,364.72,4,3,2,9,Potential
15950,32,4,1684.46,4,4,4,12,High Value
15951,9,2,669.57,5,3,3,11,Potential
15952,34,4,781.91,3,4,3,10,Loyal
15953,15,8,1632.43,4,5,4,13,High Value
15955,24,14,4389.81,4,5,5,14,High Value
15957,32,1,428.89,4,1,2,7,New
15958,74,1,104.35,2,1,1,4,Hibernating
15963,20,2,470.76,4,3,2,9,Potential
15965,17,4,808.87,4,4,3,11,Loyal
15967,23,2,397.68,4,3,2,9,Potential
15969,3,3,582.9,5,3,3,11,Potential
15970,304,1,314.1,1,1,2,4,Hibernating
15971,18,12,4194.9,4,5,5,14,High Value
15973,367,1,99.77,1,1,1,3,Hibernating
15974,39,7,3429.55,3,5,5,13,Loyal
15975,84,1,371.01,2,1,2,5,Hibernating
15976,165,2,427.64,2,3,2,7,Regular
15977,17,2,1054.73,4,3,4,11,Potential
15978,77,1,1098.78,2,1,4,7,Hibernating
15980,89,3,2398.86,2,3,5,10,At Risk
15981,25,8,3408.48,4,5,5,14,High Value
15983,22,4,1465.12,4,4,4,12,High Value
15984,3,10,2759.93,5,5,5,15,High Value
15985,123,2,1037.42,2,3,4,9,At Risk
15986,30,1,168.12,4,1,1,6,New
15987,12,7,1432.77,5,5,4,14,High Value
15988,19,1,156.78,4,1,1,6,New
15990,44,2,792.11,3,3,3,9,Regular
15992,4,1,41.99,5,1,1,7,New
15993,9,7,2728.22,5,5,5,15,High Value
15994,55,1,414.27,3,1,2,6,Regular
15996,88,6,1016.68,2,5,4,11,At Risk
15998,37,5,3074.42,3,4,5,12,Loyal
16000,3,3,12393.7,5,3,5,13,Potential
16003,30,5,2735.37,4,4,5,13,High Value
16005,12,4,578.71,5,4,3,12,Loyal
16006,211,1,101.4,1,1,1,3,Hibernating
16007,48,4,1693.81,3,4,4,11,Loyal
16008,24,3,478.78,4,3,3,10,Potential
16009,22,4,972.11,4,4,4,12,High Value
16010,246,3,392.4,1,3,2,6,Regular
16011,8,16,3352.96,5,5,5,15,High Value
16012,35,3,1415.29,3,3,4,10,Regular
16013,4,47,33453.45,5,5,5,15,High Value
16014,38,3,637.58,3,3,3,9,Regular
16015,4,3,689.41,5,3,3,11,Potential
16016,3,8,1440.06,5,5,4,14,High Value
16017,47,1,211.88,3,1,1,5,Regular
16018,39,2,408.9,3,3,2,8,Regular
16019,47,9,3450.24,3,5,5,13,Loyal
16020,17,3,851.01,4,3,3,10,Potential
16022,260,1,602.63,1,1,3,5,Hibernating
16023,46,3,719.81,3,3,3,9,Regular
16024,12,1,245.75,5,1,2,8,New
16025,30,1,439.66,4,1,2,7,New
16026,43,1,236.09,3,1,1,5,Regular
16027,92,6,934.62,2,5,4,11,At Risk
16029,39,62,60369.93,3,5,5,13,Loyal
16030,310,1,331.24,1,1,2,4,Hibernating
16031,92,2,547.9,2,3,3,8,At Risk
16033,6,20,8690.03,5,5,5,15,High Value
16034,196,3,437.7,1,3,2,6,Regular
16036,87,2,758.92,2,3,3,8,At Risk
16037,270,3,855.02,1,3,3,7,At Risk
16038,8,3,454.33,5,3,2,10,Potential
16040,65,3,1313.55,3,3,4,10,Regular
16041,31,3,3166.4,4,3,5,12,Potential
16042,22,5,1127.57,4,4,4,12,High Value
16043,38,4,773.99,3,4,3,10,Loyal
16045,120,4,1340.7,2,4,4,10,At Risk
16048,373,2,243.69,1,3,2,6,Regular
16049,40,3,1074.81,3,3,4,10,Regular
16050,174,1,137.9,2,1,1,4,Hibernating
16052,54,1,362.06,3,1,2,6,Regular
16053,33,2,1511.95,3,3,4,10,Regular
16054,145,1,783.9,2,1,3,6,Hibernating
16055,221,1,134.8,1,1,1,3,Hibernating
16056,45,1,650.75,3,1,3,7,Regular
16057,16,7,2140.22,4,5,5,14,High Value
16059,66,6,1453.16,3,5,4,12,Loyal
16062,10,4,1153.62,5,4,4,13,High Value
16063,260,1,335.32,1,1,2,4,Hibernating
16065,365,1,367.14,1,1,2,4,Hibernating
16066,17,5,1521.04,4,4,4,12,High Value
16070,22,2,852.15,4,3,3,10,Potential
16071,45,1,326.24,3,1,2,6,Regular
16072,288,1,584.32,1,1,3,5,Hibernating
16073,297,1,94.35,1,1,1,3,Hibernating
16076,3,10,2173.53,5,5,5,15,High Value
16078,284,1,79.2,1,1,1,3,Hibernating
16079,17,3,1352.0,4,3,4,11,Potential
16080,82,2,176.6,2,3,1,6,Regular
16081,56,5,2799.42,3,4,5,12,Loyal
16083,101,2,1317.62,2,3,4,9,At Risk
16084,299,1,436.18,1,1,2,4,Hibernating
16085,23,5,981.51,4,4,4,12,High Value
16086,59,5,1119.31,3,4,4,11,Loyal
16091,155,2,315.06,2,3,2,7,Regular
16092,115,3,779.36,2,3,3,8,At Risk
16093,107,1,17.0,2,1,1,4,Hibernating
16094,12,4,1041.83,5,4,4,13,High Value
16096,264,1,320.62,1,1,2,4,Hibernating
16097,240,1,185.05,1,1,1,3,Hibernating
16098,88,7,2005.63,2,5,5,12,At Risk
16099,50,3,731.9,3,3,3,9,Regular
16101,71,1,1245.96,3,1,4,8,Regular
16102,42,3,1842.14,3,3,4,10,Regular
16103,7,6,1429.64,5,5,4,14,High Value
16104,62,1,298.21,3,1,2,6,Regular
16105,249,1,336.96,1,1,2,4,Hibernating
16106,66,1,108.38,3,1,1,5,Regular
16107,18,7,3204.16,4,5,5,14,High Value
16108,85,1,816.1,2,1,3,6,Hibernating
16109,219,2,611.88,1,3,3,7,At Risk
16110,45,3,1320.95,3,3,4,10,Regular
16112,143,4,195.74,2,4,1,7,Regular
16113,183,1,161.38,1,1,1,3,Hibernating
16114,171,1,135.75,2,1,1,4,Hibernating
16115,10,8,1660.88,5,5,4,14,High Value
16116,212,1,592.88,1,1,3,5,Hibernating
16117,190,1,232.21,1,1,1,3,Hibernating
16119,8,2,423.36,5,3,2,10,Potential
16120,59,4,1294.14,3,4,4,11,Loyal
16121,57,2,854.66,3,3,3,9,Regular
16122,73,4,684.42,2,4,3,9,At Risk
16123,52,1,307.78,3,1,2,6,Regular
16124,317,1,187.15,1,1,1,3,Hibernating
16125,367,1,289.35,1,1,2,4,Hibernating
16126,29,4,6287.77,4,4,5,13,High Value
16127,39,1,656.25,3,1,3,7,Regular
16128,18,5,1880.22,4,4,4,12,High Value
16131,52,6,3506.54,3,5,5,13,Loyal
16133,4,33,14305.66,5,5,5,15,High Value
16134,22,2,603.69,4,3,3,10,Potential
16135,263,1,517.55,1,1,3,5,Hibernating
16136,60,3,709.38,3,3,3,9,Regular
16139,19,3,635.41,4,3,3,10,Potential
16140,66,2,708.18,3,3,3,9,Regular
16141,88,1,620.4,2,1,3,6,Hibernating
16142,250,1,535.34,1,1,3,5,Hibernating
16143,3,6,2419.84,5,5,5,15,High Value
16144,247,1,175.2,1,1,1,3,Hibernating
16145,9,11,3741.98,5,5,5,15,High Value
16146,157,3,734.13,2,3,3,8,At Risk
16147,134,1,375.0,2,1,2,5,Hibernating
16148,296,1,76.32,1,1,1,3,Hibernating
16149,5,2,280.52,5,3,2,10,Potential
16150,43,5,1906.07,3,4,4,11,Loyal
16152,269,1,1829.04,1,1,4,6,Hibernating
16153,50,5,1824.23,3,4,4,11,Loyal
16156,9,9,3002.24,5,5,5,15,High Value
16157,16,3,644.24,4,3,3,10,Potential
16159,282,1,348.2,1,1,2,4,Hibernating
16160,65,2,1009.45,3,3,4,10,Regular
16161,2,19,5354.83,5,5,5,15,High Value
16162,252,1,37.4,1,1,1,3,Hibernating
16163,232,2,441.6,1,3,2,6,Regular
16164,17,3,802.53,4,3,3,10,Potential
16168,11,27,3770.6,5,5,5,15,High Value
16169,8,4,1822.97,5,4,4,13,High Value
16170,51,6,1880.42,3,5,4,12,Loyal
16171,59,1,73.2,3,1,1,5,Regular
16172,95,5,1140.21,2,4,4,10,At Risk
16173,16,6,1406.57,4,5,4,13,High Value
16174,126,3,1009.55,2,3,4,9,At Risk
16175,94,4,1037.59,2,4,4,10,At Risk
16177,50,1,331.95,3,1,2,6,Regular
16178,138,1,197.9,2,1,1,4,Hibernating
16179,61,1,215.83,3,1,1,5,Regular
16180,100,8,10217.48,2,5,5,12,At Risk
16181,73,1,305.54,2,1,2,5,Hibernating
16182,72,4,6617.65,2,4,5,11,At Risk
16183,67,1,338.71,3,1,2,6,Regular
16184,64,6,1155.54,3,5,4,12,Loyal
16185,17,2,529.41,4,3,3,10,Potential
16186,23,12,3991.94,4,5,5,14,High Value
16187,32,15,6841.24,4,5,5,14,High Value
16188,45,4,981.86,3,4,4,11,Loyal
16189,16,2,215.48,4,3,1,8,Potential
16190,40,1,215.08,3,1,1,5,Regular
16191,3,13,4916.57,5,5,5,15,High Value
16193,237,1,314.45,1,1,2,4,Hibernating
16198,75,1,400.68,2,1,2,5,Hibernating
16200,4,2,1068.87,5,3,4,12,Potential
16201,3,4,1821.52,5,4,4,13,High Value
16202,361,1,365.27,1,1,2,4,Hibernating
16203,59,4,589.15,3,4,3,10,Loyal
16204,23,1,384.18,4,1,2,7,New
16205,31,4,751.03,4,4,3,11,Loyal
16206,55,4,537.06,3,4,3,10,Loyal
16207,25,1,394.38,4,1,2,7,New
16208,45,2,664.26,3,3,3,9,Regular
16209,89,5,2262.62,2,4,5,11,At Risk
16210,2,17,21076.3,5,5,5,15,High Value
16211,89,1,542.77,2,1,3,6,Hibernating
16212,19,2,681.19,4,3,3,10,Potential
16213,79,1,159.0,2,1,1,4,Hibernating
16214,171,3,1062.75,2,3,4,9,At Risk
16215,81,1,242.35,2,1,1,4,Hibernating
16216,267,1,914.93,1,1,4,6,Hibernating
16217,235,2,266.45,1,3,2,6,Regular
16218,30,7,3054.87,4,5,5,14,High Value
16221,37,3,860.86,3,3,3,9,Regular
16222,318,1,773.55,1,1,3,5,Hibernating
16224,57,4,1295.3,3,4,4,11,Loyal
16225,45,5,1096.32,3,4,4,11,Loyal
16226,203,3,255.12,1,3,2,6,Regular
16227,225,1,308.32,1,1,2,4,Hibernating
16229,87,2,1010.6,2,3,4,9,At Risk
16230,190,2,542.03,1,3,3,7,At Risk
16232,44,4,983.23,3,4,4,11,Loyal
16233,71,3,422.13,3,3,2,8,Regular
16235,41,4,848.41,3,4,3,10,Loyal
16236,78,1,432.2,2,1,2,5,Hibernating
16239,57,2,372.9,3,3,2,8,Regular
16240,24,2,3693.81,4,3,5,12,Potential
16241,10,13,2590.31,5,5,5,15,High Value
16242,8,7,3574.91,5,5,5,15,High Value
16243,34,2,409.1,3,3,2,8,Regular
16244,212,2,1522.75,1,3,4,8,At Risk
16245,24,3,1352.36,4,3,4,11,Potential
16247,170,1,114.56,2,1,1,4,Hibernating
16248,62,1,152.94,3,1,1,5,Regular
16249,53,5,1800.07,3,4,4,11,Loyal
16250,261,2,389.44,1,3,2,6,Regular
16253,67,2,3683.86,3,3,5,11,Regular
16255,17,8,2609.3,4,5,5,14,High Value
16256,267,1,732.63,1,1,3,5,Hibernating
16257,177,1,21.95,2,1,1,4,Hibernating
16258,45,5,5203.51,3,4,5,12,Loyal
16260,51,1,1035.45,3,1,4,8,Regular
16261,17,4,728.54,4,4,3,11,Loyal
16265,9,9,5323.15,5,5,5,15,High Value
16266,74,7,861.89,2,5,3,10,At Risk
16268,71,2,617.65,3,3,3,9,Regular
16270,353,1,1141.24,1,1,4,6,Hibernating
16271,16,4,1383.69,4,4,4,12,High Value
16272,117,1,411.7,2,1,2,5,Hibernating
16274,373,1,331.55,1,1,2,4,Hibernating
16275,197,1,559.87,1,1,3,5,Hibernating
16276,177,1,810.6,2,1,3,6,Hibernating
16278,100,1,537.83,2,1,3,6,Hibernating
16279,21,3,1489.88,4,3,4,11,Potential
16281,72,1,2062.06,2,1,5,8,Hibernating
16282,340,1,168.3,1,1,1,3,Hibernating
16283,6,5,1529.81,5,4,4,13,High Value
16284,31,2,812.68,4,3,3,10,Potential
16287,170,1,142.5,2,1,1,4,Hibernating
16292,122,1,280.9,2,1,2,5,Hibernating
16293,22,10,2236.74,4,5,5,14,High Value
16295,10,4,1328.55,5,4,4,13,High Value
16297,269,1,278.55,1,1,2,4,Hibernating
16298,23,3,598.2,4,3,3,10,Potential
16302,127,1,212.82,2,1,1,4,Hibernating
16303,26,3,5305.83,4,3,5,12,Potential
16305,139,1,361.22,2,1,2,5,Hibernating
16306,214,6,602.27,1,5,3,9,At Risk
16308,38,4,2560.0,3,4,5,12,Loyal
16309,106,2,686.67,2,3,3,8,At Risk
16311,18,2,616.26,4,3,3,10,Potential
16313,3,2,274.15,5,3,2,10,Potential
16315,331,1,226.37,1,1,1,3,Hibernating
16316,64,8,2755.56,3,5,5,13,Loyal
16317,120,3,1341.65,2,3,4,9,At Risk
16318,35,1,328.15,3,1,2,6,Regular
16319,218,1,404.4,1,1,2,4,Hibernating
16320,172,2,1038.46,2,3,4,9,At Risk
16321,72,5,230.7,2,4,1,7,Regular
16322,1,2,326.75,5,3,2,10,Potential
16323,196,1,207.5,1,1,1,3,Hibernating
16324,128,3,408.59,2,3,2,7,Regular
16325,47,3,510.54,3,3,3,9,Regular
16326,6,14,3014.22,5,5,5,15,High Value
16327,14,6,3789.67,4,5,5,14,High Value
16330,18,3,242.21,4,3,1,8,Potential
16332,28,7,1572.8,4,5,4,13,High Value
16333,8,22,26626.8,5,5,5,15,High Value
16337,37,1,151.05,3,1,1,5,Regular
16338,157,1,214.8,2,1,1,4,Hibernating
16339,284,1,94.05,1,1,1,3,Hibernating
16340,107,1,534.31,2,1,3,6,Hibernating
16341,25,4,1959.38,4,4,4,12,High Value
16342,75,4,322.41,2,4,2,8,Regular
16343,16,2,328.58,4,3,2,9,Potential
16344,158,1,101.1,2,1,1,4,Hibernating
16345,44,1,565.46,3,1,3,7,Regular
16347,11,2,847.45,5,3,3,11,Potential
16348,32,7,1413.31,4,5,4,13,High Value
16349,291,1,53.5,1,1,1,3,Hibernating
16350,21,4,1100.47,4,4,4,12,High Value
16351,333,1,153.9,1,1,1,3,Hibernating
16352,18,2,494.44,4,3,3,10,Potential
16353,4,23,6675.71,5,5,5,15,High Value
16354,63,2,395.8,3,3,2,8,Regular
16356,198,3,210.32,1,3,1,5,Regular
16357,33,3,658.88,3,3,3,9,Regular
16358,1,4,2024.95,5,4,5,14,High Value
16359,7,9,1460.37,5,5,4,14,High Value
16360,5,6,3349.57,5,5,5,15,High Value
16361,10,4,891.21,5,4,3,12,Loyal
16362,32,5,627.29,4,4,3,11,Loyal
16363,53,1,109.36,3,1,1,5,Regular
16364,12,2,705.79,5,3,3,11,Potential
16365,18,9,1540.42,4,5,4,13,High Value
16366,19,1,327.3,4,1,2,7,New
16367,37,2,800.67,3,3,3,9,Regular
16368,2,2,479.91,5,3,3,11,Potential
16369,18,3,1543.33,4,3,4,11,Potential
16370,82,4,1301.91,2,4,4,10,At Risk
16372,33,2,355.73,3,3,2,8,Regular
16374,66,2,458.78,3,3,2,8,Regular
16376,9,2,965.47,5,3,4,12,Potential
16377,267,1,676.2,1,1,3,5,Hibernating
16378,247,3,362.95,1,3,2,6,Regular
16379,4,4,2131.9,5,4,5,14,High Value
16380,61,1,1743.15,3,1,4,8,Regular
16383,75,2,643.76,2,3,3,8,At Risk
16384,90,2,584.5,2,3,3,8,At Risk
16385,60,3,554.86,3,3,3,9,Regular
16386,29,2,302.57,4,3,2,9,Potential
16387,323,1,94.36,1,1,1,3,Hibernating
16389,53,4,1362.27,3,4,4,11,Loyal
16392,270,1,217.89,1,1,1,3,Hibernating
16393,2,13,2935.8,5,5,5,15,High Value
16394,57,5,1412.06,3,4,4,11,Loyal
16395,61,5,1482.06,3,4,4,11,Loyal
16398,154,2,1631.15,2,3,4,9,At Risk
16399,19,2,406.22,4,3,2,9,Potential
16400,95,1,303.93,2,1,2,5,Hibernating
16401,1,12,4063.19,5,5,5,15,High Value
16402,265,2,293.45,1,3,2,6,Regular
16403,312,1,161.05,1,1,1,3,Hibernating
16404,70,1,443.05,3,1,2,6,Regular
16405,302,2,167.25,1,3,1,5,Regular
16406,19,1,154.35,4,1,1,6,New
16407,13,10,2079.68,5,5,5,15,High Value
16409,36,5,2022.98,3,4,5,12,Loyal
16411,19,2,211.7,4,3,1,8,Potential
16412,54,1,135.99,3,1,1,5,Regular
16413,57,1,262.2,3,1,2,6,Regular
16414,22,2,126.25,4,3,1,8,Potential
16415,44,1,200.27,3,1,1,5,Regular
16416,27,3,1031.4,4,3,4,11,Potential
16418,45,3,631.12,3,3,3,9,Regular
16419,113,6,945.96,2,5,4,11,At Risk
16422,17,51,34311.0,4,5,5,14,High Value
16423,25,1,346.12,4,1,2,7,New
16424,191,1,82.56,1,1,1,3,Hibernating
16425,302,1,302.7,1,1,2,4,Hibernating
16426,2,10,1863.76,5,5,4,14,High Value
16427,263,2,241.06,1,3,1,5,Regular
16429,106,1,284.55,2,1,2,5,Hibernating
16430,57,1,300.85,3,1,2,6,Regular
16431,213,3,623.28,1,3,3,7,At Risk
16432,64,1,287.4,3,1,2,6,Regular
16433,28,1,184.26,4,1,1,6,New
16434,29,7,1511.8,4,5,4,13,High Value
16438,6,5,798.35,5,4,3,12,Loyal
16440,8,5,3640.67,5,4,5,14,High Value
16441,67,2,381.2,3,3,2,8,Regular
16442,2,3,609.3,5,3,3,11,Potential
16444,46,4,645.72,3,4,3,10,Loyal
16445,34,1,230.51,3,1,1,5,Regular
16446,1,2,2.9,5,3,1,9,Potential
16447,136,1,255.91,2,1,2,5,Hibernating
16448,198,1,182.99,1,1,1,3,Hibernating
16449,198,2,674.69,1,3,3,7,At Risk
16450,150,1,311.92,2,1,2,5,Hibernating
16451,88,1,266.97,2,1,2,5,Hibernating
16454,64,1,5.9,3,1,1,5,Regular
16455,64,7,1841.18,3,5,4,12,Loyal
16456,99,5,2158.18,2,4,5,11,At Risk
16457,218,1,208.36,1,1,1,3,Hibernating
16458,3,18,3482.74,5,5,5,15,High Value
16460,28,3,811.23,4,3,3,10,Potential
16461,178,1,142.92,2,1,1,4,Hibernating
16462,74,3,102.0,2,3,1,6,Regular
16463,21,4,1383.7,4,4,4,12,High Value
16464,20,3,1298.66,4,3,4,11,Potential
16466,34,7,1595.96,3,5,4,12,Loyal
16468,74,1,74.9,2,1,1,4,Hibernating
16469,24,4,625.42,4,4,3,11,Loyal
16470,52,4,747.82,3,4,3,10,Loyal
16471,275,1,223.95,1,1,1,3,Hibernating
16473,165,3,314.86,2,3,2,7,Regular
16474,7,7,1750.46,5,5,4,14,High Value
16475,88,4,544.3,2,4,3,9,At Risk
16477,64,7,2494.46,3,5,5,13,Loyal
16478,25,3,331.0,4,3,2,9,Potential
16479,10,2,300.83,5,3,2,10,Potential
16480,76,1,769.29,2,1,3,6,Hibernating
16482,16,1,220.62,4,1,1,6,New
16483,192,1,139.35,1,1,1,3,Hibernating
16484,174,2,379.4,2,3,2,7,Regular
16485,77,1,363.65,2,1,2,5,Hibernating
16488,33,3,492.2,3,3,3,9,Regular
16491,47,1,731.5,3,1,3,7,Regular
16493,80,4,1329.66,2,4,4,10,At Risk
16494,297,1,826.53,1,1,3,5,Hibernating
16495,3,3,648.26,5,3,3,11,Potential
16496,9,3,1562.22,5,3,4,12,Potential
16497,50,6,2965.69,3,5,5,13,Loyal
16498,161,2,86.12,2,3,1,6,Regular
16499,360,2,319.1,1,3,2,6,Regular
16500,5,6,400.86,5,5,2,12,Loyal
16503,107,4,1421.43,2,4,4,10,At Risk
16504,25,1,465.88,4,1,2,7,New
16505,32,1,777.6,4,1,3,8,New
16506,20,2,90.3,4,3,1,8,Potential
16509,297,1,363.7,1,1,2,4,Hibernating
16510,372,1,248.1,1,1,2,4,Hibernating
16511,22,3,916.33,4,3,4,11,Potential
16513,5,4,874.59,5,4,3,12,Loyal
16515,52,5,1624.14,3,4,4,11,Loyal
16516,30,1,101.7,4,1,1,6,New
16517,277,1,162.7,1,1,1,3,Hibernating
16518,61,2,480.92,3,3,3,9,Regular
16519,25,2,212.98,4,3,1,8,Potential
16520,186,3,1036.62,1,3,4,8,At Risk
16523,2,21,9295.67,5,5,5,15,High Value
16525,2,26,11895.57,5,5,5,15,High Value
16526,172,1,290.36,2,1,2,5,Hibernating
16527,81,1,228.06,2,1,1,4,Hibernating
16528,4,1,244.41,5,1,2,8,New
16529,190,1,455.25,1,1,2,4,Hibernating
16531,22,7,1244.59,4,5,4,13,High Value
16532,18,3,6748.8,4,3,5,12,Potential
16533,19,3,1014.19,4,3,4,11,Potential
16535,5,1,593.75,5,1,3,9,New
16536,110,1,538.17,2,1,3,6,Hibernating
16539,3,4,1388.81,5,4,4,13,High Value
16542,54,1,119.62,3,1,1,5,Regular
16545,165,1,339.3,2,1,2,5,Hibernating
16549,10,10,4034.9,5,5,5,15,High Value
16550,109,5,2266.25,2,4,5,11,At Risk
16551,96,3,922.12,2,3,4,9,At Risk
16552,243,2,379.73,1,3,2,6,Regular
16553,163,12,5664.57,2,5,5,12,At Risk
16554,42,3,641.55,3,3,3,9,Regular
16555,35,2,285.89,3,3,2,8,Regular
16556,67,7,3313.79,3,5,5,13,Loyal
16557,24,2,281.85,4,3,2,9,Potential
16558,1,20,8257.04,5,5,5,15,High Value
16560,27,2,816.51,4,3,3,10,Potential
16561,6,2,511.12,5,3,3,11,Potential
16563,54,1,1077.74,3,1,4,8,Regular
16565,364,1,173.7,1,1,1,3,Hibernating
16566,15,5,614.01,4,4,3,11,Loyal
16567,194,2,865.6,1,3,3,7,At Risk
16569,3,1,124.2,5,1,1,7,New
16570,15,10,3622.95,4,5,5,14,High Value
16571,27,3,1285.22,4,3,4,11,Potential
16572,127,3,999.7,2,3,4,9,At Risk
16573,85,2,648.41,2,3,3,8,At Risk
16574,71,1,451.44,3,1,2,6,Regular
16581,183,1,70.44,1,1,1,3,Hibernating
16582,113,1,313.62,2,1,2,5,Hibernating
16583,374,1,233.45,1,1,1,3,Hibernating
16584,80,2,908.03,2,3,3,8,At Risk
16586,249,1,463.95,1,1,2,4,Hibernating
16587,232,1,225.15,1,1,1,3,Hibernating
16589,71,3,459.24,3,3,2,8,Regular
16591,69,1,213.5,3,1,1,5,Regular
16592,4,16,4073.28,5,5,5,15,High Value
16593,51,3,330.03,3,3,2,8,Regular
16594,75,1,181.09,2,1,1,4,Hibernating
16595,61,1,360.16,3,1,2,6,Regular
16596,16,2,250.15,4,3,2,9,Potential
16597,4,1,90.04,5,1,1,7,New
16598,286,1,140.7,1,1,1,3,Hibernating
16600,4,6,813.52,5,5,3,13,Loyal
16601,41,1,241.53,3,1,1,5,Regular
16602,36,1,494.73,3,1,3,7,Regular
16603,75,2,482.47,2,3,3,8,At Risk
16607,18,14,3038.67,4,5,5,14,High Value
16609,15,7,5450.96,4,5,5,14,High Value
16610,219,1,75.66,1,1,1,3,Hibernating
16611,186,1,120.99,1,1,1,3,Hibernating
16612,33,4,1187.66,3,4,4,11,Loyal
16613,70,1,618.59,3,1,3,7,Regular
16614,183,1,506.19,1,1,3,5,Hibernating
16616,15,2,500.42,4,3,3,10,Potential
16617,236,1,151.85,1,1,1,3,Hibernating
16618,31,5,2630.64,4,4,5,13,High Value
16619,264,1,204.41,1,1,1,3,Hibernating
16620,4,2,178.96,5,3,1,9,Potential
16621,52,4,813.48,3,4,3,10,Loyal
16623,246,1,129.45,1,1,1,3,Hibernating
16624,81,2,810.57,2,3,3,8,At Risk
16625,275,1,333.08,1,1,2,4,Hibernating
16626,1,17,4379.65,5,5,5,15,High Value
16627,79,1,322.8,2,1,2,5,Hibernating
16628,30,5,2183.04,4,4,5,13,High Value
16629,74,2,408.63,2,3,2,7,Regular
16633,17,6,2878.15,4,5,5,14,High Value
16634,223,2,217.9,1,3,1,5,Regular
16637,32,4,1124.59,4,4,4,12,High Value
16638,23,10,1676.47,4,5,4,13,High Value
16639,31,3,1169.38,4,3,4,11,Potential
16641,106,1,231.1,2,1,1,4,Hibernating
16642,5,2,679.83,5,3,3,11,Potential
16643,246,1,487.51,1,1,3,5,Hibernating
16644,178,2,833.78,2,3,3,8,At Risk
16647,170,2,214.06,2,3,1,6,Regular
16648,43,1,270.86,3,1,2,6,Regular
16650,72,1,518.42,2,1,3,6,Hibernating
16652,59,7,6654.26,3,5,5,13,Loyal
16653,16,2,1166.92,4,3,4,11,Potential
16654,141,4,594.97,2,4,3,9,At Risk
16655,18,6,3789.52,4,5,5,14,High Value
16656,22,15,8568.24,4,5,5,14,High Value
16657,10,4,874.43,5,4,3,12,Loyal
16658,368,1,123.24,1,1,1,3,Hibernating
16659,189,1,39.12,1,1,1,3,Hibernating
16660,16,4,810.45,4,4,3,11,Loyal
16665,362,1,135.4,1,1,1,3,Hibernating
16666,19,1,118.98,4,1,1,6,New
16667,68,2,567.18,3,3,3,9,Regular
16668,15,6,306.72,4,5,2,11,Loyal
16669,24,2,1344.48,4,3,4,11,Potential
16670,17,11,4022.46,4,5,5,14,High Value
16671,28,3,1692.27,4,3,4,11,Potential
16672,2,20,8119.69,5,5,5,15,High Value
16674,55,2,304.24,3,3,2,8,Regular
16676,34,4,1558.72,3,4,4,11,Loyal
16678,3,12,3025.24,5,5,5,15,High Value
16679,366,1,129.75,1,1,1,3,Hibernating
16680,43,1,183.7,3,1,1,5,Regular
16681,73,6,1770.34,2,5,4,11,At Risk
16682,5,5,1028.0,5,4,4,13,High Value
16684,4,28,65920.12,5,5,5,15,High Value
16685,61,2,324.24,3,3,2,8,Regular
16686,47,7,2940.53,3,5,5,13,Loyal
16688,1,4,1260.86,5,4,4,13,High Value
16689,76,2,355.1,2,3,2,7,Regular
16690,72,2,208.63,2,3,1,6,Regular
16692,256,2,1126.0,1,3,4,8,At Risk
16693,69,2,477.86,3,3,3,9,Regular
16696,135,4,657.9,2,4,3,9,At Risk
16697,241,1,112.75,1,1,1,3,Hibernating
16698,227,2,1998.0,1,3,4,8,At Risk
16700,9,13,5040.0,5,5,5,15,High Value
16701,9,13,5150.27,5,5,5,15,High Value
16705,1,20,13946.13,5,5,5,15,High Value
16706,37,3,531.35,3,3,3,9,Regular
16708,46,1,656.63,3,1,3,7,Regular
16709,85,5,3029.87,2,4,5,11,At Risk
16710,19,10,2467.99,4,5,5,14,High Value
16711,3,5,1651.03,5,4,4,13,High Value
16712,9,11,3603.66,5,5,5,15,High Value
16713,19,15,6827.88,4,5,5,14,High Value
16714,317,2,864.06,1,3,3,7,At Risk
16715,78,1,301.72,2,1,2,5,Hibernating
16716,267,2,319.8,1,3,2,6,Regular
16717,24,6,3263.06,4,5,5,14,High Value
16718,369,1,606.05,1,1,3,5,Hibernating
16719,15,7,1753.72,4,5,4,13,High Value
16720,26,1,152.95,4,1,1,6,New
16721,262,1,292.47,1,1,2,4,Hibernating
16722,17,13,4711.21,4,5,5,14,High Value
16723,91,2,576.4,2,3,3,8,At Risk
16725,302,6,750.87,1,5,3,9,At Risk
16726,26,5,1358.74,4,4,4,12,High Value
16727,364,1,256.32,1,1,2,4,Hibernating
16728,46,4,1048.28,3,4,4,11,Loyal
16729,38,21,7045.41,3,5,5,13,Loyal
16730,52,3,702.79,3,3,3,9,Regular
16732,32,1,603.75,4,1,3,8,New
16734,52,3,646.76,3,3,3,9,Regular
16735,79,5,2216.06,2,4,5,11,At Risk
16737,53,1,417.6,3,1,2,6,Regular
16738,298,1,3.75,1,1,1,3,Hibernating
16739,177,1,312.55,2,1,2,5,Hibernating
16743,29,7,2166.88,4,5,5,14,High Value
16744,11,7,1291.91,5,5,4,14,High Value
16745,87,17,7157.1,2,5,5,12,At Risk
16746,5,18,6676.76,5,5,5,15,High Value
16747,38,2,826.96,3,3,3,9,Regular
16748,18,5,1515.9,4,4,4,12,High Value
16750,45,5,623.93,3,4,3,10,Loyal
16751,31,1,1764.72,4,1,4,9,New
16752,373,1,207.5,1,1,1,3,Hibernating
16753,58,1,223.92,3,1,1,5,Regular
16754,372,1,2002.4,1,1,5,7,Hibernating
16755,114,3,1463.23,2,3,4,9,At Risk
16756,215,1,239.4,1,1,1,3,Hibernating
16757,319,1,106.83,1,1,1,3,Hibernating
16758,65,1,369.34,3,1,2,6,Regular
16759,8,3,772.84,5,3,3,11,Potential
16761,97,1,316.62,2,1,2,5,Hibernating
16762,20,3,1207.24,4,3,4,11,Potential
16763,199,1,594.9,1,1,3,5,Hibernating
16764,4,13,2749.95,5,5,5,15,High Value
16765,294,1,34.0,1,1,1,3,Hibernating
16766,273,2,1145.6,1,3,4,8,At Risk
16767,31,11,5575.56,4,5,5,14,High Value
16768,48,3,458.04,3,3,2,8,Regular
16769,260,1,361.54,1,1,2,4,Hibernating
16770,58,5,731.9,3,4,3,10,Loyal
16771,33,5,2230.61,3,4,5,12,Loyal
16773,57,1,171.59,3,1,1,5,Regular
16774,68,4,654.92,3,4,3,10,Loyal
16775,10,11,1691.51,5,5,4,14,High Value
16776,60,1,371.54,3,1,2,6,Regular
16777,80,2,222.62,2,3,1,6,Regular
16778,74,2,245.94,2,3,2,7,Regular
16779,2,22,10436.05,5,5,5,15,High Value
16780,100,2,422.24,2,3,2,7,Regular
16781,372,1,294.65,1,1,2,4,Hibernating
16782,10,13,2230.3,5,5,5,15,High Value
16784,20,1,107.6,4,1,1,6,New
16788,123,2,592.74,2,3,3,8,At Risk
16789,8,1,80.8,5,1,1,7,New
16790,4,6,1520.12,5,5,4,14,High Value
16791,29,7,1677.53,4,5,4,13,High Value
16792,282,2,110.38,1,3,1,5,Regular
16793,57,1,243.84,3,1,2,6,Regular
16794,1,10,1173.28,5,5,4,14,High Value
16795,365,1,414.88,1,1,2,4,Hibernating
16796,89,1,305.62,2,1,2,5,Hibernating
16800,11,1,1162.65,5,1,4,10,New
16801,163,4,842.33,2,4,3,9,At Risk
16803,65,1,332.3,3,1,2,6,Regular
16804,23,3,536.99,4,3,3,10,Potential
16805,174,2,460.59,2,3,2,7,Regular
16806,103,4,736.21,2,4,3,9,At Risk
16807,143,3,1121.59,2,3,4,9,At Risk
16808,99,2,288.42,2,3,2,7,Regular
16809,23,5,912.74,4,4,4,12,High Value
16810,192,1,275.64,1,1,2,4,Hibernating
16811,5,2,547.07,5,3,3,11,Potential
16812,361,1,479.35,1,1,3,5,Hibernating
16813,8,10,1652.18,5,5,4,14,High Value
16814,14,21,6398.3,4,5,5,14,High Value
16816,103,4,417.06,2,4,2,8,Regular
16817,3,9,1446.95,5,5,4,14,High Value
16818,11,11,3317.97,5,5,5,15,High Value
16820,96,1,497.61,2,1,3,6,Hibernating
16823,227,1,358.38,1,1,2,4,Hibernating
16824,16,2,460.64,4,3,2,9,Potential
16825,39,2,775.18,3,3,3,9,Regular
16826,51,1,341.7,3,1,2,6,Regular
16828,112,1,113.5,2,1,1,4,Hibernating
16829,157,1,197.22,2,1,1,4,Hibernating
16830,39,1,325.91,3,1,2,6,Regular
16832,184,3,199.15,1,3,1,5,Regular
16833,1,4,1106.53,5,4,4,13,High Value
16834,228,1,413.46,1,1,2,4,Hibernating
16835,128,2,180.85,2,3,1,6,Regular
16836,40,2,251.87,3,3,2,8,Regular
16837,31,11,3167.73,4,5,5,14,High Value
16838,197,2,582.9,1,3,3,7,At Risk
16839,9,34,15362.28,5,5,5,15,High Value
16841,37,6,1774.62,3,5,4,12,Loyal
16842,101,3,1260.44,2,3,4,9,At Risk
16843,43,16,10183.82,3,5,5,13,Loyal
16846,50,1,214.32,3,1,1,5,Regular
16847,43,1,193.44,3,1,1,5,Regular
16848,53,1,281.42,3,1,2,6,Regular
16849,187,1,124.57,1,1,1,3,Hibernating
16850,334,1,332.41,1,1,2,4,Hibernating
16851,4,3,342.45,5,3,2,10,Potential
16852,10,2,144.91,5,3,1,9,Potential
16855,24,2,328.4,4,3,2,9,Potential
16856,15,1,35.4,4,1,1,6,New
16858,369,1,345.89,1,1,2,4,Hibernating
16859,145,2,473.14,2,3,3,8,At Risk
16861,60,2,156.06,3,3,1,7,Regular
16863,31,2,481.35,4,3,3,10,Potential
16866,141,3,207.74,2,3,1,6,Regular
16869,23,4,797.32,4,4,3,11,Loyal
16871,22,6,2761.49,4,5,5,14,High Value
16872,77,3,680.02,2,3,3,8,At Risk
16873,5,6,7066.31,5,5,5,15,High Value
16875,67,5,2023.47,3,4,5,12,Loyal
16877,12,6,846.62,5,5,3,13,Loyal
16880,31,7,1491.43,4,5,4,13,High Value
16881,67,1,432.0,3,1,2,6,Regular
16882,67,3,705.12,3,3,3,9,Regular
16883,187,2,272.48,1,3,2,6,Regular
16884,38,2,429.84,3,3,2,8,Regular
16885,15,3,450.41,4,3,2,9,Potential
16887,35,1,192.33,3,1,1,5,Regular
16889,195,3,1578.67,1,3,4,8,At Risk
16891,2,5,742.43,5,4,3,12,Loyal
16892,1,5,489.49,5,4,3,12,Loyal
16893,367,1,145.93,1,1,1,3,Hibernating
16895,65,1,202.27,3,1,1,5,Regular
16897,299,2,213.03,1,3,1,5,Regular
16898,26,3,436.68,4,3,2,9,Potential
16899,8,6,1271.06,5,5,4,14,High Value
16900,17,3,869.2,4,3,3,10,Potential
16902,116,1,1706.88,2,1,4,7,Hibernating
16903,29,1,363.2,4,1,2,7,New
16904,4,15,3634.95,5,5,5,15,High Value
16905,5,7,3020.65,5,5,5,15,High Value
16906,82,4,559.59,2,4,3,9,At Risk
16907,29,5,928.76,4,4,4,12,High Value
16909,72,1,364.14,2,1,2,5,Hibernating
16910,4,8,1508.96,5,5,4,14,High Value
16912,29,11,2515.93,4,5,5,14,High Value
16913,290,1,113.44,1,1,1,3,Hibernating
16914,36,1,183.76,3,1,1,5,Regular
16915,9,6,621.68,5,5,3,13,Loyal
16916,24,2,562.41,4,3,3,10,Potential
16917,277,1,391.52,1,1,2,4,Hibernating
16918,50,6,1043.34,3,5,4,12,Loyal
16919,156,11,2592.25,2,5,5,12,At Risk
16921,61,1,154.18,3,1,1,5,Regular
16923,12,19,6488.3,5,5,5,15,High Value
16924,21,3,722.64,4,3,3,10,Potential
16926,371,1,230.25,1,1,1,3,Hibernating
16927,116,3,543.05,2,3,3,8,At Risk
16928,80,17,2740.65,2,5,5,12,At Risk
16929,4,7,1295.39,5,5,4,14,High Value
16930,26,3,378.89,4,3,2,9,Potential
16931,5,21,4554.87,5,5,5,15,High Value
16932,53,1,150.23,3,1,1,5,Regular
16933,1,2,530.08,5,3,3,11,Potential
16934,55,2,931.03,3,3,4,10,Regular
16936,26,1,261.9,4,1,2,7,New
16938,9,4,1878.43,5,4,4,13,High Value
16940,52,3,3049.88,3,3,5,11,Regular
16942,13,9,1878.51,5,5,4,14,High Value
16943,212,3,816.73,1,3,3,7,At Risk
16945,22,19,4345.5,4,5,5,14,High Value
16947,236,1,406.48,1,1,2,4,Hibernating
16948,139,3,435.02,2,3,2,7,Regular
16949,4,6,1161.27,5,5,4,14,High Value
16950,57,3,1178.56,3,3,4,10,Regular
16951,135,3,1262.75,2,3,4,9,At Risk
16952,109,2,167.61,2,3,1,6,Regular
16953,30,1,20.8,4,1,1,6,New
16954,1,9,2085.08,5,5,5,15,High Value
16955,185,4,493.67,1,4,3,8,At Risk
16956,18,1,292.34,4,1,2,7,New
16957,239,2,416.64,1,3,2,6,Regular
16959,87,1,117.35,2,1,1,4,Hibernating
16960,39,3,505.1,3,3,3,9,Regular
16961,116,1,234.17,2,1,1,4,Hibernating
16963,187,1,110.55,1,1,1,3,Hibernating
16965,227,1,192.07,1,1,1,3,Hibernating
16966,8,7,2148.97,5,5,5,15,High Value
16967,189,1,319.02,1,1,2,4,Hibernating
16968,4,2,439.43,5,3,2,10,Potential
16969,39,3,650.41,3,3,3,9,Regular
16971,38,1,357.21,3,1,2,6,Regular
16976,267,1,251.52,1,1,2,4,Hibernating
16978,78,1,344.33,2,1,2,5,Hibernating
16979,4,6,1809.05,5,5,4,14,High Value
16980,255,2,1028.46,1,3,4,8,At Risk
16982,61,1,384.06,3,1,2,6,Regular
16983,13,7,1894.82,5,5,4,14,High Value
16984,88,2,4370.59,2,3,5,10,At Risk
16985,17,10,5461.62,4,5,5,14,High Value
16986,30,2,1873.2,4,3,4,11,Potential
16987,3,7,1616.8,5,5,4,14,High Value
16988,5,1,126.12,5,1,1,7,New
16989,7,6,1133.25,5,5,4,14,High Value
16990,219,1,179.0,1,1,1,3,Hibernating
16992,11,5,1601.86,5,4,4,13,High Value
16996,30,6,1427.46,4,5,4,13,High Value
16997,288,3,702.0,1,3,3,7,At Risk
16998,150,4,287.5,2,4,2,8,Regular
16999,23,2,484.82,4,3,3,10,Potential
17001,1,11,3989.57,5,5,5,15,High Value
17002,86,3,1487.78,2,3,4,9,At Risk
17004,46,2,1312.14,3,3,4,10,Regular
17006,5,4,781.78,5,4,3,12,Loyal
17007,51,6,877.43,3,5,3,11,Loyal
17010,18,1,185.46,4,1,1,6,New
17011,30,1,270.9,4,1,2,7,New
17014,8,3,562.68,5,3,3,11,Potential
17015,29,3,1838.61,4,3,4,11,Potential
17017,3,20,8574.11,5,5,5,15,High Value
17018,41,2,920.1,3,3,4,10,Regular
17019,11,4,1258.08,5,4,4,13,High Value
17022,31,1,71.0,4,1,1,6,New
17024,45,3,95.85,3,3,1,7,Regular
17025,61,3,357.77,3,3,2,8,Regular
17026,185,2,154.83,1,3,1,5,Regular
17027,79,6,835.86,2,5,3,10,At Risk
17029,111,2,716.0,2,3,3,8,At Risk
17030,64,1,146.87,3,1,1,5,Regular
17031,12,2,380.35,5,3,2,10,Potential
17033,86,3,1030.14,2,3,4,9,At Risk
17034,16,3,734.57,4,3,3,10,Potential
17035,246,2,388.33,1,3,2,6,Regular
17037,88,1,1253.22,2,1,4,7,Hibernating
17038,30,1,112.4,4,1,1,6,New
17040,138,1,449.73,2,1,2,5,Hibernating
17041,27,3,1055.69,4,3,4,11,Potential
17042,3,5,1036.58,5,4,4,13,High Value
17043,32,4,1735.18,4,4,4,12,High Value
17044,25,1,897.43,4,1,3,8,New
17045,113,3,339.44,2,3,2,7,Regular
17046,157,1,642.02,2,1,3,6,Hibernating
17047,85,3,1100.9,2,3,4,9,At Risk
17048,118,3,864.32,2,3,3,8,At Risk
17049,3,9,5589.83,5,5,5,15,High Value
17050,96,6,3185.64,2,5,5,12,At Risk
17051,194,1,240.89,1,1,1,3,Hibernating
17052,28,1,399.09,4,1,2,7,New
17053,131,1,496.38,2,1,3,6,Hibernating
17054,28,5,1353.83,4,4,4,12,High Value
17058,82,3,1179.89,2,3,4,9,At Risk
17059,30,5,3080.39,4,4,5,13,High Value
17060,266,1,234.24,1,1,1,3,Hibernating
17061,74,11,5116.13,2,5,5,12,At Risk
17062,314,4,524.39,1,4,3,8,At Risk
17063,21,7,1421.59,4,5,4,13,High Value
17064,59,3,855.45,3,3,3,9,Regular
17068,12,21,4525.09,5,5,5,15,High Value
17069,28,9,2655.22,4,5,5,14,High Value
17070,114,1,304.24,2,1,2,5,Hibernating
17071,28,9,2385.48,4,5,5,14,High Value
17073,18,4,1444.84,4,4,4,12,High Value
17075,18,4,813.77,4,4,3,11,Loyal
17076,36,3,841.08,3,3,3,9,Regular
17078,36,2,375.86,3,3,2,8,Regular
17079,78,1,118.8,2,1,1,4,Hibernating
17080,22,2,285.5,4,3,2,9,Potential
17081,25,2,288.91,4,3,2,9,Potential
17082,33,2,2003.85,3,3,5,11,Regular
17083,109,3,1405.78,2,3,4,9,At Risk
17084,35,2,2747.99,3,3,5,11,Regular
17085,123,5,1550.8,2,4,4,10,At Risk
17086,7,6,2050.08,5,5,5,15,High Value
17088,28,4,1991.01,4,4,4,12,High Value
17090,4,7,1972.55,5,5,4,14,High Value
17091,3,9,3802.81,5,5,5,15,High Value
17092,50,4,1774.03,3,4,4,11,Loyal
17094,322,1,270.2,1,1,2,4,Hibernating
17095,23,3,1296.36,4,3,4,11,Potential
17096,15,4,992.68,4,4,4,12,High Value
17097,2,8,937.92,5,5,4,14,High Value
17100,18,2,971.74,4,3,4,11,Potential
17101,10,4,1621.73,5,4,4,13,High Value
17102,262,1,25.5,1,1,1,3,Hibernating
17105,159,2,665.78,2,3,3,8,At Risk
17107,33,6,10362.48,3,5,5,13,Loyal
17109,29,6,865.93,4,5,3,12,Loyal
17110,165,1,163.3,2,1,1,4,Hibernating
17111,47,1,231.61,3,1,1,5,Regular
17114,6,8,739.72,5,5,3,13,Loyal
17115,8,3,806.9,5,3,3,11,Potential
17117,288,1,116.2,1,1,1,3,Hibernating
17118,318,1,157.02,1,1,1,3,Hibernating
17119,3,2,593.61,5,3,3,11,Potential
17120,233,1,307.46,1,1,2,4,Hibernating
17122,119,1,138.32,2,1,1,4,Hibernating
17123,162,1,345.3,2,1,2,5,Hibernating
17124,185,1,294.24,1,1,2,4,Hibernating
17125,50,1,230.5,3,1,1,5,Regular
17126,152,5,976.55,2,4,4,10,At Risk
17128,335,1,157.09,1,1,1,3,Hibernating
17131,5,5,2463.17,5,4,5,14,High Value
17133,16,7,4892.24,4,5,5,14,High Value
17134,107,2,413.2,2,3,2,7,Regular
17135,16,7,1139.73,4,5,4,13,High Value
17138,276,1,380.5,1,1,2,4,Hibernating
17139,16,12,10567.87,4,5,5,14,High Value
17140,247,1,454.12,1,1,2,4,Hibernating
17142,239,1,579.0,1,1,3,5,Hibernating
17144,1,2,984.57,5,3,4,12,Potential
17146,106,3,749.78,2,3,3,8,At Risk
17147,23,4,1679.64,4,4,4,12,High Value
17148,52,1,124.88,3,1,1,5,Regular
17152,195,3,1503.5,1,3,4,8,At Risk
17153,24,1,213.78,4,1,1,6,New
17154,75,1,329.34,2,1,2,5,Hibernating
17155,18,2,251.7,4,3,2,9,Potential
17157,8,2,306.55,5,3,2,10,Potential
17158,32,3,1266.97,4,3,4,11,Potential
17159,22,3,1534.73,4,3,4,11,Potential
17160,31,6,3518.03,4,5,5,14,High Value
17162,29,10,1707.21,4,5,4,13,High Value
17163,22,2,293.1,4,3,2,9,Potential
17164,33,7,2466.4,3,5,5,13,Loyal
17165,284,1,158.68,1,1,1,3,Hibernating
17166,39,2,189.49,3,3,1,7,Regular
17169,58,2,816.88,3,3,3,9,Regular
17171,289,1,224.91,1,1,1,3,Hibernating
17172,79,1,317.76,2,1,2,5,Hibernating
17173,5,8,3755.65,5,5,5,15,High Value
17174,218,1,59.9,1,1,1,3,Hibernating
17175,44,4,1430.94,3,4,4,11,Loyal
17176,202,1,306.13,1,1,2,4,Hibernating
17179,178,3,711.79,2,3,3,8,At Risk
17180,56,4,768.32,3,4,3,10,Loyal
17181,57,2,239.92,3,3,1,7,Regular
17183,8,6,3286.91,5,5,5,15,High Value
17186,47,2,144.0,3,3,1,7,Regular
17187,227,1,203.95,1,1,1,3,Hibernating
17188,11,7,2275.58,5,5,5,15,High Value
17189,106,2,383.75,2,3,2,7,Regular
17190,59,2,249.74,3,3,2,8,Regular
17191,28,7,2093.68,4,5,5,14,High Value
17193,36,7,1674.46,3,5,4,12,Loyal
17194,361,1,226.78,1,1,1,3,Hibernating
17197,30,1,1013.01,4,1,4,9,New
17198,24,3,692.22,4,3,3,10,Potential
17201,54,1,289.78,3,1,2,6,Regular
17203,36,6,3560.08,3,5,5,13,Loyal
17204,175,4,1352.91,2,4,4,10,At Risk
17205,54,1,384.08,3,1,2,6,Regular
17206,53,1,204.24,3,1,1,5,Regular
17211,27,8,2299.67,4,5,5,14,High Value
17212,253,1,226.85,1,1,1,3,Hibernating
17213,40,7,2741.08,3,5,5,13,Loyal
17214,60,6,974.12,3,5,4,12,Loyal
17217,234,1,113.5,1,1,1,3,Hibernating
17218,4,10,1951.97,5,5,4,14,High Value
17219,32,1,114.23,4,1,1,6,New
17220,24,14,3187.55,4,5,5,14,High Value
17221,7,2,334.48,5,3,2,10,Potential
17222,65,1,328.65,3,1,2,6,Regular
17223,310,2,381.89,1,3,2,6,Regular
17226,309,1,393.49,1,1,2,4,Hibernating
17227,19,6,939.32,4,5,4,13,High Value
17228,16,8,1906.09,4,5,4,13,High Value
17229,96,2,318.76,2,3,2,7,Regular
17230,264,8,3466.67,1,5,5,11,At Risk
17231,12,10,3078.22,5,5,5,15,High Value
17232,3,2,417.77,5,3,2,10,Potential
17233,35,1,190.88,3,1,1,5,Regular
17234,183,1,149.89,1,1,1,3,Hibernating
17235,25,2,550.06,4,3,3,10,Potential
17236,13,6,916.13,5,5,4,14,High Value
17237,11,2,314.69,5,3,2,10,Potential
17238,3,17,3719.1,5,5,5,15,High Value
17239,313,1,379.95,1,1,2,4,Hibernating
17242,108,2,1135.04,2,3,4,9,At Risk
17243,1,26,8483.35,5,5,5,15,High Value
17244,53,1,954.9,3,1,4,8,Regular
17245,205,1,171.45,1,1,1,3,Hibernating
17247,15,1,280.09,4,1,2,7,New
17248,120,1,318.65,2,1,2,5,Hibernating
17250,4,2,381.97,5,3,2,10,Potential
17251,363,1,269.83,1,1,2,4,Hibernating
17252,117,2,348.91,2,3,2,7,Regular
17253,18,1,178.26,4,1,1,6,New
17254,5,2,271.19,5,3,2,10,Potential
17255,41,2,291.48,3,3,2,8,Regular
17256,107,2,240.0,2,3,1,6,Regular
17259,148,2,581.23,2,3,3,8,At Risk
17262,52,5,1253.36,3,4,4,11,Loyal
17263,208,1,63.44,1,1,1,3,Hibernating
17265,139,2,550.01,2,3,3,8,At Risk
17266,2,3,296.58,5,3,2,10,Potential
17267,127,2,317.2,2,3,2,7,Regular
17268,108,4,763.64,2,4,3,9,At Risk
17272,42,4,2144.53,3,4,5,12,Loyal
17274,35,1,107.82,3,1,1,5,Regular
17277,228,2,1065.35,1,3,4,8,At Risk
17278,241,1,246.04,1,1,2,4,Hibernating
17279,58,1,187.83,3,1,1,5,Regular
17282,130,3,1685.46,2,3,4,9,At Risk
17284,60,6,1636.58,3,5,4,12,Loyal
17286,22,1,151.37,4,1,1,6,New
17287,26,7,1049.06,4,5,4,13,High Value
17288,9,7,1417.63,5,5,4,14,High Value
17289,32,3,922.77,4,3,4,11,Potential
17290,4,2,513.01,5,3,3,11,Potential
17291,308,1,550.8,1,1,3,5,Hibernating
17293,8,9,1854.06,5,5,4,14,High Value
17295,29,3,547.0,4,3,3,10,Potential
17297,17,1,128.18,4,1,1,6,New
17298,101,2,498.42,2,3,3,8,At Risk
17299,12,4,656.61,5,4,3,12,Loyal
17301,21,1,163.24,4,1,1,6,New
17302,15,5,1119.93,4,4,4,12,High Value
17303,361,1,250.04,1,1,2,4,Hibernating
17306,11,19,8600.73,5,5,5,15,High Value
17309,95,1,82.75,2,1,1,4,Hibernating
17311,78,2,1384.85,2,3,4,9,At Risk
17312,139,3,644.3,2,3,3,8,At Risk
17313,31,1,2288.13,4,1,5,10,New
17314,25,8,2514.76,4,5,5,14,High Value
17315,2,36,6153.35,5,5,5,15,High Value
17317,46,3,2524.02,3,3,5,11,Regular
17320,100,3,1200.62,2,3,4,9,At Risk
17321,8,2,657.16,5,3,3,11,Potential
17323,15,7,891.04,4,5,3,12,Loyal
17324,18,4,986.48,4,4,4,12,High Value
17325,280,1,96.8,1,1,1,3,Hibernating
17329,14,2,523.11,4,3,3,10,Potential
17330,23,2,363.9,4,3,2,9,Potential
17331,124,1,175.2,2,1,1,4,Hibernating
17333,86,1,494.25,2,1,3,6,Hibernating
17334,302,2,306.6,1,3,2,6,Regular
17337,151,4,1896.06,2,4,4,10,At Risk
17338,17,8,6455.95,4,5,5,14,High Value
17339,94,2,243.36,2,3,2,7,Regular
17340,30,11,12158.3,4,5,5,14,High Value
17341,157,3,682.29,2,3,3,8,At Risk
17343,355,1,193.64,1,1,1,3,Hibernating
17344,46,1,157.62,3,1,1,5,Regular
17345,15,4,519.69,4,4,3,11,Loyal
17346,4,15,2557.9,5,5,5,15,High Value
17347,86,1,228.96,2,1,1,4,Hibernating
17348,15,5,1156.6,4,4,4,12,High Value
17349,179,1,98.25,2,1,1,4,Hibernating
17350,8,4,1251.44,5,4,4,13,High Value
17351,36,3,587.15,3,3,3,9,Regular
17353,129,2,1740.0,2,3,4,9,At Risk
17354,51,1,1393.06,3,1,4,8,Regular
17356,312,1,178.22,1,1,1,3,Hibernating
17357,24,2,384.39,4,3,2,9,Potential
17358,303,2,360.81,1,3,2,6,Regular
17359,11,1,127.86,5,1,1,7,New
17360,17,3,568.24,4,3,3,10,Potential
17361,49,3,488.2,3,3,3,9,Regular
17362,239,2,312.23,1,3,2,6,Regular
17364,1,11,4437.23,5,5,5,15,High Value
17365,13,8,4762.32,5,5,5,15,High Value
17367,238,1,167.55,1,1,1,3,Hibernating
17368,23,8,1315.72,4,5,4,13,High Value
17370,73,4,446.18,2,4,2,8,Regular
17371,17,3,418.4,4,3,2,9,Potential
17372,41,8,1337.18,3,5,4,12,Loyal
17373,40,4,646.92,3,4,3,10,Loyal
17374,219,2,495.77,1,3,3,7,At Risk
17375,199,3,372.5,1,3,2,6,Regular
17376,71,2,203.2,3,3,1,7,Regular
17377,24,20,3883.32,4,5,5,14,High Value
17379,11,1,389.72,5,1,2,8,New
17381,9,29,20272.43,5,5,5,15,High Value
17382,65,1,65.4,3,1,1,5,Regular
17383,4,1,193.39,5,1,1,7,New
17384,19,2,336.4,4,3,2,9,Potential
17385,15,1,256.11,4,1,2,7,New
17386,8,6,2686.42,5,5,5,15,High Value
17387,20,2,746.81,4,3,3,10,Potential
17388,78,4,1259.56,2,4,4,10,At Risk
17389,1,34,31317.48,5,5,5,15,High Value
17391,164,2,508.8,2,3,3,8,At Risk
17392,307,2,411.27,1,3,2,6,Regular
17394,219,1,203.87,1,1,1,3,Hibernating
17396,39,7,7312.8,3,5,5,13,Loyal
17397,22,2,681.41,4,3,3,10,Potential
17398,115,3,653.38,2,3,3,8,At Risk
17400,126,5,2097.84,2,4,5,11,At Risk
17402,5,12,2598.85,5,5,5,15,High Value
17403,36,1,263.92,3,1,2,6,Regular
17404,4,13,30175.82,5,5,5,15,High Value
17405,1,3,967.22,5,3,4,12,Potential
17406,333,3,1912.72,1,3,4,8,At Risk
17408,163,1,32.65,2,1,1,4,Hibernating
17409,185,2,771.85,1,3,3,7,At Risk
17410,16,5,1214.72,4,4,4,12,High Value
17411,12,3,748.94,5,3,3,11,Potential
17412,3,7,1258.06,5,5,4,14,High Value
17414,44,2,778.0,3,3,3,9,Regular
17415,80,1,507.84,2,1,3,6,Hibernating
17416,30,7,6838.34,4,5,5,14,High Value
17418,42,2,463.46,3,3,2,8,Regular
17419,11,12,4200.97,5,5,5,15,High Value
17420,50,3,598.83,3,3,3,9,Regular
17422,16,6,1853.13,4,5,4,13,High Value
17423,46,2,663.63,3,3,3,9,Regular
17425,19,2,759.17,4,3,3,10,Potential
17426,8,6,5022.26,5,5,5,15,High Value
17427,72,1,100.8,2,1,1,4,Hibernating
17428,1,28,17078.45,5,5,5,15,High Value
17429,128,3,512.12,2,3,3,8,At Risk
17430,33,2,265.76,3,3,2,8,Regular
17431,313,1,403.3,1,1,2,4,Hibernating
17432,18,2,365.76,4,3,2,9,Potential
17433,88,1,303.16,2,1,2,5,Hibernating
17434,2,7,2333.42,5,5,5,15,High Value
17436,2,2,216.3,5,3,1,9,Potential
17438,254,1,378.3,1,1,2,4,Hibernating
17440,157,3,177.1,2,3,1,6,Regular
17442,37,6,2210.26,3,5,5,13,Loyal
17443,220,1,534.24,1,1,3,5,Hibernating
17444,152,2,2389.1,2,3,5,10,At Risk
17446,177,2,120.9,2,3,1,6,Regular
17447,40,2,541.53,3,3,3,9,Regular
17449,2,7,2500.21,5,5,5,15,High Value
17450,8,46,189575.53,5,5,5,15,High Value
17451,1,7,1648.95,5,5,4,14,High Value
17453,18,2,486.72,4,3,3,10,Potential
17454,192,4,517.53,1,4,3,8,At Risk
17455,204,1,131.7,1,1,1,3,Hibernating
17456,365,1,249.86,1,1,2,4,Hibernating
17457,127,5,1737.7,2,4,4,10,At Risk
17458,15,1,316.5,4,1,2,7,New
17459,43,2,657.3,3,3,3,9,Regular
17460,94,6,452.63,2,5,2,9,Regular
17461,23,3,735.82,4,3,3,10,Potential
17462,60,2,662.94,3,3,3,9,Regular
17463,16,5,1860.81,4,4,4,12,High Value
17464,158,1,289.96,2,1,2,5,Hibernating
17466,10,2,763.28,5,3,3,11,Potential
17468,10,2,137.0,5,3,1,9,Potential
17469,16,5,1843.06,4,4,4,12,High Value
17470,45,5,1125.07,3,4,4,11,Loyal
17472,191,3,697.54,1,3,3,7,At Risk
17475,79,1,194.37,2,1,1,4,Hibernating
17480,78,1,506.51,2,1,3,6,Hibernating
17481,4,4,1249.34,5,4,4,13,High Value
17483,65,3,414.04,3,3,2,8,Regular
17486,261,1,396.87,1,1,2,4,Hibernating
17489,59,2,376.64,3,3,2,8,Regular
17490,1,7,1936.83,5,5,4,14,High Value
17491,1,10,3541.92,5,5,5,15,High Value
17492,248,1,374.57,1,1,2,4,Hibernating
17495,8,2,497.56,5,3,3,11,Potential
17496,359,1,271.05,1,1,2,4,Hibernating
17498,76,1,272.22,2,1,2,5,Hibernating
17499,290,1,622.88,1,1,3,5,Hibernating
17500,17,3,1138.0,4,3,4,11,Potential
17501,221,2,288.6,1,3,2,6,Regular
17502,9,4,689.1,5,4,3,12,Loyal
17503,3,2,558.96,5,3,3,11,Potential
17504,206,9,2745.28,1,5,5,11,At Risk
17505,162,2,1145.84,2,3,4,9,At Risk
17506,76,1,294.29,2,1,2,5,Hibernating
17507,262,2,605.58,1,3,3,7,At Risk
17508,281,1,387.31,1,1,2,4,Hibernating
17509,58,8,6069.24,3,5,5,13,Loyal
17510,25,1,308.48,4,1,2,7,New
17511,3,31,88138.2,5,5,5,15,High Value
17512,29,10,2920.04,4,5,5,14,High Value
17513,72,1,513.2,2,1,3,6,Hibernating
17514,128,1,208.65,2,1,1,4,Hibernating
17515,31,4,639.02,4,4,3,11,Loyal
17516,15,5,764.88,4,4,3,11,Loyal
17517,309,1,153.94,1,1,1,3,Hibernating
17519,17,6,1839.07,4,5,4,13,High Value
17520,54,1,546.81,3,1,3,7,Regular
17521,30,3,721.96,4,3,3,10,Potential
17522,2,5,1066.15,5,4,4,13,High Value
17523,11,4,652.74,5,4,3,12,Loyal
17524,361,1,145.0,1,1,1,3,Hibernating
17525,360,1,422.7,1,1,2,4,Hibernating
17526,5,4,706.7,5,4,3,12,Loyal
17527,54,4,888.86,3,4,3,10,Loyal
17528,1,8,3540.1,5,5,5,15,High Value
17530,1,10,2362.53,5,5,5,15,High Value
17531,190,1,296.7,1,1,2,4,Hibernating
17534,54,1,223.36,3,1,1,5,Regular
17535,280,1,164.4,1,1,1,3,Hibernating
17536,177,1,76.5,2,1,1,4,Hibernating
17537,30,2,887.67,4,3,3,10,Potential
17538,26,1,98.42,4,1,1,6,New
17540,25,2,570.4,4,3,3,10,Potential
17542,270,1,170.75,1,1,1,3,Hibernating
17545,43,3,642.32,3,3,3,9,Regular
17549,24,2,148.86,4,3,1,8,Potential
17550,197,3,267.16,1,3,2,6,Regular
17551,359,1,290.34,1,1,2,4,Hibernating
17552,60,4,913.91,3,4,4,11,Loyal
17553,130,1,1487.6,2,1,4,7,Hibernating
17554,1,5,1952.45,5,4,4,13,High Value
17555,20,2,480.31,4,3,3,10,Potential
17556,206,1,157.9,1,1,1,3,Hibernating
17557,14,3,541.46,4,3,3,10,Potential
17560,95,4,854.95,2,4,3,9,At Risk
17561,19,1,165.12,4,1,1,6,New
17562,14,7,1107.38,4,5,4,13,High Value
17564,24,3,454.01,4,3,2,9,Potential
17566,8,2,869.77,5,3,3,11,Potential
17567,7,8,4012.56,5,5,5,15,High Value
17569,332,1,344.14,1,1,2,4,Hibernating
17571,50,4,1424.42,3,4,4,11,Loyal
17572,71,4,226.75,3,4,1,8,Loyal
17573,29,3,362.9,4,3,2,9,Potential
17574,243,1,185.65,1,1,1,3,Hibernating
17576,8,19,3399.93,5,5,5,15,High Value
17578,218,1,124.74,1,1,1,3,Hibernating
17579,5,3,440.2,5,3,2,10,Potential
17580,253,3,212.77,1,3,1,5,Regular
17581,1,25,10716.31,5,5,5,15,High Value
17582,236,1,175.27,1,1,1,3,Hibernating
17584,7,2,1227.3,5,3,4,12,Potential
17585,109,4,1116.68,2,4,4,10,At Risk
17588,100,3,1240.2,2,3,4,9,At Risk
17589,60,4,2402.92,3,4,5,12,Loyal
17590,2,3,1466.77,5,3,4,12,Potential
17591,73,7,2192.72,2,5,5,12,At Risk
17593,4,5,3908.08,5,4,5,14,High Value
17594,85,2,993.18,2,3,4,9,At Risk
17595,12,2,386.69,5,3,2,10,Potential
17596,23,7,2806.69,4,5,5,14,High Value
17597,214,1,2044.37,1,1,5,7,Hibernating
17600,18,1,161.67,4,1,1,6,New
17601,239,1,116.01,1,1,1,3,Hibernating
17602,2,6,5002.22,5,5,5,15,High Value
17603,78,1,390.97,2,1,2,5,Hibernating
17604,217,2,309.36,1,3,2,6,Regular
17608,33,2,191.99,3,3,1,7,Regular
17609,41,5,1089.98,3,4,4,11,Loyal
17611,7,15,3924.77,5,5,5,15,High Value
17612,53,6,2000.32,3,5,5,13,Loyal
17613,23,14,4494.77,4,5,5,14,High Value
17614,57,1,386.32,3,1,2,6,Regular
17615,130,3,329.6,2,3,2,7,Regular
17616,174,3,571.2,2,3,3,8,At Risk
17618,6,3,930.28,5,3,4,12,Potential
17619,312,1,214.37,1,1,1,3,Hibernating
17620,60,1,81.44,3,1,1,5,Regular
17621,21,3,1336.1,4,3,4,11,Potential
17623,33,1,527.05,3,1,3,7,Regular
17624,15,2,843.48,4,3,3,10,Potential
17625,18,4,2020.4,4,4,5,13,High Value
17628,81,1,75.75,2,1,1,4,Hibernating
17629,6,8,1784.12,5,5,4,14,High Value
17630,170,2,503.6,2,3,3,8,At Risk
17631,2,3,528.33,5,3,3,11,Potential
17633,31,4,1242.34,4,4,4,12,High Value
17634,36,9,2358.59,3,5,5,13,Loyal
17636,19,1,265.93,4,1,2,7,New
17637,31,2,547.06,4,3,3,10,Potential
17639,276,1,108.5,1,1,1,3,Hibernating
17640,87,1,621.66,2,1,3,6,Hibernating
17642,120,2,712.29,2,3,3,8,At Risk
17643,373,1,101.55,1,1,1,3,Hibernating
17644,1,11,2768.98,5,5,5,15,High Value
17646,219,3,995.66,1,3,4,8,At Risk
17647,65,1,133.06,3,1,1,5,Regular
17648,61,4,1789.55,3,4,4,11,Loyal
17649,138,1,861.74,2,1,3,6,Hibernating
17650,21,1,166.08,4,1,1,6,New
17651,12,10,3886.67,5,5,5,15,High Value
17652,25,12,4737.13,4,5,5,14,High Value
17653,37,4,1175.88,3,4,4,11,Loyal
17654,277,1,117.55,1,1,1,3,Hibernating
17655,11,7,2571.74,5,5,5,15,High Value
17656,73,5,1674.69,2,4,4,10,At Risk
17658,26,2,485.88,4,3,3,10,Potential
17659,17,12,2954.75,4,5,5,14,High Value
17660,141,1,178.75,2,1,1,4,Hibernating
17663,26,7,1788.27,4,5,4,13,High Value
17664,19,2,604.64,4,3,3,10,Potential
17666,4,2,728.16,5,3,3,11,Potential
17667,66,5,2055.51,3,4,5,12,Loyal
17668,1,2,347.75,5,3,2,10,Potential
17669,43,7,3406.72,3,5,5,13,Loyal
17670,228,1,205.7,1,1,1,3,Hibernating
17671,16,4,1284.08,4,4,4,12,High Value
17672,50,2,3106.62,3,3,5,11,Regular
17673,2,6,1588.07,5,5,4,14,High Value
17674,74,2,551.04,2,3,3,8,At Risk
17675,1,31,20098.1,5,5,5,15,High Value
17676,4,6,1371.18,5,5,4,14,High Value
17677,2,30,16201.37,5,5,5,15,High Value
17678,264,1,298.11,1,1,2,4,Hibernating
17679,53,2,1992.11,3,3,4,10,Regular
17680,24,1,184.4,4,1,1,6,New
17682,10,6,2459.33,5,5,5,15,High Value
17684,44,1,239.41,3,1,1,5,Regular
17685,17,7,3155.83,4,5,5,14,High Value
17686,7,7,5739.46,5,5,5,15,High Value
17690,30,15,4717.3,4,5,5,14,High Value
17691,358,2,290.4,1,3,2,6,Regular
17692,127,4,718.08,2,4,3,9,At Risk
17693,137,1,187.02,2,1,1,4,Hibernating
17694,142,1,283.12,2,1,2,5,Hibernating
17695,132,2,765.34,2,3,3,8,At Risk
17696,38,8,2201.05,3,5,5,13,Loyal
17697,236,1,338.95,1,1,2,4,Hibernating
17698,261,1,154.95,1,1,1,3,Hibernating
17700,17,4,2508.89,4,4,5,13,High Value
17701,253,1,417.95,1,1,2,4,Hibernating
17702,30,4,1719.72,4,4,4,12,High Value
17703,35,3,798.74,3,3,3,9,Regular
17704,169,2,885.19,2,3,3,8,At Risk
17705,3,9,1781.12,5,5,4,14,High Value
17706,4,17,10097.37,5,5,5,15,High Value
17707,185,2,152.4,1,3,1,5,Regular
17708,188,2,263.33,1,3,2,6,Regular
17709,170,1,137.45,2,1,1,4,Hibernating
17711,11,2,385.1,5,3,2,10,Potential
17712,45,1,522.91,3,1,3,7,Regular
17714,321,1,153.0,1,1,1,3,Hibernating
17715,201,1,326.4,1,1,2,4,Hibernating
17716,23,11,5505.79,4,5,5,14,High Value
17718,232,1,139.35,1,1,1,3,Hibernating
17719,38,15,5367.8,3,5,5,13,Loyal
17720,26,4,1195.94,4,4,4,12,High Value
17722,96,4,2380.64,2,4,5,11,At Risk
17723,127,6,3276.4,2,5,5,12,At Risk
17724,71,3,995.65,3,3,4,10,Regular
17725,16,11,3371.13,4,5,5,14,High Value
17727,15,1,1042.55,4,1,4,9,New
17728,4,3,2860.71,5,3,5,13,Potential
17730,3,13,5288.83,5,5,5,15,High Value
17731,79,4,878.2,2,4,3,9,At Risk
17732,373,1,303.97,1,1,2,4,Hibernating
17733,39,2,692.19,3,3,3,9,Regular
17734,54,3,700.63,3,3,3,9,Regular
17735,2,19,13110.02,5,5,5,15,High Value
17736,9,3,337.49,5,3,2,10,Potential
17737,9,2,168.24,5,3,1,9,Potential
17738,19,4,1863.35,4,4,4,12,High Value
17739,12,7,2786.05,5,5,5,15,High Value
17742,113,2,355.11,2,3,2,7,Regular
17744,4,6,2322.4,5,5,5,15,High Value
17746,240,1,98.8,1,1,1,3,Hibernating
17747,113,1,64.65,2,1,1,4,Hibernating
17749,178,2,674.52,2,3,3,8,At Risk
17750,5,9,1694.16,5,5,4,14,High Value
17752,359,1,80.64,1,1,1,3,Hibernating
17754,1,5,1632.31,5,4,4,13,High Value
17757,1,30,5569.64,5,5,5,15,High Value
17758,19,8,3408.2,4,5,5,14,High Value
17759,17,3,818.71,4,3,3,10,Potential
17760,22,2,287.59,4,3,2,9,Potential
17761,33,1,712.78,3,1,3,7,Regular
17763,263,1,15.0,1,1,1,3,Hibernating
17764,51,2,772.55,3,3,3,9,Regular
17765,159,3,367.63,2,3,2,7,Regular
17767,15,1,271.2,4,1,2,7,New
17768,8,3,2081.9,5,3,5,13,Potential
17769,13,10,3920.08,5,5,5,15,High Value
17770,199,5,1143.27,1,4,4,9,At Risk
17771,57,2,245.33,3,3,2,8,Regular
17772,11,2,173.45,5,3,1,9,Potential
17774,97,4,1203.78,2,4,4,10,At Risk
17775,255,1,56.4,1,1,1,3,Hibernating
17777,25,3,647.56,4,3,3,10,Potential
17779,21,3,633.92,4,3,3,10,Potential
17781,159,2,188.02,2,3,1,6,Regular
17783,72,2,283.47,2,3,2,7,Regular
17785,53,1,131.94,3,1,1,5,Regular
17786,85,2,266.85,2,3,2,7,Regular
17787,153,4,1817.54,2,4,4,10,At Risk
17788,74,2,1112.95,2,3,4,9,At Risk
17789,281,1,225.9,1,1,1,3,Hibernating
17790,27,14,1964.3,4,5,4,13,High Value
17791,30,1,106.1,4,1,1,6,New
17793,25,1,300.34,4,1,2,7,New
17795,180,2,342.83,1,3,2,6,Regular
17796,40,4,690.0,3,4,3,10,Loyal
17797,22,3,780.43,4,3,3,10,Potential
17799,22,10,3009.32,4,5,5,14,High Value
17800,37,9,1186.21,3,5,4,12,Loyal
17802,82,3,1251.84,2,3,4,9,At Risk
17805,74,1,512.31,2,1,3,6,Hibernating
17806,11,1,546.04,5,1,3,9,New
17809,16,12,5344.85,4,5,5,14,High Value
17811,4,39,7595.1,5,5,5,15,High Value
17812,13,4,699.81,5,4,3,12,Loyal
17813,14,5,1641.79,4,4,4,12,High Value
17816,37,4,36.56,3,4,1,8,Loyal
17817,4,3,387.68,5,3,2,10,Potential
17819,72,7,3661.07,2,5,5,12,At Risk
17824,51,1,298.4,3,1,2,6,Regular
17827,5,5,1987.33,5,4,4,13,High Value
17828,23,4,1074.97,4,4,4,12,High Value
17829,299,1,889.24,1,1,3,5,Hibernating
17830,2,3,398.7,5,3,2,10,Potential
17831,33,1,35.4,3,1,1,5,Regular
17832,50,1,155.37,3,1,1,5,Regular
17835,3,3,342.24,5,3,2,10,Potential
17836,47,1,109.83,3,1,1,5,Regular
17837,42,8,1502.48,3,5,4,12,Loyal
17838,27,5,2267.4,4,4,5,13,High Value
17839,42,1,318.15,3,1,2,6,Regular
17841,2,124,39861.49,5,5,5,15,High Value
17843,303,1,197.73,1,1,1,3,Hibernating
17844,107,1,51.56,2,1,1,4,Hibernating
17848,81,9,901.2,2,5,3,10,At Risk
17849,218,4,605.8,1,4,3,8,At Risk
17850,372,34,5303.48,1,5,5,11,At Risk
17852,12,2,114.34,5,3,1,9,Potential
17854,185,2,311.26,1,3,2,6,Regular
17855,373,1,208.97,1,1,1,3,Hibernating
17856,2,4,1393.79,5,4,4,13,High Value
17857,4,22,25185.84,5,5,5,15,High Value
17858,6,12,5140.66,5,5,5,15,High Value
17859,305,1,141.92,1,1,1,3,Hibernating
17860,369,1,226.45,1,1,1,3,Hibernating
17861,3,8,2056.28,5,5,5,15,High Value
17862,324,1,330.9,1,1,2,4,Hibernating
17863,59,6,3160.0,3,5,5,13,Loyal
17864,13,3,554.85,5,3,3,11,Potential
17865,31,20,10156.44,4,5,5,14,High Value
17866,143,1,325.7,2,1,2,5,Hibernating
17867,30,6,583.52,4,5,3,12,Loyal
17869,107,5,428.18,2,4,2,8,Regular
17870,2,12,1860.94,5,5,4,14,High Value
17871,205,1,155.9,1,1,1,3,Hibernating
17873,80,5,1624.78,2,4,4,10,At Risk
17874,185,6,658.26,1,5,3,9,At Risk
17877,170,1,237.61,2,1,1,4,Hibernating
17878,44,1,379.45,3,1,2,6,Regular
17879,174,1,178.52,2,1,1,4,Hibernating
17880,365,1,458.92,1,1,2,4,Hibernating
17881,304,1,133.35,1,1,1,3,Hibernating
17883,3,4,664.34,5,4,3,12,Loyal
17884,4,4,695.07,5,4,3,12,Loyal
17885,12,1,156.34,5,1,1,7,New
17886,32,3,869.28,4,3,3,10,Potential
17887,129,1,111.35,2,1,1,4,Hibernating
17888,21,8,515.73,4,5,3,12,Loyal
17889,212,2,201.37,1,3,1,5,Regular
17890,323,2,586.89,1,3,3,7,At Risk
17891,162,1,203.86,2,1,1,4,Hibernating
17892,56,3,244.1,3,3,2,8,Regular
17893,225,1,107.21,1,1,1,3,Hibernating
17894,72,8,1118.54,2,5,4,11,At Risk
17895,44,1,95.45,3,1,1,5,Regular
17896,23,1,256.32,4,1,2,7,New
17897,173,3,516.31,2,3,3,8,At Risk
17898,85,2,152.06,2,3,1,6,Regular
17899,159,1,154.55,2,1,1,4,Hibernating
17900,190,2,15.0,1,3,1,5,Regular
17901,29,1,110.38,4,1,1,6,New
17904,21,1,168.32,4,1,1,6,New
17905,71,4,798.99,3,4,3,10,Loyal
17906,247,1,72.9,1,1,1,3,Hibernating
17908,374,1,232.03,1,1,1,3,Hibernating
17911,9,1,366.23,5,1,2,8,New
17912,310,5,294.66,1,4,2,7,Regular
17913,59,2,408.65,3,3,2,8,Regular
17914,4,1,329.36,5,1,2,8,New
17917,45,3,335.03,3,3,2,8,Regular
17919,88,1,1304.04,2,1,4,7,Hibernating
17920,4,17,4107.6,5,5,5,15,High Value
17921,64,4,820.23,3,4,3,10,Loyal
17923,282,1,207.5,1,1,1,3,Hibernating
17924,12,7,2894.33,5,5,5,15,High Value
17925,373,1,244.08,1,1,2,4,Hibernating
17926,133,2,397.29,2,3,2,7,Regular
17928,45,2,184.46,3,3,1,7,Regular
17929,11,4,834.5,5,4,3,12,Loyal
17930,36,5,1740.48,3,4,4,11,Loyal
17931,134,2,408.36,2,3,2,7,Regular
17932,29,3,1331.57,4,3,4,11,Potential
17934,52,2,704.25,3,3,3,9,Regular
17935,138,2,142.89,2,3,1,6,Regular
17936,5,1,380.13,5,1,2,8,New
17937,9,7,4301.22,5,5,5,15,High Value
17939,160,1,99.14,2,1,1,4,Hibernating
17940,49,9,2152.18,3,5,5,13,Loyal
17941,131,1,304.56,2,1,2,5,Hibernating
17942,8,1,77.5,5,1,1,7,New
17946,233,2,149.58,1,3,1,5,Regular
17947,37,1,176.68,3,1,1,5,Regular
17948,147,1,358.56,2,1,2,5,Hibernating
17949,1,44,53215.74,5,5,5,15,High Value
17950,72,3,472.12,2,3,3,8,At Risk
17951,40,3,990.84,3,3,4,10,Regular
17954,5,12,2276.78,5,5,5,15,High Value
17955,199,4,557.3,1,4,3,8,At Risk
17956,249,1,12.75,1,1,1,3,Hibernating
17957,66,1,110.72,3,1,1,5,Regular
17958,117,1,508.46,2,1,3,6,Hibernating
17960,171,1,73.78,2,1,1,4,Hibernating
17961,21,39,1296.44,4,5,4,13,High Value
17962,142,1,102.41,2,1,1,4,Hibernating
17964,32,2,463.21,4,3,2,9,Potential
17965,38,14,2599.19,3,5,5,13,Loyal
17966,38,5,1098.43,3,4,4,11,Loyal
17967,372,1,112.27,1,1,1,3,Hibernating
17968,374,1,265.1,1,1,2,4,Hibernating
17969,166,2,228.2,2,3,1,6,Regular
17970,211,1,562.79,1,1,3,5,Hibernating
17972,242,1,135.19,1,1,1,3,Hibernating
17973,52,1,337.04,3,1,2,6,Regular
17974,25,3,703.99,4,3,3,10,Potential
17975,15,13,4384.76,4,5,5,14,High Value
17976,372,1,321.79,1,1,2,4,Hibernating
17977,29,1,288.14,4,1,2,7,New
17978,365,1,300.92,1,1,2,4,Hibernating
17979,36,4,709.11,3,4,3,10,Loyal
17980,166,3,811.45,2,3,3,8,At Risk
17984,145,1,152.68,2,1,1,4,Hibernating
17985,22,1,631.35,4,1,3,8,New
17986,56,1,20.8,3,1,1,5,Regular
17987,185,1,198.57,1,1,1,3,Hibernating
17988,12,7,191.17,5,5,1,11,Loyal
17990,237,3,630.84,1,3,3,7,At Risk
17991,225,2,93.35,1,3,1,5,Regular
17994,122,4,626.09,2,4,3,9,At Risk
17995,282,1,76.1,1,1,1,3,Hibernating
17997,74,8,1520.47,2,5,4,11,At Risk
17999,37,2,380.39,3,3,2,8,Regular
18001,12,2,415.13,5,3,2,10,Potential
18004,362,1,157.92,1,1,1,3,Hibernating
18005,4,2,226.47,5,3,1,9,Potential
18006,23,1,444.68,4,1,2,7,New
18008,70,9,2116.19,3,5,5,13,Loyal
18009,235,1,242.29,1,1,1,3,Hibernating
18010,257,1,174.8,1,1,1,3,Hibernating
18011,373,1,102.79,1,1,1,3,Hibernating
18013,155,2,187.29,2,3,1,6,Regular
18014,28,1,154.27,4,1,1,6,New
18015,4,1,120.03,5,1,1,7,New
18016,32,5,1477.66,4,4,4,12,High Value
18017,81,3,523.0,2,3,3,8,At Risk
18018,108,2,122.14,2,3,1,6,Regular
18019,52,1,38.45,3,1,1,5,Regular
18022,36,1,612.72,3,1,3,7,Regular
18024,153,2,236.78,2,3,1,6,Regular
18027,99,1,115.31,2,1,1,4,Hibernating
18030,4,2,220.7,5,3,1,9,Potential
18032,334,1,73.5,1,1,1,3,Hibernating
18033,65,1,93.82,3,1,1,5,Regular
18034,22,2,418.68,4,3,2,9,Potential
18035,36,3,713.89,3,3,3,9,Regular
18036,32,3,403.12,4,3,2,9,Potential
18037,154,6,70.02,2,5,1,8,Regular
18040,19,2,357.2,4,3,2,9,Potential
18041,12,21,4075.12,5,5,5,15,High Value
18042,54,1,165.05,3,1,1,5,Regular
18043,25,3,529.29,4,3,3,10,Potential
18044,4,10,2085.65,5,5,5,15,High Value
18045,45,1,178.34,3,1,1,5,Regular
18048,203,2,172.29,1,3,1,5,Regular
18050,359,1,74.4,1,1,1,3,Hibernating
18053,71,1,297.07,3,1,2,6,Regular
18055,7,10,6729.29,5,5,5,15,High Value
18056,288,1,363.65,1,1,2,4,Hibernating
18058,10,1,170.16,5,1,1,7,New
18059,23,3,296.71,4,3,2,9,Potential
18061,22,10,2119.41,4,5,5,14,High Value
18062,173,3,720.52,2,3,3,8,At Risk
18064,133,2,814.0,2,3,3,8,At Risk
18065,6,14,2380.08,5,5,5,15,High Value
18066,75,1,318.0,2,1,2,5,Hibernating
18067,40,1,396.33,3,1,2,6,Regular
18068,289,1,101.7,1,1,1,3,Hibernating
18069,26,5,1994.39,4,4,4,12,High Value
18071,258,2,453.0,1,3,2,6,Regular
18072,186,1,12.24,1,1,1,3,Hibernating
18073,114,12,3846.74,2,5,5,12,At Risk
18074,374,1,489.6,1,1,3,5,Hibernating
18075,23,10,2538.72,4,5,5,14,High Value
18077,8,11,2584.41,5,5,5,15,High Value
18078,217,2,336.13,1,3,2,6,Regular
18079,45,4,3613.15,3,4,5,12,Loyal
18080,19,2,1231.5,4,3,4,11,Potential
18081,36,3,343.45,3,3,2,8,Regular
18082,26,1,680.84,4,1,3,8,New
18084,16,1,87.53,4,1,1,6,New
18085,330,2,689.95,1,3,3,7,At Risk
18086,274,1,101.34,1,1,1,3,Hibernating
18087,291,1,2917.32,1,1,5,7,Hibernating
18088,61,1,166.03,3,1,1,5,Regular
18092,2,11,9065.76,5,5,5,15,High Value
18093,93,4,2083.42,2,4,5,11,At Risk
18094,82,7,3017.3,2,5,5,12,At Risk
18095,313,2,580.05,1,3,3,7,At Risk
18096,12,3,849.06,5,3,3,11,Potential
18097,8,6,2657.45,5,5,5,15,High Value
18099,127,1,168.31,2,1,1,4,Hibernating
18101,11,2,222.4,5,3,1,9,Potential
18102,1,60,259657.3,5,5,5,15,High Value
18104,37,1,754.64,3,1,3,7,Regular
18105,38,1,113.48,3,1,1,5,Regular
18106,330,1,421.9,1,1,2,4,Hibernating
18108,254,1,264.65,1,1,2,4,Hibernating
18109,2,26,7877.27,5,5,5,15,High Value
18110,20,1,168.55,4,1,1,6,New
18112,12,2,352.69,5,3,2,10,Potential
18113,369,1,76.32,1,1,1,3,Hibernating
18114,290,1,220.1,1,1,1,3,Hibernating
18116,68,8,1399.51,3,5,4,12,Loyal
18117,26,1,314.4,4,1,2,7,New
18118,11,26,5564.63,5,5,5,15,High Value
18119,368,1,180.7,1,1,1,3,Hibernating
18120,214,1,111.15,1,1,1,3,Hibernating
18121,149,2,653.3,2,3,3,8,At Risk
18122,8,6,1791.84,5,5,4,14,High Value
18123,24,2,574.44,4,3,3,10,Potential
18125,30,4,1130.1,4,4,4,12,High Value
18126,61,1,198.58,3,1,1,5,Regular
18127,19,3,347.08,4,3,2,9,Potential
18129,243,1,112.55,1,1,1,3,Hibernating
18130,15,3,1045.74,4,3,4,11,Potential
18133,212,1,931.5,1,1,4,6,Hibernating
18135,29,5,681.91,4,4,3,11,Loyal
18136,63,3,761.83,3,3,3,9,Regular
18138,295,1,152.65,1,1,1,3,Hibernating
18139,18,6,8438.34,4,5,5,14,High Value
18142,157,2,1014.9,2,3,4,9,At Risk
18143,117,2,1000.16,2,3,4,9,At Risk
18144,8,12,2888.75,5,5,5,15,High Value
18145,13,4,2861.55,5,4,5,14,High Value
18146,141,2,160.35,2,3,1,6,Regular
18147,46,2,179.34,3,3,1,7,Regular
18149,51,3,612.08,3,3,3,9,Regular
18150,32,3,566.58,4,3,3,10,Potential
18151,135,2,653.35,2,3,3,8,At Risk
18154,3,2,399.19,5,3,2,10,Potential
18155,75,3,347.82,2,3,2,7,Regular
18156,13,2,675.64,5,3,3,11,Potential
18158,9,2,451.75,5,3,2,10,Potential
18159,301,1,530.15,1,1,3,5,Hibernating
18160,57,2,638.06,3,3,3,9,Regular
18161,15,5,1612.79,4,4,4,12,High Value
18164,37,1,394.7,3,1,2,6,Regular
18165,177,1,302.46,2,1,2,5,Hibernating
18167,23,3,1361.51,4,3,4,11,Potential
18168,176,6,1123.74,2,5,4,11,At Risk
18169,61,1,202.65,3,1,1,5,Regular
18170,33,3,980.31,3,3,4,10,Regular
18171,59,5,1208.51,3,4,4,11,Loyal
18172,15,20,7490.17,4,5,5,14,High Value
18173,87,4,2106.84,2,4,5,11,At Risk
18174,7,1,104.0,5,1,1,7,New
18176,358,1,448.65,1,1,2,4,Hibernating
18177,31,6,1313.62,4,5,4,13,High Value
18178,129,4,1573.41,2,4,4,10,At Risk
18179,9,6,1793.17,5,5,4,14,High Value
18180,5,6,1843.75,5,5,4,14,High Value
18181,24,1,366.85,4,1,2,7,New
18183,227,2,600.52,1,3,3,7,At Risk
18184,15,1,49.8,4,1,1,6,New
18185,249,1,304.25,1,1,2,4,Hibernating
18188,15,3,1998.49,4,3,4,11,Potential
18189,78,2,1084.34,2,3,4,9,At Risk
18190,192,2,274.51,1,3,2,6,Regular
18191,262,1,207.8,1,1,1,3,Hibernating
18192,72,1,957.97,2,1,4,7,Hibernating
18193,165,1,212.96,2,1,1,4,Hibernating
18194,82,1,896.0,2,1,3,6,Hibernating
18196,95,2,686.63,2,3,3,8,At Risk
18198,4,17,5083.06,5,5,5,15,High Value
18200,106,1,150.35,2,1,1,4,Hibernating
18202,200,3,1396.99,1,3,4,8,At Risk
18203,157,1,160.42,2,1,1,4,Hibernating
18204,71,3,1960.95,3,3,4,10,Regular
18205,36,2,517.36,3,3,3,9,Regular
18209,29,1,139.1,4,1,1,6,New
18210,2,6,2621.38,5,5,5,15,High Value
18211,26,5,600.07,4,4,3,11,Loyal
18212,326,1,216.07,1,1,1,3,Hibernating
18213,237,1,232.48,1,1,1,3,Hibernating
18215,89,1,299.34,2,1,2,5,Hibernating
18216,31,1,481.75,4,1,3,8,New
18217,29,2,621.75,4,3,3,10,Potential
18218,211,2,606.22,1,3,3,7,At Risk
18219,3,10,2019.77,5,5,5,15,High Value
18220,227,1,297.78,1,1,2,4,Hibernating
18221,22,5,1033.31,4,4,4,12,High Value
18222,93,1,443.0,2,1,2,5,Hibernating
18223,5,14,6318.07,5,5,5,15,High Value
18224,264,1,158.95,1,1,1,3,Hibernating
18225,3,12,5356.86,5,5,5,15,High Value
18226,44,11,5192.1,3,5,5,13,Loyal
18227,218,1,93.75,1,1,1,3,Hibernating
18228,57,2,769.2,3,3,3,9,Regular
18229,12,20,7276.9,5,5,5,15,High Value
18230,9,7,2716.6,5,5,5,15,High Value
18231,192,5,2054.67,1,4,5,10,At Risk
18232,82,4,582.47,2,4,3,9,At Risk
18233,326,1,440.0,1,1,2,4,Hibernating
18235,72,3,1796.48,2,3,4,9,At Risk
18236,30,6,882.24,4,5,3,12,Loyal
18237,3,5,987.1,5,4,4,13,High Value
18239,219,5,1561.61,1,4,4,9,At Risk
18240,46,1,422.58,3,1,2,6,Regular
18241,10,17,2058.09,5,5,5,15,High Value
18242,72,4,2232.49,2,4,5,11,At Risk
18245,7,7,2507.56,5,5,5,15,High Value
18246,24,2,596.1,4,3,3,10,Potential
18248,123,2,783.02,2,3,3,8,At Risk
18249,17,1,95.34,4,1,1,6,New
18250,310,1,342.92,1,1,2,4,Hibernating
18251,87,1,4314.72,2,1,5,8,Hibernating
18252,51,2,518.27,3,3,3,9,Regular
18255,89,1,103.3,2,1,1,4,Hibernating
18257,39,8,2274.03,3,5,5,13,Loyal
18259,25,3,2338.6,4,3,5,12,Potential
18260,173,6,2580.15,2,5,5,12,At Risk
18261,43,2,324.24,3,3,2,8,Regular
18262,140,1,149.48,2,1,1,4,Hibernating
18263,26,3,1211.08,4,3,4,11,Potential
18265,72,2,801.51,2,3,3,8,At Risk
18269,366,1,138.9,1,1,1,3,Hibernating
18270,38,2,244.9,3,3,2,8,Regular
18272,3,6,3064.78,5,5,5,15,High Value
18273,2,3,204.0,5,3,1,9,Potential
18276,44,1,323.36,3,1,2,6,Regular
18277,58,1,97.63,3,1,1,5,Regular
18278,74,1,173.9,2,1,1,4,Hibernating
18280,278,1,180.6,1,1,1,3,Hibernating
18281,181,1,80.82,1,1,1,3,Hibernating
18282,8,2,176.6,5,3,1,9,Potential
18283,4,16,2039.58,5,5,5,15,High Value
18287,43,3,1837.28,3,3,4,10,Regular
